id,gender,age,brand,feedback
1,female,65+,A,Taste is nice but it's a bit pricey. Hope you keep the quality consistent.
2,female,65+,B,My morning feels incomplete without it. Customer service was gr8 too. 👍
3,female,65+,A,Love this coffee. Not bad at all tbh. 👎
4,male,45-64,A,Expected better 👍
5,female,45-64,A,Worth every penny. 😕
6,female,65+,B,Taste is nice but it's a bit pricey. Delivery was really fast. ☕
7,female,65+,B,Coffee arrived stale. Customer service was great too.
8,female,45-64,A,Packaging could be better. Please introduce more roast options. 🤔
9,male,18-24,B,Coffee arrived stale. Please introduce more roast options. 👎
10,male,65+,B,Coffee arrived stale. imo it's one of the better brands. 👌
11,female,45-64,B,Coffee arrived stale. Customer service was gr8 too.
12,female,18-24,A,Wouldn't buy again. 😕
13,male,25-44,A,Works great with milk but black coffee isn't my favourite. imo it's one of the better brands. 😋
14,female,45-64,A,Way too expensive. imo it's one of the better brands. 😋
15,female,65+,A,Meh. 🤔
16,male,45-64,A,Works great with milk but black coffee isn't my favourite. imo it's one of the better brands. ❤️
17,male,65+,A,"Love the aroma, not a fan of the aftertaste. 😍"
18,female,65+,A,Bit disappointed. Would recommend it to friends. 🤔
19,male,65+,A,Too bitter for me. ngl I expected more.
20,male,18-24,B,Expected better. Hope you keep the qualty consistent.
21,male,25-44,B,Best coffee I've had in a while. 🤔
22,female,18-24,B,Really enjoying Coffee X. Hope you keep the qualty consistent.
23,female,25-44,B,Bit disappointed. Please introduce more roast options. 😋
24,female,65+,A,Bit disappointed. Delivery was really fast.
25,female,25-44,B,Could be better. ☕
26,male,25-44,B,Way too expensive. Customer service was great too.
27,female,18-24,B,Very balanced flavour 👍
28,male,45-64,A,Works great with milk but black coffee isn't my favourite. 🤔
29,female,25-44,B,Coffee arrived stale. imo it's one of the better brands. ☕
30,male,18-24,A,The beans smell fantastic. Please introduce more roast options.
31,male,25-44,A,Works great with milk but black coffee isn't my favourite. Hope you keep the quality consistent.
32,female,65+,A,It's okay. 🤔
33,male,45-64,B,Meh. 👎
34,female,25-44,A,I'll definitely buy again 😕
35,female,25-44,B,Taste is kinda weak. Delivery was really fast.
36,male,18-24,B,rly enjoying Coffee X. Delivery was really fast. 👌
37,female,65+,A,Packaging looks premium but freshness could improve. Would love a decaf version. 😕
38,female,45-64,A,Didn't enjoy the aftertaste. I drink it every morning. 😍
39,female,25-44,B,Best coffee I've had in a while 😅
40,male,18-24,B,Pretty good overall although I expected a stronger roast. 😕
41,male,45-64,B,The beans smell fantastic. ngl I expected more. 👎
42,male,45-64,A,Works great with milk but black coffee isn't my favourite. Not bad at all tbh. 😕
43,male,25-44,A,Coffee arrived stale. Please introduce more roast options.
44,female,25-44,B,coffe arrived stale. 😅
45,female,25-44,B,Works great with milk but black coffe isn't my favourite. Delivery was really fast.
46,female,18-24,A,Worth every penny. Hope you keep the quality consistent. 😅
47,female,25-44,A,I'll definitely buy again. Customer service was great too.
48,female,45-64,A,"Love the aroma, not a fan of the aftertaste. Hope you keep the quality consistent."
49,female,25-44,B,Too bitter for me. Hope you keep the qualty consistent.
50,female,45-64,B,Coffee arrived stale. ngl I expected more.
51,male,25-44,A,Not as fresh as expected. I drink it every morning. ❤️
52,female,18-24,B,Love it ☕ 👎
53,female,65+,B,Really enjoying Coffee X. I drink it every morning. 👍
54,female,18-24,B,Way too expensive. imo it's one of the better brands.
55,female,45-64,B,Bit disappointed. Would recommend it to friends. ❤️
56,male,18-24,A,Love this coffee. imo it's one of the better brands. ❤️
57,female,25-44,A,The beans smell fantastic. I drink it every morning.
58,female,25-44,A,Didn't enjoy the aftertaste. Hope you keep the qualty consistent.
59,male,18-24,B,Best coffee I've had in a while ❤️
60,female,25-44,A,Bit disappointed. ngl I expected more. ❤️
61,female,45-64,B,Not as fresh as expected. Please introduce more roast options. 👍
62,male,18-24,A,Really enjoying Coffee X. I drink it every morning.
63,female,18-24,A,The beans smell fantastic. Would recommend it to friends. 😕
64,male,18-24,A,Taste is nice but it's a bit pricey. Would recommend it to friends. ❤️
65,female,25-44,B,Packaging looks premium but freshness could improve. 😋
66,male,45-64,B,Didn't enjoy the aftertaste. Delivery was really fast. ❤️
67,female,25-44,B,My morning feels incomplete without it. ngl I expected more. 😋
68,female,25-44,B,Wouldn't buy again. ngl I expected more.
69,male,65+,B,Expected better. Hope you keep the quality consistent.
70,female,18-24,A,Very balanced flavour. ngl I expected more. ☕
71,female,45-64,A,Not as fresh as expected. Delivery was really fast. ❤️
72,female,18-24,B,Works gr8 with milk but black cofee isn't my favourite. Hope you keep the quality consistent.
73,male,25-44,A,Amazing aroma. 👌
74,male,65+,A,My morning feels incomplete without it. Not bad at all tbh. 👍
75,male,45-64,B,Very balanced flavour. Customer service was gr8 too.
76,female,65+,A,realy enjoying Coffee X. Not bad at all tbh.
77,male,18-24,A,The beans smell fantastic. Would love a decaf version. 👍
78,female,45-64,B,Love it ☕ 🤔
79,female,18-24,B,Amazing 😍 😍
80,female,45-64,B,Really enjoying Coffee X. Hope you keep the quality consistent. 😅
81,female,45-64,B,Works great with milk but black cofee isn't my favourite.
82,male,18-24,B,Too bitter for me 😅
83,female,65+,A,Amazing 😍 😊
84,female,45-64,B,Coffee arrived stale 😋
85,male,18-24,A,"Love the aroma, not a fan of the aftertaste. Not bad at all tbh. 😍"
86,male,45-64,A,I'll definitely buy again. imo it's one of the better brands. 🤔
87,female,45-64,A,Pretty good overall although I expected a stronger roast. 😍
88,male,45-64,B,Taste is nice but it's a bit pricey. Customer service was great too. 👍
89,male,65+,A,Very balanced flavour 🤔
90,female,45-64,B,Bit disappointed. I drink it every morning. 🤔
91,female,65+,A,Too expensive 😕 😍
92,female,65+,B,I'll definitely buy again. I drink it every morning. 🤔
93,female,45-64,A,coffe arrived stale. imo it's one of the better brands.
94,female,45-64,B,It's okay. 😅
95,female,25-44,A,Pretty good overall although I expected a stronger roast. Delivery was really fast.
96,female,45-64,A,Amazing aroma. Would recommend it to friends. ❤️
97,male,65+,A,Way too expensive. ngl I expected more.
98,female,25-44,A,Works gr8 with milk but black coffee isn't my favourite. ❤️
99,male,25-44,A,Best coffee I've had in a while. ngl I expected more. 😍
100,male,45-64,B,Not bad. ☕
101,female,18-24,A,Packaging looks premium but freshness could improve. 😅
102,female,25-44,A,Wouldn't buy again. Please introduce more roast options.
103,female,25-44,B,I'll definitely buy again. Not bad at all tbh. 🤔
104,female,45-64,B,Love this coffee. imo it's one of the better brands. 😊
105,female,45-64,B,"Love the aroma, not a fan of the aftertaste. Would recommend it to friends."
106,female,18-24,B,I'll definitely buy again. ❤️
107,female,18-24,A,Way too expensive. Hope you keep the quality consistent. 😋
108,female,18-24,A,Amazing aroma. 👎
109,female,18-24,B,Really enjoying Coffee X. imo it's one of the better brands. 👎
110,female,65+,A,Not as fresh as expected. Hope you keep the quality consistent.
111,male,45-64,A,Works gr8 with milk but black coffee isn't my favourite. I drink it every morning. ☕
112,female,25-44,B,My morning feels incomplete without it 😋
113,male,18-24,B,Love this coffee. I drink it every morning. ❤️
114,female,18-24,B,Pretty good! 🤔
115,male,45-64,B,Very balanced flavour. Would recommend it to friends. 😋
116,male,18-24,A,Taste is kinda weak. Would love a decaf version. 👌
117,male,18-24,B,I'll definitely buy again. Not bad at all tbh. 😅
118,female,25-44,A,Very balanced flavour. Please introduce more roast options.
119,male,18-24,A,Didn't enjoy the aftertaste 😅
120,female,65+,B,Amazing 😍 ❤️
121,male,45-64,B,Taste is nice but it's a bit pricey. 👌
122,female,25-44,A,Amazing aroma 🤔
123,female,65+,A,Amazing 😍 😕
124,female,65+,B,Expected better. 🤔
125,male,18-24,B,The beans smell fantastic. Would reccomend it to friends. ☕
126,female,65+,B,Works gr8 with milk but black coffee isn't my favourite. 👍
127,male,65+,B,Taste is kinda weak. Customer service was great too. 🤔
128,female,25-44,A,Taste is nice but it's a bit pricey. 👍
129,female,45-64,A,Really enjoying Coffee X. Not bad at all tbh. 😅
130,female,65+,B,Didn't enjoy the aftertaste. Customer service was great too.
131,female,65+,A,Taste is nice but it's a bit pricey. Would recommend it to friends. 😍
132,male,18-24,B,Bit disappointed. Hope you keep the quality consistent. 👍
133,female,18-24,B,Expected better. Customer service was great too. 😅
134,male,65+,A,Best cofee I've had in a while 😕
135,male,65+,A,Packaging looks premium but freshness could improve. Would love a decaf version. 👌
136,female,65+,B,Didn't enjoy the aftertaste. Please introduce more roast options. 😋
137,female,65+,B,"Love the aroma, not a fan of the aftertaste. Please introduce more roast options. 😅"
138,female,45-64,A,Not as fesh as expected. Not bad at all tbh. ❤️
139,male,25-44,B,realy enjoying Coffee X. Please introduce more roast options.
140,female,65+,B,"Love the aroma, not a fan of the aftertaste. Would love a decaf version. 😋"
141,female,18-24,B,I'll definitely buy again 😅
142,male,65+,B,Really enjoying coffe X. Would recommend it to friends.
143,male,45-64,A,Expected better. ❤️
144,female,25-44,A,Best coffee I've had in a while. Customer service was great too.
145,female,18-24,A,Very balanced flavour 😋
146,female,25-44,A,I'll definitely buy again ❤️
147,female,65+,B,Too bitter for me. Not bad at all tbh. 😕
148,female,65+,A,Really enjoying Coffee X. Delivery was really fast. 😍
149,male,18-24,B,Coffee arrived stale. I drink it every morning.
150,male,25-44,B,Best cofee I've had in a while. Delivery was really fast. 👍
151,female,25-44,A,Worth every penny. ngl I expected more. 😕
152,female,18-24,B,Bit disappointed. Would recommend it to friends. 👎
153,male,65+,B,Love this cofee Please introduce more roast options.
154,female,45-64,A,Love this coffee 😊
155,male,25-44,A,Best cofee I've had in a while. Customer service was gr8 too.
156,male,25-44,B,Packaging could be better. Hope you keep the qualty consistent. 😊
157,male,18-24,B,Wouldn't buy again. ngl I expected more. ☕
158,male,65+,B,Works gr8 with milk but black coffee isn't my favourite. I drink it every morning.
159,female,25-44,B,Taste is nice but it's a bit pricey. Would love a decaf version. ☕
160,male,45-64,B,Pretty good overall although I expected a stronger roast. Would recommend it to friends. 🤔
161,female,45-64,A,Too expensive 😕 👍
162,male,65+,B,Taste is kinda weak 👍
163,female,65+,A,Taste is nice but it's a bit pricey. 👎
164,male,65+,A,Pretty good overall although I expected a stronger roast. Please introduce more roast options. 😅
165,male,65+,B,Too expensive 😕 😊
166,female,18-24,A,I'll definitely buy again. Not bad at all tbh.
167,female,18-24,A,Too bitter for me. ngl I expected more. 😅
168,male,65+,A,Coffee arrived stale. Would love a decaf version. 😊
169,female,18-24,B,Worth every penny. I drink it every morning.
170,female,45-64,B,Really enjoying coffe X
171,female,18-24,A,Expected better. imo it's one of the better brands. 😋
172,female,25-44,A,Packaging looks premium but freshness could improve. imo it's one of the better brands.
173,male,45-64,A,Amazing 😍 🤔
174,female,65+,B,The beans smell fantastic. 😕
175,male,45-64,A,The beans smell fantastic. ngl I expected more. 😋
176,female,25-44,A,Best coffee I've had in a while. Customer service was great too. 👎
177,male,65+,A,Not as fresh as expected. 😅
178,male,65+,A,Amazing aroma. Hope you keep the quality consistent. ❤️
179,male,18-24,B,Really enjoying Coffee X. ngl I expected more. 👌
180,male,25-44,B,Worth every penny. I drink it every morning. ☕
181,male,18-24,A,Packaging could be better. Delivery was rly fast.
182,male,65+,B,Really enjoying Coffee X. Not bad at all tbh. 😕
183,female,18-24,A,Bit disappointed. Please introduce more roast options. 👌
184,male,45-64,B,Expected better. Not bad at all tbh. ❤️
185,male,65+,B,Works great with milk but black coffee isn't my favourite. Would recommend it to friends.
186,female,45-64,A,Best coffee I've had in a while. Please introduce more roast options.
187,female,25-44,A,Expected better. Please introduce more roast options. 😍
188,male,65+,A,Wouldn't buy again. Would love a decaf version.
189,female,18-24,A,Amazing 😍 👌
190,female,45-64,B,"Love the aroma, not a fan of the aftertaste."
191,male,18-24,B,Too bitter for me. Not bad at all tbh. 👌
192,female,45-64,B,Worth every penny. Customer service was great too. 😅
193,female,25-44,A,The beans smell fantastic. 👍
194,female,25-44,B,"Love the aroma, not a fan of the aftertaste. Please introduce more roast options. 😕"
195,female,18-24,B,Really enjoying Coffee X. 😅
196,female,18-24,B,Bit disappointed. imo it's one of the better brands.
197,male,45-64,B,Worth every penny. Please introduce more roast options.
198,female,45-64,B,"Love the aroma, not a fan of the aftertaste. ngl I expected more. 👎"
199,male,45-64,A,Pretty good overall although I expected a stronger roast. Delivery was rly fast. 😊
200,female,65+,B,Super smooth taste. Delivery was really fast. 😋
201,female,18-24,B,My morning feels incomplete without it 😍
202,female,25-44,B,Taste is nice but it's a bit pricey. Delivery was really fast. 😕
203,female,45-64,B,Really enjoying Coffee X. Please introduce more roast options.
204,female,65+,A,Not as fresh as expected. Not bad at all tbh.
205,male,45-64,A,Amazing 😍
206,female,65+,A,10/10 ❤️ 👌
207,female,18-24,A,Way too expensive. Customer service was great too. 👎
208,male,18-24,B,Taste is kinda weak. Would love a decaf version. 😕
209,female,18-24,B,I'll definitely buy again. ngl I expected more. 😕
210,male,25-44,B,Not bad. 😍
211,female,25-44,A,The beans smell fantastic. 🤔
212,male,25-44,A,It's okay. 👌
213,female,18-24,A,Pretty good overall although I expected a stronger roast. Not bad at all tbh. ☕
214,female,65+,B,Wouldn't buy again. Not bad at all tbh.
215,male,45-64,B,Bit disappointed. imo it's one of the better brands. 👍
216,female,45-64,A,The beans smell fantastic
217,male,25-44,B,Best cofee I've had in a while. I drink it every morning.
218,female,45-64,A,Works great with milk but black cofee isn't my favourite. imo it's one of the better brands.
219,female,18-24,A,Didn't enjoy the aftertaste. Would recommend it to friends. 👍
220,male,25-44,A,Best cofee I've had in a while. Not bad at all tbh.
221,male,65+,A,Love this cofee 👍
222,male,18-24,B,Very balanced flavour. Not bad at all tbh. 😍
223,male,45-64,B,Coffee arrived stale
224,female,25-44,B,Super smooth taste. I drink it every morning. 👎
225,male,65+,B,Best coffe I've had in a while. 🤔
226,male,45-64,A,I'll definitely buy again. Would recommend it to friends. 👌
227,male,18-24,A,Love this coffee. Not bad at all tbh. 😍
228,female,65+,A,Too bitter for me. I drink it every morning. ❤️
229,female,65+,A,Love this coffee. Please introduce more roast options. 😅
230,male,45-64,A,I'll definitely buy again 👎
231,male,18-24,B,Yumm 😋 ☕
232,female,65+,B,Best cofee I've had in a while. 👍
233,female,25-44,B,Too bitter for me. Customer service was great too.
234,male,25-44,A,Bit disappointed. I drink it every morning. 😋
235,male,25-44,A,Really enjoying Coffee X. Please introduce more roast options. 🤔
236,male,65+,A,Super smooth taste. Delivery was really fast. ☕
237,female,65+,B,Way too expensive. Not bad at all tbh.
238,male,45-64,A,Expected better. 😕
239,male,65+,B,Really enjoying cofee X 😍
240,female,25-44,A,Best coffee I've had in a while. I drink it every morning. 👎
241,female,18-24,A,Expected better
242,female,25-44,A,10/10 ❤️ 😕
243,male,65+,B,Love it ☕
244,female,25-44,B,The beans smell fantastic. Customer service was great too. 👎
245,female,65+,B,Really enjoying Coffee X. Hope you keep the qualty consistent. 🤔
246,female,25-44,B,Wouldn't buy again. imo it's one of the better brands.
247,male,25-44,A,Works gr8 with milk but black coffee isn't my favourite. Customer service was gr8 too.
248,female,45-64,B,Amazing aroma. Delivery was really fast. ☕
249,female,45-64,A,I'll definitely buy again. Please introduce more roast options. 😕
250,female,65+,A,Taste is nice but it's a bit pricey. Would recommend it to friends. ☕
251,male,18-24,B,I'll definitely buy again. 😊
252,female,18-24,B,I'll definately buy again. Customer service was great too.
253,female,65+,B,The beans smell fantastic. I drink it every morning. 😕
254,male,25-44,B,Too bitter for me ☕
255,female,18-24,A,Amazing aroma. imo it's one of the better brands. ❤️
256,female,18-24,B,Taste is nice but it's a bit pricey. Would recommend it to friends. 😊
257,female,25-44,A,Taste is kinda weak 😍
258,female,45-64,A,Not as fresh as expected. ngl I expected more. ❤️
259,female,45-64,A,My morning feels incomplete without it. I drink it every morning.
260,male,45-64,A,I'll definitely buy again. Delivery was really fast.
261,female,65+,A,Very balanced flavour. Delivery was really fast.
262,male,45-64,B,I'll definetly buy again.
263,male,25-44,A,Best coffee I've had in a while. imo it's one of the better brands. 😅
264,female,45-64,B,Way too expensive. 🤔
265,female,25-44,A,Didn't enjoy the aftertaste. 😋
266,male,65+,A,Worth every penny. Delivery was really fast. 👌
267,male,45-64,B,Love this coffee. ngl I expected more. 🤔
268,female,65+,B,Super smooth taste. 😅
269,male,25-44,A,Very balanced flavour. Hope you keep the quality consistent.
270,female,45-64,B,Very balanced flavour. 😍
271,male,45-64,A,Works great with milk but black coffee isn't my favourite. Delivery was really fast. 😋
272,female,25-44,A,Best coffee I've had in a while. Not bad at all tbh. ☕
273,male,65+,A,Love this coffe Would recomend it to friends.
274,male,18-24,A,"Love the aroma, not a fan of the aftertaste. I drink it every morning."
275,male,18-24,B,realy enjoying Coffee X. Would recommend it to friends. 😊
276,female,18-24,A,Taste is nice but it's a bit pricey. Would recommend it to friends. 🤔
277,male,18-24,B,I'll definitely buy again. I drink it every morning. ☕
278,male,25-44,A,Worth every penny. Not bad at all tbh. 😅
279,male,25-44,A,Packaging could be better. Not bad at all tbh. 🤔
280,male,45-64,A,Amazing 😍 😋
281,male,65+,A,Could be better. 👎
282,male,65+,B,Best coffee I've had in a while. Please introduce more roast options. ☕
283,male,18-24,B,Bit disappointed. Would love a decaf version.
284,male,45-64,A,Worth every penny. I drink it every morning. 😕
285,female,18-24,A,Pretty good overall although I expected a stronger roast. Hope you keep the quality consistent. 😅
286,female,18-24,B,Taste is nice but it's a bit pricey. 😅
287,male,45-64,B,Coffee arrived stale. Customer service was great too. ☕
288,male,65+,A,It's okay. 😊
289,male,18-24,B,Best coffee I've had in a while. Please introduce more roast options. 👍
290,female,25-44,B,Worth every penny
291,female,25-44,A,Packaging looks premium but freshness could improve. Hope you keep the quality consistent. ❤️
292,male,25-44,B,The beans smell fantastic. imo it's one of the better brands. 👎
293,female,45-64,B,I'll definitely buy again. 😕
294,female,45-64,A,Wouldn't buy again. Not bad at all tbh. ❤️
295,female,25-44,A,I'll definitely buy again ☕
296,female,65+,B,Love it ☕ 😕
297,female,65+,B,Taste is kinda weak. Would recommend it to friends. 👍
298,female,18-24,A,Meh. ❤️
299,female,65+,B,My morning feels incomplete without it. Would recommend it to friends. 👌
300,female,25-44,B,Expected better. Delivery was really fast. 😋
301,female,65+,B,Really enjoying coffe X. ngl I expected more.
302,male,18-24,A,Amazing aroma. 😍
303,female,65+,A,Too bitter for me. Hope you keep the quality consistent. ☕
304,female,25-44,A,Pretty good overall although I expected a stronger roast.
305,female,65+,B,Amazing aroma. Delivery was realy fast.
306,female,25-44,B,Love this coffee. imo it's one of the better brands. 🤔
307,female,65+,A,Really enjoying Coffee X. imo it's one of the better brands. ☕
308,male,65+,A,Super smooth taste. imo it's one of the better brands. 😕
309,male,18-24,B,Bit disappointed. Would recommend it to friends. 😕
310,female,25-44,B,Best coffee I've had in a while ☕
311,male,45-64,A,The beans smell fantastic. I drink it every morning. 👍
312,male,25-44,B,realy enjoying Coffee X. 👌
313,male,18-24,B,Not as fesh as expected 😋
314,female,18-24,A,Taste is kinda weak. ❤️
315,female,45-64,A,The beans smell fantastic. Customer service was gr8 too.
316,male,25-44,B,I'll definitely buy again. Please introduce more roast options. ❤️
317,female,45-64,A,My morning feels incomplete without it. imo it's one of the better brands.
318,male,18-24,B,Best coffee I've had in a while. 😊
319,female,45-64,B,My morning feels incomplete without it. imo it's one of the better brands. 🤔
320,male,45-64,A,Not as fresh as expected. ngl I expected more. 😍
321,female,18-24,B,"Love the aroma, not a fan of the aftertaste. Customer service was great too. 😋"
322,female,65+,B,Best coffee I've had in a while. Would recommend it to friends.
323,male,65+,A,Taste is kinda weak. ngl I expected more. 😅
324,male,18-24,B,Best coffee I've had in a while. Would love a decaf version. 👌
325,female,65+,A,Works great with milk but black coffee isn't my favourite. I drink it every morning.
326,male,25-44,A,Too bitter for me. Please introduce more roast options. ❤️
327,male,18-24,B,Pretty good!
328,male,65+,B,Really enjoying cofee X.
329,male,18-24,A,Pretty good! 👎
330,female,25-44,B,Bit disappointed. Delivery was really fast. 👎
331,male,25-44,B,Pretty good overall although I expected a stronger roast. Not bad at all tbh. 🤔
332,female,45-64,A,Could be better. 🤔
333,male,25-44,A,Pretty good overall although I expected a stronger roast. Not bad at all tbh. 😋
334,female,65+,A,Really enjoying Coffee X. Customer service was great too.
335,male,45-64,A,Wouldn't buy again. ngl I expected more. 😍
336,male,18-24,A,Amazing aroma. Delivery was really fast.
337,female,45-64,B,Amazing aroma. 🤔
338,male,18-24,A,Way too expensive. 👌
339,female,18-24,B,Love this coffee. Please introduce more roast options. 😍
340,male,45-64,B,rly enjoying Coffee X. imo it's one of the better brands. 😋
341,female,25-44,B,Taste is kinda weak. Would recommend it to friends.
342,female,65+,A,Packaging could be better. Please introduce more roast options. 😕
343,male,45-64,A,Really enjoying Coffee X. 😋
344,male,18-24,A,Taste is kinda weak. 🤔
345,female,25-44,B,Wouldn't buy again. 😅
346,female,18-24,A,Didn't enjoy the aftertaste. imo it's one of the better brands. 👍
347,male,65+,A,Super smooth taste 😕
348,female,25-44,A,Best coffee I've had in a while. ngl I expected more.
349,female,18-24,B,Love this coffee. Would reccomend it to friends.
350,male,65+,A,"Love the aroma, not a fan of the aftertaste. Not bad at all tbh."
351,male,18-24,A,Bit disappointed. Not bad at all tbh.
352,female,25-44,B,Amazing 😍 👍
353,male,45-64,A,I'll definitely buy again. Would recommend it to friends.
354,male,18-24,A,Amazing aroma. ngl I expected more. 🤔
355,female,45-64,B,Works great with milk but black coffee isn't my favourite. 😋
356,female,65+,B,Taste is nice but it's a bit pricey. imo it's one of the better brands. 😊
357,male,65+,B,Love this coffee. Delivery was really fast. 😊
358,male,65+,A,Expected better. Not bad at all tbh.
359,female,45-64,B,Didn't enjoy the aftertaste. Not bad at all tbh. 🤔
360,female,18-24,B,My morning feels incomplete without it. Would recommend it to friends. 😊
361,male,65+,B,Worth every penny 😋
362,male,65+,B,Taste is kinda weak. imo it's one of the better brands. 🤔
363,male,65+,B,Taste is kinda weak ❤️
364,female,45-64,A,Taste is nice but it's a bit pricey. ngl I expected more.
365,male,18-24,A,Love it ☕ ☕
366,male,18-24,A,Best coffee I've had in a while. Would love a decaf version. 👎
367,female,45-64,B,Very balanced flavour. imo it's one of the better brands. 😅
368,male,45-64,B,Too bitter for me. Please introduce more roast options. 😕
369,female,45-64,B,Pretty good overall although I expected a stronger roast. ngl I expected more. ❤️
370,male,18-24,B,Very balanced flavour. Hope you keep the quality consistent. ❤️
371,male,45-64,B,Amazing aroma. Customer service was great too. 😍
372,female,25-44,B,Very balanced flavour. Not bad at all tbh.
373,male,65+,A,Love it ☕ 😋
374,female,65+,A,Not bad. 😊
375,female,18-24,B,The beans smell fantastic. Not bad at all tbh. 👎
376,male,25-44,A,Taste is kinda weak. Customer service was great too.
377,male,65+,A,Really enjoying Coffee X. Delivery was really fast.
378,female,65+,B,Packaging looks premium but freshness could improve. 😊
379,male,25-44,A,Expected better. Customer service was great too.
380,female,65+,B,Packaging looks premium but freshness could improve. Delivery was really fast.
381,male,18-24,A,Wouldn't buy again 🤔
382,male,65+,A,Coffee arrived stale. 👍
383,male,25-44,A,Packaging looks premium but freshness could improve. Please introduce more roast options. 👍
384,female,45-64,A,Works gr8 with milk but black coffe isn't my favourite. Would recommend it to friends.
385,female,18-24,B,Taste is nice but it's a bit pricey. ngl I expected more. ❤️
386,female,45-64,B,The beans smell fantastic. Hope you keep the qualty consistent.
387,male,25-44,B,I'll definitely buy again. Hope you keep the quality consistent. 😋
388,female,45-64,B,"Love the aroma, not a fan of the aftertaste. Customer service was great too. 😕"
389,female,18-24,A,Not as fresh as expected. Customer service was great too. 👎
390,male,18-24,B,Didn't enjoy the aftertaste. ngl I expected more.
391,male,45-64,B,Not bad. 😋
392,female,25-44,B,Taste is nice but it's a bit pricey. I drink it every morning.
393,female,45-64,B,Love this coffee. imo it's one of the better brands. 👌
394,male,65+,A,Taste is nice but it's a bit pricey. Delivery was really fast. 😋
395,male,65+,B,Taste is nice but it's a bit pricey. I drink it every morning. ❤️
396,male,45-64,B,Packaging could be better. ngl I expected more. ❤️
397,female,45-64,A,Works great with milk but black coffee isn't my favourite. 😍
398,female,18-24,A,Really enjoying Coffee X. Would love a decaf version. 😅
399,male,25-44,B,Too bitter for me. Customer service was great too. 👌
400,male,65+,A,Taste is kinda weak.
401,male,45-64,A,Really enjoying Coffee X. 😍
402,female,25-44,B,Way too expensive. Would love a decaf version. ❤️
403,female,18-24,A,Amazing aroma. Please introduce more roast options.
404,male,25-44,B,"Love the aroma, not a fan of the aftertaste. Would love a decaf version. 😅"
405,male,45-64,A,Worth every penny. Would recommend it to friends.
406,female,18-24,A,Bit disappointed. 😊
407,female,25-44,B,Very balanced flavour. Would love a decaf version. 🤔
408,male,18-24,B,Works great with milk but black cofee isn't my favourite. Not bad at all tbh.
409,male,45-64,B,Pretty good overall although I expected a stronger roast. Please introduce more roast options. 🤔
410,male,25-44,A,Really enjoying cofee X. imo it's one of the better brands. ❤️
411,female,18-24,A,Packaging could be better
412,male,25-44,B,Taste is nice but it's a bit pricey. Delivery was really fast.
413,female,25-44,B,Really enjoying Coffee X. I drink it every morning. 😅
414,female,65+,A,Way too expensive. Would love a decaf version. 😋
415,female,25-44,B,Really enjoying cofee X. 😊
416,male,45-64,A,Amazing aroma 👌
417,male,65+,B,Works great with milk but black coffee isn't my favourite. Not bad at all tbh. 😊
418,female,25-44,B,Pretty good overall although I expected a stronger roast. Not bad at all tbh.
419,female,18-24,A,cofee arrived stale. Would recommend it to friends.
420,female,45-64,A,Pretty good overall although I expected a stronger roast. Would love a decaf version.
421,female,18-24,A,Taste is kinda weak ☕
422,female,18-24,A,Coffee arrived stale. imo it's one of the better brands.
423,female,18-24,A,Packaging looks premium but freshness could improve. ngl I expected more. 😍
424,female,65+,B,Taste is kinda weak. 😅
425,male,45-64,A,Worth every penny. Would recommend it to friends. 🤔
426,female,18-24,B,Pretty good overall although I expected a stronger roast. ngl I expected more.
427,male,65+,A,My morning feels incomplete without it. 😅
428,female,25-44,A,Best coffee I've had in a while 😍
429,male,18-24,B,My morning feels incomplete without it. 👌
430,male,65+,A,Didn't enjoy the aftertaste. Would love a decaf version.
431,male,18-24,B,"Love the aroma, not a fan of the aftertaste. imo it's one of the better brands."
432,female,25-44,A,Pretty good! 😅
433,male,25-44,A,Too bitter for me. Customer service was great too. 😋
434,male,25-44,A,Love this coffee. ngl I expected more. 👌
435,male,18-24,A,Worth every penny.
436,female,25-44,B,Worth every penny ❤️
437,female,45-64,B,Worth every penny. 🤔
438,male,65+,B,I'll definitely buy again. Would love a decaf version.
439,male,65+,B,Works great with milk but black coffee isn't my favourite. Delivery was really fast. 😍
440,female,65+,B,Works great with milk but black coffee isn't my favourite. Delivery was really fast.
441,male,45-64,B,Best coffee I've had in a while. 👌
442,male,25-44,A,Packaging looks premium but freshness could improve. Hope you keep the quality consistent.
443,male,45-64,A,Packaging could be better ❤️
444,male,45-64,A,Taste is nice but it's a bit pricey. 😍
445,female,25-44,B,Packaging looks premium but freshness could improve. Customer service was great too. 😅
446,male,45-64,A,Love this coffee. Customer service was gr8 too. 😊
447,female,45-64,A,Bit disappointed. ❤️
448,female,65+,B,Pretty good overall although I expected a stronger roast. Delivery was really fast. 👎
449,female,25-44,B,Very balanced flavour. Would love a decaf version.
450,male,45-64,A,Very balanced flavour. Hope you keep the quality consistent. 👍
451,male,45-64,B,Bit disappointed. Hope you keep the quality consistent. 😕
452,female,25-44,B,Way too expensive. I drink it every morning.
453,male,45-64,B,Best coffe I've had in a while. Hope you keep the quality consistent.
454,female,18-24,B,Taste is nice but it's a bit pricey. 🤔
455,male,45-64,A,Didn't enjoy the aftertaste 😋
456,female,18-24,A,Love this coffee 👎
457,male,25-44,A,The beans smell fantastic. imo it's one of the better brands.
458,male,25-44,B,Packaging looks premium but freshness could improve. Hope you keep the quality consistent. 😅
459,female,25-44,A,It's okay. 😋
460,female,65+,B,Worth every penny. Not bad at all tbh. 👎
461,male,45-64,B,Wouldn't buy again. 😍
462,female,45-64,B,Works great with milk but black coffee isn't my favourite. Customer service was gr8 too.
463,male,18-24,B,It's okay. ❤️
464,female,45-64,A,Amazing aroma. I drink it every morning. 👍
465,male,18-24,B,Not as fresh as expected. Delivery was really fast.
466,male,65+,B,Amazing aroma. Delivery was really fast. 😍
467,male,18-24,A,Bit disappointed
468,male,18-24,B,My morning feels incomplete without it 😕
469,male,18-24,A,Love this coffee. ngl I expected more.
470,female,45-64,B,I'll definitely buy again. I drink it every morning. 😋
471,male,25-44,A,Coffee arrived stale. 🤔
472,female,65+,B,I'll definitely buy again. I drink it every morning. 😊
473,female,65+,A,Packaging could be better. Not bad at all tbh.
474,female,25-44,A,Didn't enjoy the aftertaste. Not bad at all tbh.
475,female,25-44,B,Super smooth taste. imo it's one of the better brands. 😍
476,male,65+,A,Very balanced flavour. ngl I expected more. 😊
477,female,65+,A,Expected better. ngl I expected more.
478,male,25-44,B,Bit disappointed 👎
479,male,18-24,A,Pretty good overall although I expected a stronger roast. ngl I expected more. 🤔
480,female,65+,A,Pretty good! 👍
481,female,18-24,A,It's okay. ☕
482,female,45-64,A,Taste is nice but it's a bit pricey. Would love a decaf version. 🤔
483,male,25-44,A,Worth every penny. 😅
484,male,25-44,A,Taste is nice but it's a bit pricey. 😕
485,male,25-44,B,Packaging could be better. Would recommend it to friends. 👎
486,male,18-24,B,Works great with milk but black coffee isn't my favourite. ngl I expected more. 😕
487,male,25-44,A,"Love the aroma, not a fan of the aftertaste. Not bad at all tbh. 👎"
488,female,65+,B,Very balanced flavour. Delivery was really fast. 😅
489,male,25-44,B,Amazing aroma. I drink it every morning.
490,female,45-64,A,Love this coffee. Customer service was great too. 😍
491,female,65+,B,Not as fesh as expected. Would love a decaf version. 🤔
492,male,25-44,B,Very balanced flavour. Would recommend it to friends.
493,female,18-24,B,Super smooth taste. Would recommend it to friends.
494,female,65+,A,Wouldn't buy again. Delivery was really fast.
495,female,65+,A,Works gr8 with milk but black coffee isn't my favourite. 🤔
496,female,45-64,B,Works gr8 with milk but black coffee isn't my favourite. Would recommend it to friends.
497,male,25-44,B,Taste is nice but it's a bit pricey. Not bad at all tbh. 👌
498,male,45-64,B,Didn't enjoy the aftertaste. Please introduce more roast options.
499,female,18-24,A,Way too expensive. Would reccomend it to friends.
500,female,65+,B,Didn't enjoy the aftertaste. I drink it every morning. ❤️
501,male,25-44,A,Way too expensive 👌
502,male,18-24,B,Coffee arrived stale. Would love a decaf version.
503,male,18-24,A,Really enjoying Coffee X. 🤔
504,male,65+,B,Too bitter for me. Delivery was really fast.
505,female,18-24,B,I'll definitely buy again. imo it's one of the better brands.
506,female,45-64,B,"Love the aroma, not a fan of the aftertaste. 😊"
507,male,65+,A,Super smooth taste. 🤔
508,female,18-24,B,Love it ☕ 👍
509,female,65+,B,Worth every penny. I drink it every morning. 🤔
510,female,65+,A,Works gr8 with milk but black coffee isn't my favourite. imo it's one of the better brands.
511,male,25-44,B,Really enjoying Coffee X. Hope you keep the quality consistent.
512,male,65+,B,Too bitter for me. Would love a decaf version. 👍
513,female,25-44,A,rly enjoying Coffee X
514,female,25-44,B,Best coffee I've had in a while. Hope you keep the qualty consistent.
515,male,18-24,B,Really enjoying coffe X. Delivery was really fast.
516,male,45-64,B,realy enjoying coffe X. Hope you keep the quality consistent. 👍
517,male,25-44,A,My morning feels incomplete without it. Customer service was great too.
518,female,65+,B,Wouldn't buy again. Hope you keep the quality consistent. ☕
519,male,25-44,B,Pretty good overall although I expected a stronger roast. Would love a decaf version. ❤️
520,female,65+,B,Worth every penny. imo it's one of the better brands. 👍
521,female,45-64,B,Amazing aroma. ngl I expected more. 😋
522,male,45-64,B,Could be better. 👍
523,male,18-24,B,Not as fresh as expected. Delivery was really fast. 😅
524,male,18-24,B,Pretty good overall although I expected a stronger roast. 👍
525,male,65+,A,Packaging looks premium but freshness could improve. Not bad at all tbh. ❤️
526,male,45-64,B,Coffee arrived stale. Delivery was really fast. 👎
527,male,45-64,B,I'll definitely buy again. Hope you keep the qualty consistent. 😊
528,female,65+,A,Super smooth taste. imo it's one of the better brands. 👍
529,female,45-64,A,Didn't enjoy the aftertaste. Customer service was great too. 😊
530,female,25-44,B,Taste is nice but it's a bit pricey. Customer service was great too.
531,male,45-64,B,Taste is nice but it's a bit pricey. Not bad at all tbh. ☕
532,female,18-24,A,Taste is kinda weak. Customer service was great too. ☕
533,male,65+,B,Pretty good overall although I expected a stronger roast. Customer service was great too. 😋
534,female,45-64,B,Really enjoying Coffee X. Delivery was really fast. 🤔
535,male,18-24,A,"Love the aroma, not a fan of the aftertaste. Customer service was great too. 😊"
536,female,65+,A,Best coffee I've had in a while.
537,male,25-44,B,Didn't enjoy the aftertaste. I drink it every morning.
538,male,25-44,B,Love this coffee. Would recommend it to friends.
539,male,65+,B,Taste is nice but it's a bit pricey. Not bad at all tbh. 😕
540,male,45-64,A,Amazing aroma. Customer service was gr8 too.
541,female,45-64,B,Could be better. 😋
542,female,25-44,A,The beans smell fantastic 🤔
543,female,45-64,B,My morning feels incomplete without it. 😋
544,female,18-24,B,The beans smell fantastic. 👎
545,male,45-64,B,Too bitter for me 👌
546,female,65+,B,Taste is nice but it's a bit pricey. ngl I expected more. 👍
547,female,45-64,B,Works great with milk but black coffee isn't my favourite. 👎
548,female,65+,A,Really enjoying Coffee X. Would love a decaf version.
549,female,25-44,B,"Love the aroma, not a fan of the aftertaste. Delivery was really fast."
550,female,65+,B,Works great with milk but black coffee isn't my favourite. ngl I expected more. 😅
551,male,45-64,B,Love this coffee. I drink it every morning. 👌
552,male,18-24,B,Worth every penny. I drink it every morning. 👌
553,male,18-24,A,Way too expensive. Would recommend it to friends.
554,male,25-44,A,Love this coffee. Not bad at all tbh. 😕
555,male,45-64,B,Worth every penny. Hope you keep the quality consistent. ☕
556,male,18-24,B,Best coffee I've had in a while. Hope you keep the quality consistent.
557,female,18-24,B,Bit disappointed. Would love a decaf version. ☕
558,female,45-64,B,Not as fresh as expected 😍
559,female,45-64,B,Too bitter for me. Delivery was really fast. 👌
560,female,25-44,B,Not as fresh as expected. Would love a decaf version. 😊
561,female,65+,A,Could be better. 👌
562,female,25-44,B,Too bitter for me. Not bad at all tbh. 😍
563,female,45-64,A,Coffee arrived stale. Delivery was really fast.
564,female,18-24,A,Packaging could be better. Delivery was really fast. 😋
565,male,65+,A,Taste is nice but it's a bit pricey. I drink it every morning. 👌
566,female,45-64,B,Super smooth taste. 😋
567,female,25-44,B,The beans smell fantastic. Hope you keep the quality consistent.
568,male,25-44,A,Worth every penny 👌
569,male,25-44,B,Best cofee I've had in a while
570,male,65+,A,Expected better. 😅
571,male,25-44,A,Taste is kinda weak. imo it's one of the better brands. 👌
572,female,25-44,A,Amazing aroma. Hope you keep the quality consistent.
573,male,25-44,B,Really enjoying coffe X.
574,female,65+,A,Not as fresh as expected
575,male,65+,B,"Love the aroma, not a fan of the aftertaste. 👎"
576,female,25-44,B,Not as fesh as expected. Hope you keep the quality consistent.
577,female,65+,A,Pretty good overall although I expected a stronger roast. Not bad at all tbh. 😊
578,female,45-64,B,Not as fresh as expected. Customer service was great too. 😋
579,female,45-64,B,Expected better. ngl I expected more. 😍
580,male,18-24,A,Worth every penny. imo it's one of the better brands.
581,female,25-44,A,Taste is nice but it's a bit pricey. Delivery was really fast. 🤔
582,female,45-64,B,Wouldn't buy again. 👎
583,female,18-24,A,"Love the aroma, not a fan of the aftertaste. 🤔"
584,male,25-44,A,Taste is nice but it's a bit pricey. 😋
585,male,65+,A,Packaging could be better. Delivery was really fast. ☕
586,male,18-24,A,Works gr8 with milk but black coffee isn't my favourite. ngl I expected more.
587,male,18-24,A,Best coffee I've had in a while. imo it's one of the better brands. 👎
588,female,18-24,B,Not as fresh as expected. ngl I expected more. 😊
589,female,45-64,B,Expected better. Customer service was great too. ❤️
590,female,45-64,B,Taste is kinda weak. imo it's one of the better brands.
591,female,18-24,A,The beans smell fantastic. ngl I expected more. 😍
592,male,45-64,B,Pretty good! 👌
593,male,65+,A,Best coffee I've had in a while. Would love a decaf version.
594,male,45-64,A,Love this coffee 😕
595,male,25-44,A,Not as fesh as expected. 😋
596,male,65+,A,Works great with milk but black cofee isn't my favourite. Would recommend it to friends. 👍
597,male,45-64,A,Works great with milk but black cofee isn't my favourite. 👌
598,male,45-64,A,The beans smell fantastic. I drink it every morning. 😅
599,male,18-24,A,Packaging looks premium but freshness could improve. 👍
600,male,65+,A,"Love the aroma, not a fan of the aftertaste. ngl I expected more. ☕"
601,female,65+,A,Not bad.
602,female,65+,A,Amazing aroma. Delivery was really fast. 😅
603,male,25-44,B,Packaging looks premium but freshness could improve. ❤️
604,male,45-64,A,Pretty good overall although I expected a stronger roast. ☕
605,male,65+,B,I'll definitely buy again. ngl I expected more. 👎
606,female,25-44,B,Wouldn't buy again.
607,male,25-44,A,Packaging looks premium but freshness could improve. Would love a decaf version.
608,female,18-24,B,Too bitter for me. Not bad at all tbh.
609,female,25-44,A,Love this coffe Delivery was really fast. 😍
610,female,18-24,B,Very balanced flavour. Delivery was realy fast. 😊
611,male,25-44,B,Works great with milk but black coffe isn't my favourite. 😍
612,male,45-64,B,Really enjoying Coffee X. Would recommend it to friends. 😕
613,female,45-64,B,Way too expensive. ❤️
614,female,45-64,B,Expected better.
615,male,65+,B,Love this coffee. Please introduce more roast options.
616,female,65+,A,Amazing aroma. Delivery was rly fast. 😅
617,male,45-64,B,I'll definitely buy again 👌
618,female,18-24,B,Pretty good overall although I expected a stronger roast. imo it's one of the better brands. 👍
619,female,18-24,A,I'll definitely buy again. Please introduce more roast options.
620,male,45-64,B,Coffee arrived stale. I drink it every morning. 😕
621,female,18-24,A,Bit disappointed. 🤔
622,male,25-44,A,Wouldn't buy again. Not bad at all tbh. ☕
623,male,45-64,B,Too bitter for me. imo it's one of the better brands.
624,male,25-44,A,Love this coffe 👌
625,female,25-44,A,"Love the aroma, not a fan of the aftertaste. Would love a decaf version. ❤️"
626,male,18-24,A,Really enjoying Coffee X. I drink it every morning. 👎
627,male,25-44,A,Love this cofee
628,male,65+,B,Packaging looks premium but freshness could improve. 👌
629,male,65+,A,Super smooth taste. Hope you keep the quality consistent. 😋
630,female,18-24,B,My morning feels incomplete without it.
631,female,25-44,A,Taste is nice but it's a bit pricey. Please introduce more roast options. 👎
632,male,18-24,A,Not as fresh as expected 😋
633,male,45-64,B,10/10 ❤️ 😅
634,female,45-64,A,Works gr8 with milk but black coffee isn't my favourite. Hope you keep the quality consistent. 👌
635,female,18-24,B,Really enjoying Coffee X. Hope you keep the quality consistent. ❤️
636,female,25-44,A,Really enjoying Coffee X. Not bad at all tbh. 👌
637,male,18-24,A,Too bitter for me
638,female,25-44,A,Worth every penny. ngl I expected more. ☕
639,male,18-24,A,The beans smell fantastic 😍
640,female,65+,B,My morning feels incomplete without it. Delivery was rly fast.
641,male,45-64,A,Taste is kinda weak. 😕
642,male,18-24,B,Really enjoying Coffee X.
643,male,65+,A,Works great with milk but black coffee isn't my favourite. Would reccomend it to friends.
644,female,65+,A,Too bitter for me. Delivery was really fast. 👍
645,female,65+,A,Works great with milk but black coffee isn't my favourite. I drink it every morning. 😊
646,female,25-44,A,The beans smell fantastic. ngl I expected more. 🤔
647,male,25-44,B,Super smooth taste. Not bad at all tbh. 🤔
648,female,25-44,A,Packaging could be better. I drink it every morning.
649,female,45-64,B,"Love the aroma, not a fan of the aftertaste. ☕"
650,male,18-24,B,The beans smell fantastic. Would recommend it to friends. ☕
651,male,18-24,A,Didn't enjoy the aftertaste. I drink it every morning. 😅
652,male,18-24,B,Not as fresh as expected. Not bad at all tbh. ☕
653,male,25-44,A,The beans smell fantastic. 😍
654,male,18-24,A,Amazing aroma. imo it's one of the better brands.
655,male,65+,A,Best cofee I've had in a while. imo it's one of the better brands.
656,male,18-24,B,Packaging could be better. Would love a decaf version. 👍
657,female,25-44,B,Pretty good overall although I expected a stronger roast. imo it's one of the better brands.
658,female,18-24,A,My morning feels incomplete without it. I drink it every morning. 👎
659,female,45-64,A,I'll definitely buy again. I drink it every morning.
660,male,45-64,B,Best coffee I've had in a while. Customer service was great too. 👌
661,male,65+,A,Love this coffee. Customer service was great too.
662,female,65+,B,Taste is nice but it's a bit pricey. Please introduce more roast options. 👌
663,female,65+,B,I'll definitely buy again. Would love a decaf version. 👎
664,male,18-24,A,Wouldn't buy again. 👍
665,male,18-24,A,Love this coffee. 👍
666,male,25-44,B,Really enjoying Coffee X. Would love a decaf version. 😋
667,female,18-24,A,Too bitter for me. Hope you keep the quality consistent.
668,female,18-24,B,Love this coffee. 😊
669,male,18-24,A,Packaging looks premium but freshness could improve. imo it's one of the better brands. 😊
670,male,18-24,B,Amazing aroma. Please introduce more roast options. 😅
671,male,25-44,B,The beans smell fantastic 👎
672,female,18-24,A,Best cofee I've had in a while. Would love a decaf version.
673,female,45-64,A,I'll definitely buy again. Would reccomend it to friends. 😍
674,male,25-44,A,Too bitter for me 😕
675,female,25-44,A,Coffee arrived stale. Hope you keep the quality consistent.
676,female,65+,B,Way too expensive. ngl I expected more. 😊
677,male,65+,A,Taste is nice but it's a bit pricey. Delivery was realy fast.
678,female,65+,A,I'll definitely buy again. Please introduce more roast options. 😊
679,male,18-24,B,Love this coffe Not bad at all tbh.
680,female,18-24,B,Taste is kinda weak. Delivery was really fast. ❤️
681,male,18-24,B,Really enjoying Coffee X 😍
682,female,18-24,A,Expected better. Would love a decaf version. 😅
683,female,65+,B,Yumm 😋 🤔
684,male,45-64,B,Packaging looks premium but freshness could improve. Customer service was great too.
685,male,65+,A,Didn't enjoy the aftertaste. 😊
686,female,25-44,B,Wouldn't buy again. imo it's one of the better brands. 😕
687,male,18-24,B,Pretty good! ☕
688,female,25-44,A,The beans smell fantastic. Hope you keep the quality consistent. 😕
689,male,18-24,A,The beans smell fantastic. Delivery was really fast. 👎
690,male,65+,B,Really enjoying Coffee X. 👍
691,female,18-24,B,Didn't enjoy the aftertaste. 😕
692,female,25-44,A,Too bitter for me. 😍
693,female,25-44,B,Packaging could be better. ❤️
694,female,65+,B,Not as fresh as expected 🤔
695,female,18-24,A,Yumm 😋 ❤️
696,male,45-64,B,Too bitter for me. I drink it every morning.
697,male,25-44,A,The beans smell fantastic. Not bad at all tbh.
698,female,25-44,A,Really enjoying Coffee X. Would love a decaf version. 👌
699,female,25-44,B,10/10 ❤️ 😋
700,female,18-24,A,I'll definitely buy again. ☕
701,female,18-24,B,Could be better. 😊
702,female,25-44,A,Works great with milk but black coffee isn't my favourite. Not bad at all tbh. ☕
703,male,25-44,B,Really enjoying Coffee X 😕
704,female,65+,A,Expected better. 👎
705,male,25-44,A,Works great with milk but black coffee isn't my favourite. I drink it every morning. ☕
706,male,18-24,B,My morning feels incomplete without it. ngl I expected more. ☕
707,female,18-24,B,The beans smell fantastic. ☕
708,male,45-64,A,Super smooth taste 😍
709,female,18-24,B,Way too expensive.
710,male,25-44,A,Love this coffee. Customer service was great too. 👍
711,female,25-44,B,Super smooth taste. Customer service was great too. 😊
712,female,65+,B,Packaging could be better. ngl I expected more. 👎
713,male,18-24,B,Love this coffe Hope you keep the quality consistent.
714,male,25-44,A,Very balanced flavour. 👎
715,male,45-64,A,Taste is kinda weak. Customer service was gr8 too. 😊
716,male,65+,A,Very balanced flavour. Delivery was really fast. 🤔
717,female,65+,B,Too bitter for me. Would love a decaf version. 😋
718,female,18-24,B,Super smooth taste. Would recommend it to friends. ❤️
719,male,25-44,B,Didn't enjoy the aftertaste
720,female,45-64,B,Very balanced flavour. Customer service was great too.
721,male,45-64,B,Too bitter for me. Please introduce more roast options.
722,male,65+,B,Not as fresh as expected. Would recommend it to friends. ❤️
723,male,18-24,A,Super smooth taste. 👎
724,male,18-24,B,Love this coffee. Please introduce more roast options. 😊
725,female,65+,A,Bit disappointed. Hope you keep the qualty consistent. 😊
726,male,25-44,A,Works great with milk but black coffee isn't my favourite. imo it's one of the better brands. 😕
727,male,25-44,A,Packaging looks premium but freshness could improve. imo it's one of the better brands. 😕
728,male,18-24,B,I'll definitely buy again. ngl I expected more. 🤔
729,male,18-24,A,Not bad. 👌
730,male,25-44,B,I'll definitely buy again. Not bad at all tbh. 😋
731,male,45-64,B,I'll definitely buy again
732,female,25-44,A,Packaging looks premium but freshness could improve. imo it's one of the better brands. 🤔
733,female,65+,B,My morning feels incomplete without it. ngl I expected more. ❤️
734,female,18-24,A,Very balanced flavour. Please introduce more roast options. 👎
735,female,65+,A,Expected better. I drink it every morning. 🤔
736,female,45-64,A,Love this coffe I drink it every morning.
737,female,65+,A,Amazing aroma.
738,male,18-24,A,realy enjoying Coffee X. I drink it every morning.
739,male,65+,A,Love this coffee. Would love a decaf version. 😅
740,female,25-44,B,I'll definetly buy again
741,female,45-64,A,The beans smell fantastic. Would recommend it to friends.
742,female,65+,A,Best coffee I've had in a while. Please introduce more roast options. 😅
743,female,65+,A,Not as fesh as expected. imo it's one of the better brands.
744,female,65+,B,Worth every penny. imo it's one of the better brands. 👎
745,female,45-64,B,My morning feels incomplete without it. Would love a decaf version. 😊
746,male,65+,A,I'll definitely buy again. ngl I expected more.
747,male,45-64,A,I'll definitely buy again 😊
748,male,25-44,B,Way too expensive. Please introduce more roast options. 👍
749,female,45-64,B,Works gr8 with milk but black coffee isn't my favourite. 😍
750,female,65+,B,Best cofee I've had in a while. Not bad at all tbh. 😊
751,female,45-64,A,Super smooth taste. ngl I expected more.
752,female,18-24,A,Taste is nice but it's a bit pricey. Hope you keep the quality consistent. 😕
753,male,45-64,A,Pretty good overall although I expected a stronger roast. Please introduce more roast options.
754,male,45-64,B,Pretty good! 😋
755,male,25-44,A,Pretty good overall although I expected a stronger roast. I drink it every morning. ☕
756,female,18-24,B,Super smooth taste. imo it's one of the better brands. 👌
757,male,18-24,A,Best coffee I've had in a while 😕
758,female,18-24,A,I'll definetly buy again. 😊
759,female,25-44,B,Too bitter for me. Would love a decaf version. 😕
760,female,65+,A,Really enjoying Coffee X. Would recommend it to friends.
761,male,45-64,B,Worth every penny. ngl I expected more. ❤️
762,female,45-64,B,Very balanced flavour.
763,female,45-64,A,Best coffee I've had in a while. Not bad at all tbh.
764,female,45-64,A,Amazing 😍 👎
765,male,25-44,B,Taste is nice but it's a bit pricey. Would love a decaf version. 😊
766,male,18-24,A,Love this coffee. imo it's one of the better brands. 😋
767,male,45-64,A,I'll definitely buy again.
768,female,65+,B,Not as fesh as expected. 👎
769,female,18-24,A,Packaging could be better. Would love a decaf version. ☕
770,male,18-24,B,Really enjoying Coffee X. I drink it every morning. ❤️
771,female,45-64,A,Works great with milk but black coffee isn't my favourite. Hope you keep the quality consistent. 👎
772,female,65+,A,Love this coffee.
773,male,18-24,A,Meh. 👌
774,female,18-24,B,The beans smell fantastic 👌
775,female,18-24,B,Pretty good overall although I expected a stronger roast. Customer service was gr8 too.
776,female,65+,A,My morning feels incomplete without it. Would recommend it to friends. 👎
777,female,45-64,B,Bit disappointed. I drink it every morning.
778,female,18-24,A,Super smooth taste 👎
779,male,65+,A,Didn't enjoy the aftertaste. Hope you keep the quality consistent. 🤔
780,female,18-24,B,Packaging could be better. imo it's one of the better brands.
781,male,65+,A,Packaging looks premium but freshness could improve. Hope you keep the qualty consistent. 😊
782,female,25-44,B,"Love the aroma, not a fan of the aftertaste. 😕"
783,female,25-44,A,Packaging could be better. Please introduce more roast options. 😋
784,female,65+,A,Not bad. ❤️
785,male,25-44,B,My morning feels incomplete without it. ☕
786,male,18-24,A,Super smooth taste. Please introduce more roast options. ☕
787,female,25-44,B,Too bitter for me. Would recommend it to friends. 😅
788,female,18-24,B,Not as fresh as expected. imo it's one of the better brands. 😋
789,female,18-24,B,Love this coffee. Customer service was gr8 too. 😍
790,male,65+,B,Way too expensive. 👎
791,male,65+,A,I'll definitely buy again. Hope you keep the quality consistent. 😊
792,female,18-24,A,Best coffe I've had in a while. Customer service was great too. 😊
793,female,18-24,B,Super smooth taste
794,female,25-44,A,Packaging looks premium but freshness could improve. Hope you keep the qualty consistent.
795,male,65+,B,My morning feels incomplete without it
796,male,18-24,A,realy enjoying Coffee X. 😊
797,female,45-64,B,Coffee arrived stale. Hope you keep the quality consistent. 😍
798,female,65+,A,Packaging could be better. Delivery was really fast. 😍
799,male,65+,A,Bit disappointed. 😍
800,female,45-64,B,Taste is kinda weak. Would reccomend it to friends.
801,male,25-44,B,Wouldn't buy again. ❤️
802,male,45-64,B,Works great with milk but black coffee isn't my favourite. Would love a decaf version. 😅
803,female,45-64,B,"Love the aroma, not a fan of the aftertaste. Customer service was great too. 😍"
804,male,45-64,A,Taste is nice but it's a bit pricey. Would reccomend it to friends.
805,male,18-24,A,Very balanced flavour. Would recomend it to friends. 😕
806,female,65+,B,Bit disappointed. Customer service was great too.
807,female,45-64,A,Love this coffee 👍
808,male,45-64,B,Taste is kinda weak. Hope you keep the quality consistent. ❤️
809,male,45-64,B,Bit disappointed. Hope you keep the quality consistent.
810,male,25-44,B,Best coffee I've had in a while. Hope you keep the quality consistent. 😍
811,male,65+,B,Packaging looks premium but freshness could improve. Hope you keep the quality consistent. 👍
812,male,18-24,A,Packaging looks premium but freshness could improve. imo it's one of the better brands. ☕
813,male,45-64,A,Worth every penny. Customer service was great too.
814,male,45-64,B,Way too expensive. Hope you keep the quality consistent.
815,female,65+,A,My morning feels incomplete without it. Customer service was great too. 😋
816,female,45-64,B,Too expensive 😕
817,female,25-44,B,Super smooth taste. Please introduce more roast options. 😕
818,female,18-24,B,Works great with milk but black cofee isn't my favourite. Customer service was great too. 😋
819,female,65+,B,Love this coffe Hope you keep the qualty consistent.
820,male,65+,B,realy enjoying Coffee X. Customer service was great too. 🤔
821,male,65+,A,I'll definitely buy again. 😅
822,female,25-44,A,Really enjoying Coffee X. Please introduce more roast options. 😅
823,female,25-44,B,Pretty good! 😊
824,male,18-24,A,Super smooth taste. Not bad at all tbh. 😅
825,male,18-24,B,Amazing aroma. I drink it every morning. ☕
826,female,65+,B,"Love the aroma, not a fan of the aftertaste. ❤️"
827,male,18-24,A,Best coffee I've had in a while
828,female,25-44,B,Worth every penny. Would reccomend it to friends.
829,male,18-24,B,Very balanced flavour. I drink it every morning.
830,male,45-64,A,Worth every penny. Delivery was realy fast. ❤️
831,male,45-64,B,Love this coffee 👌
832,male,25-44,B,Coffee arrived stale 😍
833,male,45-64,B,Taste is nice but it's a bit pricey. Would recommend it to friends. 😅
834,male,45-64,A,Packaging looks premium but freshness could improve. I drink it every morning. 😕
835,male,45-64,B,Works great with milk but black coffe isn't my favourite. Delivery was really fast. 👎
836,male,65+,A,Very balanced flavour. Not bad at all tbh. 🤔
837,male,25-44,A,rly enjoying Coffee X. Please introduce more roast options. 😅
838,female,45-64,A,Taste is nice but it's a bit pricey.
839,male,25-44,B,Too expensive 😕 😅
840,male,45-64,B,Packaging looks premium but freshness could improve. Customer service was gr8 too.
841,male,45-64,B,Love this coffe Would recommend it to friends.
842,male,25-44,B,Yumm 😋 😋
843,male,45-64,B,Amazing aroma. Customer service was great too.
844,female,45-64,B,Didn't enjoy the aftertaste. Please introduce more roast options. 👌
845,male,18-24,B,Works great with milk but black coffee isn't my favourite. ☕
846,male,65+,B,Didn't enjoy the aftertaste. ☕
847,female,45-64,A,Wouldn't buy again. Customer service was great too.
848,male,18-24,B,Worth every penny. Would love a decaf version.
849,female,45-64,B,Works great with milk but black cofee isn't my favourite. ❤️
850,female,18-24,A,Could be better. 😅
851,male,65+,B,Works great with milk but black coffe isn't my favourite. Would recommend it to friends.
852,female,25-44,B,Really enjoying Coffee X. 👌
853,male,25-44,A,Taste is kinda weak. I drink it every morning. 😕
854,male,45-64,B,Not as fresh as expected. imo it's one of the better brands. 🤔
855,male,65+,A,Meh. ☕
856,male,65+,A,Packaging could be better.
857,female,25-44,A,Pretty good overall although I expected a stronger roast. ngl I expected more. 👌
858,male,18-24,A,Worth every penny. I drink it every morning. ❤️
859,male,25-44,B,Wouldn't buy again. imo it's one of the better brands. ❤️
860,female,65+,B,Wouldn't buy again. I drink it every morning. ❤️
861,female,25-44,A,Yumm 😋 😊
862,female,65+,A,Love this cofee Customer service was gr8 too.
863,male,65+,A,Amazing aroma. Customer service was great too. ☕
864,female,45-64,B,Works great with milk but black cofee isn't my favourite. 👎
865,male,25-44,B,Works great with milk but black coffee isn't my favourite. imo it's one of the better brands.
866,female,45-64,A,Very balanced flavour. Would love a decaf version. ❤️
867,male,65+,B,My morning feels incomplete without it. Would recommend it to friends.
868,female,25-44,A,Wouldn't buy again. 😋
869,male,45-64,A,Pretty good overall although I expected a stronger roast. 😊
870,male,18-24,B,Not as fresh as expected.
871,female,45-64,A,"Love the aroma, not a fan of the aftertaste. Please introduce more roast options."
872,female,18-24,A,Bit disappointed. Not bad at all tbh. ❤️
873,male,18-24,B,My morning feels incomplete without it. imo it's one of the better brands. 👍
874,female,25-44,B,Yumm 😋 👌
875,male,25-44,B,Very balanced flavour. Not bad at all tbh. 👌
876,female,65+,B,My morning feels incomplete without it. Delivery was really fast. 👍
877,female,25-44,A,Best coffee I've had in a while 👌
878,female,18-24,B,The beans smell fantastic. ngl I expected more. 😅
879,male,45-64,B,Pretty good overall although I expected a stronger roast. imo it's one of the better brands. 😅
880,male,25-44,A,My morning feels incomplete without it. imo it's one of the better brands. 😅
881,male,45-64,A,"Love the aroma, not a fan of the aftertaste. 😅"
882,male,65+,A,Didn't enjoy the aftertaste. Hope you keep the quality consistent. ☕
883,male,25-44,B,My morning feels incomplete without it. Hope you keep the quality consistent.
884,male,25-44,B,Packaging could be better. Would recommend it to friends. ☕
885,male,25-44,A,Taste is nice but it's a bit pricey. Would love a decaf version.
886,female,65+,A,Really enjoying Coffee X
887,male,18-24,B,Not as fresh as expected. I drink it every morning.
888,female,18-24,B,Way too expensive 😅
889,male,25-44,A,Not as fresh as expected. Delivery was really fast. 😋
890,female,65+,B,Super smooth taste. 😍
891,female,25-44,A,Expected better. Not bad at all tbh. ☕
892,male,18-24,A,Coffee arrived stale. Not bad at all tbh.
893,male,45-64,B,Super smooth taste. Customer service was great too. 😅
894,female,18-24,A,rly enjoying Coffee X. ngl I expected more.
895,female,45-64,A,Best coffe I've had in a while
896,female,65+,A,Could be better. 😍
897,female,18-24,B,Taste is nice but it's a bit pricey. Hope you keep the quality consistent. 👌
898,male,45-64,B,Works great with milk but black coffee isn't my favourite. 👍
899,female,45-64,B,Taste is kinda weak. Please introduce more roast options. ☕
900,female,65+,B,Not as fresh as expected. Please introduce more roast options.
901,male,65+,B,My morning feels incomplete without it ☕
902,female,45-64,B,Best coffee I've had in a while. Customer service was gr8 too.
903,male,45-64,B,Very balanced flavour. I drink it every morning. 👌
904,female,45-64,A,Not as fresh as expected. Would love a decaf version. 😍
905,female,45-64,B,Love this coffee. Would love a decaf version.
906,male,65+,A,Wouldn't buy again
907,female,45-64,B,Best cofee I've had in a while. Would recomend it to friends.
908,female,65+,A,Amazing aroma 👎
909,male,65+,B,My morning feels incomplete without it. Customer service was gr8 too.
910,male,25-44,A,Love this coffee. Delivery was really fast.
911,male,18-24,A,"Love the aroma, not a fan of the aftertaste. Customer service was great too."
912,male,65+,A,Super smooth taste. Would love a decaf version.
913,female,25-44,B,Expected better. ngl I expected more. ☕
914,female,25-44,B,Amazing aroma. 😕
915,female,18-24,B,Love this cofee Hope you keep the quality consistent. ❤️
916,male,25-44,A,Meh. 😍
917,male,18-24,A,Bit disappointed. Would recommend it to friends.
918,male,25-44,A,Best coffe I've had in a while. Hope you keep the quality consistent. 😅
919,male,45-64,B,It's okay.
920,female,65+,A,Works great with milk but black coffee isn't my favourite. 😊
921,female,18-24,B,I'll definitely buy again. Would love a decaf version. ☕
922,female,45-64,A,Very balanced flavour. Would love a decaf version. 😍
923,female,65+,B,I'll definately buy again.
924,male,25-44,B,Pretty good overall although I expected a stronger roast. I drink it every morning. 😅
925,female,45-64,B,Taste is nice but it's a bit pricey. Please introduce more roast options.
926,female,45-64,B,Pretty good overall although I expected a stronger roast. 👌
927,male,65+,A,Too bitter for me. Would recommend it to friends. 😕
928,female,65+,A,realy enjoying Coffee X. Hope you keep the quality consistent.
929,female,45-64,B,Taste is nice but it's a bit pricey. Would love a decaf version. 👎
930,female,25-44,A,Wouldn't buy again 😋
931,male,45-64,A,Super smooth taste. ❤️
932,male,18-24,A,My morning feels incomplete without it. Would recommend it to friends. 😕
933,female,45-64,A,Taste is kinda weak. Not bad at all tbh.
934,male,18-24,B,Amazing aroma. ngl I expected more. 😅
935,male,65+,A,Worth every penny. Delivery was really fast.
936,male,18-24,B,My morning feels incomplete without it. Delivery was realy fast.
937,male,18-24,A,Best coffee I've had in a while. 😕
938,male,25-44,A,Really enjoying Coffee X 👌
939,female,25-44,B,Coffee arrived stale. ❤️
940,female,65+,A,Amazing aroma. Would recommend it to friends.
941,female,18-24,A,Didn't enjoy the aftertaste. Delivery was really fast. 🤔
942,female,18-24,A,Taste is nice but it's a bit pricey. ngl I expected more. 😅
943,female,65+,B,Expected better. ☕
944,male,65+,B,Very balanced flavour. 😕
945,male,45-64,B,Packaging could be better 🤔
946,male,18-24,B,Expected better. Customer service was great too. 👌
947,female,65+,A,Too bitter for me. Delivery was really fast. 🤔
948,female,25-44,A,My morning feels incomplete without it. Delivery was really fast. 😍
949,female,45-64,B,Love this coffee. I drink it every morning.
950,female,45-64,A,Best coffee I've had in a while. Hope you keep the qualty consistent. 😊
951,female,65+,A,Super smooth taste. imo it's one of the better brands.
952,male,65+,B,Really enjoying Coffee X. ❤️
953,male,18-24,A,coffe arrived stale. Please introduce more roast options.
954,female,45-64,A,Wouldn't buy again. Would recommend it to friends.
955,female,25-44,A,Amazing aroma. Delivery was really fast. 😋
956,male,65+,A,Best coffee I've had in a while. 😅
957,male,25-44,B,Expected better. ngl I expected more. ❤️
958,male,18-24,A,Expected better. I drink it every morning. 😊
959,male,65+,A,Best cofee I've had in a while. 👌
960,female,45-64,A,Really enjoying coffe X. imo it's one of the better brands.
961,male,18-24,A,Love it ☕ 😅
962,female,18-24,B,Really enjoying Coffee X. Please introduce more roast options. 😕
963,male,45-64,A,Super smooth taste. Would love a decaf version. 👍
964,female,25-44,A,Wouldn't buy again. Please introduce more roast options. 👍
965,female,45-64,B,I'll definitely buy again. Hope you keep the quality consistent.
966,male,25-44,B,Super smooth taste. Customer service was great too.
967,female,25-44,B,Works gr8 with milk but black coffee isn't my favourite. Hope you keep the quality consistent.
968,male,65+,B,Very balanced flavour. Would recommend it to friends. 😕
969,female,65+,B,Very balanced flavour. Hope you keep the qualty consistent.
970,male,65+,B,Taste is kinda weak. I drink it every morning. ❤️
971,male,18-24,A,Taste is kinda weak 👎
972,male,45-64,A,I'll definitely buy again. Not bad at all tbh. 👎
973,male,65+,B,The beans smell fantastic. 😋
974,male,25-44,A,Bit disappointed 😍
975,male,25-44,B,Pretty good overall although I expected a stronger roast. Not bad at all tbh. 👍
976,female,25-44,B,Really enjoying cofee X 👌
977,male,18-24,A,Super smooth taste. 😕
978,female,45-64,A,My morning feels incomplete without it. Customer service was great too. 🤔
979,female,25-44,A,Taste is nice but it's a bit pricey. Not bad at all tbh. 😋
980,female,18-24,B,Coffee arrived stale. Would recommend it to friends. 😍
981,male,18-24,B,Works great with milk but black coffee isn't my favourite. Delivery was really fast. 👎
982,male,18-24,A,Way too expensive. 😊
983,female,65+,A,I'll definitely buy again. 😋
984,male,65+,B,coffe arrived stale ☕
985,female,65+,B,Taste is nice but it's a bit pricey. imo it's one of the better brands. 🤔
986,female,25-44,A,Pretty good overall although I expected a stronger roast. imo it's one of the better brands. 😊
987,male,18-24,A,Packaging looks premium but freshness could improve.
988,female,45-64,B,Not as fesh as expected. Would recommend it to friends.
989,male,45-64,B,Way too expensive. Hope you keep the quality consistent. 🤔
990,female,65+,B,Super smooth taste. Hope you keep the quality consistent. 👌
991,female,45-64,A,My morning feels incomplete without it. I drink it every morning. 👌
992,female,45-64,A,Worth every penny. imo it's one of the better brands. 🤔
993,female,18-24,A,Very balanced flavour ☕
994,male,18-24,A,Bit disappointed. ngl I expected more.
995,female,18-24,A,My morning feels incomplete without it. Would love a decaf version. 😍
996,female,45-64,B,Super smooth taste. Would recommend it to friends. ☕
997,male,25-44,B,Not as fresh as expected. Would reccomend it to friends.
998,female,25-44,B,Pretty good overall although I expected a stronger roast. Would love a decaf version. ☕
999,male,45-64,A,Coffee arrived stale. Hope you keep the qualty consistent.
1000,male,18-24,A,Wouldn't buy again. Delivery was really fast. 👌
1001,male,65+,B,Not as fresh as expected. Would recommend it to friends. ☕
1002,female,18-24,A,Bit disappointed. I drink it every morning. 😊
1003,female,65+,A,Too bitter for me. Would love a decaf version. 🤔
1004,female,45-64,B,I'll definitely buy again. Customer service was great too. 😊
1005,male,25-44,B,Packaging could be better. Delivery was rly fast. 👌
1006,male,25-44,A,Best coffee I've had in a while. 👍
1007,male,18-24,B,Love this coffee. imo it's one of the better brands.
1008,male,65+,A,Packaging could be better 😅
1009,male,45-64,A,Packaging could be better 👌
1010,male,25-44,A,Bit disappointed. Delivery was really fast. 😕
1011,female,65+,B,"Love the aroma, not a fan of the aftertaste. 👍"
1012,male,65+,A,Worth every penny. Hope you keep the quality consistent. ❤️
1013,female,25-44,A,The beans smell fantastic. Not bad at all tbh. 😕
1014,female,65+,A,Best coffee I've had in a while. I drink it every morning. 🤔
1015,male,65+,A,Super smooth taste. Delivery was really fast. 😊
1016,female,65+,B,Best coffee I've had in a while. Would recommend it to friends. 👍
1017,female,45-64,A,Pretty good overall although I expected a stronger roast. 😅
1018,female,65+,B,Packaging could be better. Delivery was really fast.
1019,female,45-64,A,Wouldn't buy again. Delivery was really fast. 😍
1020,male,25-44,B,Works great with milk but black coffee isn't my favourite. Not bad at all tbh. 😍
1021,male,18-24,A,Coffee arrived stale. I drink it every morning. 😅
1022,male,25-44,B,Way too expensive ☕
1023,female,45-64,B,"Love the aroma, not a fan of the aftertaste. I drink it every morning. 👌"
1024,female,65+,A,10/10 ❤️
1025,male,25-44,A,Packaging could be better. ☕
1026,female,18-24,B,Packaging looks premium but freshness could improve. Would recommend it to friends. 👌
1027,female,25-44,A,Packaging looks premium but freshness could improve. 👎
1028,female,18-24,A,Amazing aroma. Please introduce more roast options. 👎
1029,male,65+,A,Coffee arrived stale 😅
1030,male,45-64,A,Love this coffee. Would recommend it to friends. ❤️
1031,male,65+,A,Packaging looks premium but freshness could improve. ☕
1032,female,65+,B,Super smooth taste. Would recomend it to friends. 😍
1033,female,25-44,B,Not as fresh as expected. Not bad at all tbh. 👌
1034,male,18-24,A,My morning feels incomplete without it. I drink it every morning. 😍
1035,female,25-44,B,Love this coffe 😍
1036,female,65+,A,Not as fresh as expected. Delivery was rly fast.
1037,male,45-64,B,Not as fresh as expected. Customer service was great too.
1038,female,65+,A,Too bitter for me.
1039,male,65+,B,Not as fresh as expected. Please introduce more roast options. 👌
1040,male,65+,B,Works great with milk but black coffee isn't my favourite. Hope you keep the quality consistent. 🤔
1041,female,25-44,B,Very balanced flavour. imo it's one of the better brands. 😕
1042,female,65+,A,Best coffee I've had in a while. Delivery was really fast.
1043,male,45-64,B,I'll definitely buy again. Would love a decaf version. 😊
1044,male,65+,A,Coffee arrived stale. Would love a decaf version. 👎
1045,male,45-64,A,"Love the aroma, not a fan of the aftertaste. imo it's one of the better brands. 😋"
1046,male,45-64,B,Super smooth taste. Not bad at all tbh. 👌
1047,male,18-24,A,Best coffee I've had in a while. 😋
1048,male,65+,B,Pretty good overall although I expected a stronger roast. ngl I expected more. 😍
1049,male,18-24,B,Love this coffee. imo it's one of the better brands. 😕
1050,female,45-64,A,Not as fresh as expected. Customer service was great too. 😍
1051,male,45-64,B,Too bitter for me. 😅
1052,female,25-44,A,Very balanced flavour. Delivery was really fast. 😕
1053,female,45-64,B,Worth every penny. ngl I expected more. 😅
1054,male,18-24,B,The beans smell fantastic. I drink it every morning. 😊
1055,male,18-24,A,"Love the aroma, not a fan of the aftertaste. Hope you keep the quality consistent. 👎"
1056,female,25-44,A,Works great with milk but black coffee isn't my favourite. ngl I expected more.
1057,male,25-44,B,Way too expensive. Would love a decaf version.
1058,male,65+,B,Packaging could be better. imo it's one of the better brands. 👌
1059,female,18-24,B,The beans smell fantastic. Not bad at all tbh. 🤔
1060,male,65+,B,Expected better. Delivery was really fast.
1061,male,45-64,B,Very balanced flavour. Please introduce more roast options. ❤️
1062,female,25-44,B,Really enjoying Coffee X. 😊
1063,male,45-64,B,Amazing aroma. imo it's one of the better brands. ☕
1064,male,18-24,B,Taste is kinda weak. I drink it every morning.
1065,female,25-44,A,Packaging could be better. Please introduce more roast options.
1066,male,65+,B,My morning feels incomplete without it. Hope you keep the quality consistent. ☕
1067,male,18-24,B,"Love the aroma, not a fan of the aftertaste. Delivery was really fast. 👌"
1068,male,65+,B,I'll definately buy again ❤️
1069,male,18-24,A,Packaging looks premium but freshness could improve. I drink it every morning.
1070,male,25-44,A,Works great with milk but black coffee isn't my favourite. Not bad at all tbh. 👌
1071,male,25-44,A,It's okay. 😍
1072,female,18-24,A,10/10 ❤️ 👍
1073,female,25-44,B,The beans smell fantastic. ngl I expected more.
1074,male,45-64,A,The beans smell fantastic 👍
1075,female,25-44,A,Wouldn't buy again. Would recommend it to friends. 👎
1076,male,25-44,A,coffe arrived stale 👎
1077,male,18-24,A,Worth every penny. Hope you keep the quality consistent.
1078,male,45-64,A,Could be better. 😕
1079,female,45-64,A,Best coffe I've had in a while. I drink it every morning. 😕
1080,male,65+,A,Packaging looks premium but freshness could improve. ngl I expected more. 😕
1081,male,65+,B,Taste is nice but it's a bit pricey. I drink it every morning. ☕
1082,male,18-24,B,Love it ☕ 👌
1083,male,65+,A,Packaging could be better. 😕
1084,female,25-44,B,Pretty good overall although I expected a stronger roast. I drink it every morning. 👌
1085,male,45-64,A,The beans smell fantastic. Customer service was great too.
1086,male,25-44,B,Best coffee I've had in a while. I drink it every morning. 👍
1087,male,45-64,B,Too bitter for me. Would love a decaf version.
1088,male,65+,B,Really enjoying coffe X. I drink it every morning.
1089,male,45-64,B,Worth every penny. Delivery was really fast. 😍
1090,male,25-44,A,Super smooth taste. Hope you keep the qualty consistent. 👍
1091,male,45-64,A,Very balanced flavour. ☕
1092,female,45-64,B,I'll definitely buy again. ngl I expected more. 👌
1093,female,25-44,A,My morning feels incomplete without it. 🤔
1094,female,25-44,B,Amazing aroma. Would love a decaf version.
1095,female,25-44,A,Not as fresh as expected. Delivery was really fast. 👎
1096,female,18-24,A,Bit disappointed. Delivery was rly fast.
1097,female,18-24,A,Works great with milk but black coffe isn't my favourite.
1098,female,18-24,B,Worth every penny. Delivery was really fast. 👎
1099,male,25-44,A,Meh. 😋
1100,male,45-64,A,My morning feels incomplete without it. imo it's one of the better brands. 😋
1101,male,65+,A,Taste is nice but it's a bit pricey. Hope you keep the qualty consistent.
1102,female,18-24,B,The beans smell fantastic. ngl I expected more. 😕
1103,female,25-44,B,cofee arrived stale. ngl I expected more. 😊
1104,female,45-64,A,Wouldn't buy again. Would love a decaf version. 😕
1105,female,25-44,A,Packaging could be better. Would recomend it to friends.
1106,female,45-64,A,Didn't enjoy the aftertaste. Customer service was great too. 👍
1107,female,65+,B,Taste is kinda weak. Would recommend it to friends. 👎
1108,female,18-24,A,"Love the aroma, not a fan of the aftertaste. Customer service was great too. ☕"
1109,male,65+,B,I'll definitely buy again. ngl I expected more. 😅
1110,male,18-24,A,My morning feels incomplete without it. I drink it every morning. 😊
1111,male,18-24,B,Works great with milk but black coffee isn't my favourite. Not bad at all tbh.
1112,male,45-64,A,My morning feels incomplete without it. Please introduce more roast options.
1113,male,18-24,B,Packaging could be better. Would recommend it to friends.
1114,female,65+,A,Very balanced flavour 👎
1115,male,45-64,B,Pretty good overall although I expected a stronger roast. Hope you keep the quality consistent. 😍
1116,female,45-64,B,Way too expensive. Please introduce more roast options. 😊
1117,male,18-24,A,Works gr8 with milk but black coffee isn't my favourite. Customer service was great too.
1118,female,25-44,A,Packaging could be better. I drink it every morning. 👍
1119,female,18-24,A,Not as fresh as expected. imo it's one of the better brands.
1120,female,25-44,B,Works great with milk but black coffe isn't my favourite. Not bad at all tbh.
1121,female,45-64,B,Bit disappointed. Would love a decaf version. 😊
1122,male,18-24,B,Really enjoying Coffee X. imo it's one of the better brands.
1123,male,25-44,B,Not as fresh as expected 😊
1124,female,18-24,A,Super smooth taste. ☕
1125,female,45-64,B,Taste is nice but it's a bit pricey. imo it's one of the better brands.
1126,male,45-64,A,Coffee arrived stale. Would recommend it to friends.
1127,male,25-44,A,Pretty good overall although I expected a stronger roast. I drink it every morning.
1128,female,65+,B,Works great with milk but black coffee isn't my favourite. Please introduce more roast options.
1129,male,65+,A,Wouldn't buy again. imo it's one of the better brands. 😍
1130,male,45-64,A,Really enjoying Coffee X 😅
1131,male,65+,B,Packaging looks premium but freshness could improve. 🤔
1132,female,45-64,A,Best coffe I've had in a while. imo it's one of the better brands. 😅
1133,female,25-44,A,Worth every penny 😕
1134,female,25-44,A,Very balanced flavour
1135,male,45-64,A,Taste is kinda weak 🤔
1136,male,18-24,B,Bit disappointed. Would recomend it to friends.
1137,female,65+,A,Didn't enjoy the aftertaste. imo it's one of the better brands.
1138,male,25-44,B,Works great with milk but black coffee isn't my favourite. Would love a decaf version.
1139,female,18-24,B,Amazing 😍 ☕
1140,male,18-24,B,Yumm 😋 👍
1141,female,25-44,A,Taste is nice but it's a bit pricey. ngl I expected more. 😊
1142,male,18-24,B,My morning feels incomplete without it. 👍
1143,female,25-44,B,Not as fresh as expected. Delivery was realy fast.
1144,female,18-24,B,Very balanced flavour. ❤️
1145,male,65+,A,Very balanced flavour. Hope you keep the quality consistent. 😊
1146,male,25-44,A,"Love the aroma, not a fan of the aftertaste. 👌"
1147,male,25-44,B,Didn't enjoy the aftertaste 👌
1148,male,45-64,A,Coffee arrived stale. Would recomend it to friends. 👌
1149,female,65+,B,Packaging looks premium but freshness could improve. Not bad at all tbh. 👎
1150,male,25-44,A,Love this coffee. Not bad at all tbh. 👌
1151,male,25-44,B,"Love the aroma, not a fan of the aftertaste. Would love a decaf version."
1152,female,65+,A,Super smooth taste.
1153,male,65+,B,Very balanced flavour. Would recommend it to friends. 👍
1154,male,25-44,A,My morning feels incomplete without it. Hope you keep the quality consistent. 😊
1155,female,18-24,A,cofee arrived stale. Please introduce more roast options.
1156,male,18-24,B,Expected better. imo it's one of the better brands. 😍
1157,female,45-64,A,Very balanced flavour. Not bad at all tbh. 👍
1158,female,25-44,A,Best coffee I've had in a while. Hope you keep the quality consistent. ❤️
1159,male,45-64,B,Super smooth taste ❤️
1160,female,65+,A,Packaging looks premium but freshness could improve. Hope you keep the quality consistent. 😊
1161,male,45-64,B,Too bitter for me 👎
1162,female,18-24,B,Works great with milk but black coffee isn't my favourite. 😕
1163,female,65+,A,Taste is kinda weak. Please introduce more roast options.
1164,female,18-24,B,rly enjoying coffe X. ngl I expected more. 👎
1165,female,45-64,B,Yumm 😋
1166,male,25-44,A,Pretty good overall although I expected a stronger roast. Customer service was gr8 too. 😅
1167,female,65+,B,Love this coffee. 😋
1168,male,18-24,A,Pretty good overall although I expected a stronger roast. Would love a decaf version. 😅
1169,female,45-64,A,Worth every penny. ngl I expected more. 😍
1170,female,18-24,A,Really enjoying Coffee X. ☕
1171,female,18-24,B,Way too expensive. Please introduce more roast options. 🤔
1172,female,65+,B,Taste is nice but it's a bit pricey. ❤️
1173,male,45-64,B,Taste is nice but it's a bit pricey. Not bad at all tbh.
1174,male,18-24,A,"Love the aroma, not a fan of the aftertaste. Delivery was realy fast. ❤️"
1175,male,65+,B,The beans smell fantastic. Hope you keep the quality consistent. ❤️
1176,male,18-24,A,Love this coffee. ngl I expected more. 👍
1177,female,65+,B,"Love the aroma, not a fan of the aftertaste. imo it's one of the better brands. 👌"
1178,male,65+,A,Works great with milk but black coffee isn't my favourite. Customer service was great too.
1179,female,45-64,A,Love this coffee. 😕
1180,male,65+,A,Works great with milk but black coffee isn't my favourite. 👌
1181,female,18-24,B,Packaging looks premium but freshness could improve. Delivery was really fast. 😋
1182,male,25-44,A,I'll definitely buy again. Hope you keep the qualty consistent.
1183,male,65+,A,Very balanced flavour 😊
1184,male,45-64,A,Very balanced flavour. Would love a decaf version. 😋
1185,male,65+,B,Wouldn't buy again. Please introduce more roast options. ☕
1186,female,45-64,B,Works great with milk but black coffee isn't my favourite. 😅
1187,female,25-44,A,Taste is kinda weak. Hope you keep the qualty consistent.
1188,male,25-44,B,Really enjoying Coffee X. Customer service was great too. 😍
1189,male,45-64,A,rly enjoying Coffee X. Delivery was really fast. 😕
1190,female,45-64,B,Super smooth taste 😋
1191,female,25-44,B,Pretty good! 😕
1192,female,45-64,B,Worth every penny. Please introduce more roast options. 😋
1193,male,65+,B,I'll definetly buy again. 👍
1194,female,25-44,B,Not as fresh as expected. Would love a decaf version.
1195,male,18-24,A,Taste is kinda weak
1196,female,45-64,A,It's okay. 👍
1197,female,18-24,A,Too expensive 😕 👎
1198,male,18-24,A,My morning feels incomplete without it. Hope you keep the quality consistent. 🤔
1199,male,65+,B,My morning feels incomplete without it. Hope you keep the qualty consistent.
1200,male,18-24,A,Way too expensive. I drink it every morning. ☕
1201,male,65+,B,Super smooth taste. I drink it every morning. 😕
1202,female,65+,B,"Love the aroma, not a fan of the aftertaste. Hope you keep the quality consistent. 😍"
1203,male,25-44,A,Coffee arrived stale. 😊
1204,female,65+,A,Expected better. Customer service was gr8 too.
1205,male,18-24,A,I'll definately buy again. Delivery was really fast.
1206,male,65+,A,Way too expensive. Please introduce more roast options.
1207,female,18-24,A,cofee arrived stale. imo it's one of the better brands.
1208,female,25-44,A,Not bad. 🤔
1209,female,65+,B,Meh.
1210,male,25-44,A,Very balanced flavour. ngl I expected more.
1211,female,25-44,A,Amazing 😍 😅
1212,female,45-64,B,Love this coffe 👍
1213,female,65+,A,I'll definitely buy again. ngl I expected more. 😍
1214,male,45-64,B,Taste is kinda weak 👌
1215,male,45-64,B,Way too expensive. Please introduce more roast options. 😋
1216,male,25-44,B,Worth every penny. ngl I expected more.
1217,female,45-64,A,rly enjoying Coffee X 😍
1218,male,65+,B,Too bitter for me. Would recommend it to friends.
1219,female,25-44,B,Too expensive 😕 😋
1220,male,65+,B,Didn't enjoy the aftertaste 😕
1221,female,45-64,A,Way too expensive. Hope you keep the quality consistent. 😊
1222,male,18-24,B,Pretty good overall although I expected a stronger roast. Customer service was great too.
1223,female,45-64,B,Pretty good overall although I expected a stronger roast. ngl I expected more. 😊
1224,male,65+,B,Packaging looks premium but freshness could improve. 😍
1225,female,18-24,A,Very balanced flavour. imo it's one of the better brands. 🤔
1226,female,18-24,B,Not as fresh as expected. ngl I expected more.
1227,male,65+,B,The beans smell fantastic. Would love a decaf version.
1228,female,65+,B,Works great with milk but black coffee isn't my favourite. Customer service was great too. ❤️
1229,male,45-64,B,"Love the aroma, not a fan of the aftertaste. ngl I expected more."
1230,female,65+,A,Really enjoying Coffee X. Not bad at all tbh.
1231,female,45-64,B,Coffee arrived stale. ngl I expected more. 😋
1232,male,45-64,B,Works gr8 with milk but black coffee isn't my favourite. 👌
1233,male,45-64,B,"Love the aroma, not a fan of the aftertaste. Would recomend it to friends. 😊"
1234,female,45-64,A,Super smooth taste. Would love a decaf version. 🤔
1235,male,25-44,B,Works great with milk but black coffee isn't my favourite. Would love a decaf version. 😊
1236,male,45-64,A,Packaging looks premium but freshness could improve. Please introduce more roast options. 😋
1237,female,18-24,A,Love this coffee. Please introduce more roast options. 👌
1238,male,18-24,B,Packaging looks premium but freshness could improve. Hope you keep the quality consistent. 👌
1239,female,18-24,A,Works great with milk but black coffee isn't my favourite. Hope you keep the qualty consistent. 👌
1240,male,45-64,B,Didn't enjoy the aftertaste ❤️
1241,male,18-24,B,Didn't enjoy the aftertaste. Delivery was really fast. 👌
1242,male,18-24,B,Didn't enjoy the aftertaste. ngl I expected more. 😍
1243,female,45-64,B,Really enjoying Coffee X 🤔
1244,female,65+,A,I'll definately buy again. ngl I expected more.
1245,female,65+,A,Very balanced flavour. Would love a decaf version. 👍
1246,male,25-44,B,Expected better. Please introduce more roast options.
1247,female,18-24,B,Packaging could be better. ngl I expected more.
1248,female,25-44,A,Meh. 😕
1249,male,65+,A,Works great with milk but black coffee isn't my favourite.
1250,female,45-64,B,Didn't enjoy the aftertaste. 👍
1251,female,65+,B,Really enjoying Coffee X. I drink it every morning. ☕
1252,female,18-24,A,coffe arrived stale. Hope you keep the quality consistent.
1253,male,18-24,B,Wouldn't buy again. 👌
1254,female,65+,A,Pretty good overall although I expected a stronger roast. imo it's one of the better brands. 👌
1255,male,25-44,A,Taste is nice but it's a bit pricey. ☕
1256,female,45-64,B,Very balanced flavour. Hope you keep the quality consistent. ☕
1257,female,65+,A,Worth every penny. ❤️
1258,female,45-64,B,The beans smell fantastic. Would recommend it to friends. 😍
1259,male,45-64,B,Pretty good overall although I expected a stronger roast. Please introduce more roast options. 👌
1260,female,45-64,B,Really enjoying cofee X
1261,male,25-44,A,Not as fresh as expected 😕
1262,female,18-24,A,Didn't enjoy the aftertaste. Would love a decaf version. 😋
1263,female,45-64,B,Amazing aroma. 👍
1264,male,45-64,A,Expected better. Would recommend it to friends.
1265,female,25-44,B,Works great with milk but black coffee isn't my favourite. Would recomend it to friends.
1266,female,25-44,A,Worth every penny 😍
1267,female,45-64,B,Expected better. Would love a decaf version.
1268,male,65+,A,Not as fesh as expected
1269,female,25-44,A,Worth every penny 😊
1270,female,18-24,B,Bit disappointed. 😅
1271,female,18-24,B,Super smooth taste. Not bad at all tbh. 😋
1272,male,18-24,A,Not as fresh as expected. I drink it every morning. 😋
1273,male,18-24,A,Amazing aroma
1274,male,65+,B,Pretty good overall although I expected a stronger roast. 😋
1275,female,25-44,A,Taste is nice but it's a bit pricey. Would recommend it to friends. 😕
1276,male,18-24,B,Wouldn't buy again 😅
1277,male,65+,B,Not as fresh as expected. Not bad at all tbh. 👎
1278,female,25-44,A,Expected better. Delivery was really fast. ❤️
1279,female,18-24,A,Super smooth taste 😅
1280,male,65+,A,Coffee arrived stale ☕
1281,female,25-44,A,Yumm 😋 👎
1282,female,65+,B,Really enjoying Coffee X. imo it's one of the better brands. 👌
1283,female,65+,A,Worth every penny 😅
1284,female,65+,B,Way too expensive. Delivery was really fast. ☕
1285,male,45-64,A,Love this coffee. Hope you keep the quality consistent.
1286,female,45-64,B,Love this coffee
1287,female,65+,A,Packaging could be better. 👌
1288,male,65+,A,Super smooth taste. Hope you keep the quality consistent. ☕
1289,male,45-64,B,Coffee arrived stale. imo it's one of the better brands. 😋
1290,female,45-64,B,Pretty good overall although I expected a stronger roast. 🤔
1291,female,18-24,A,Taste is nice but it's a bit pricey. Would recommend it to friends.
1292,female,65+,B,Way too expensive. I drink it every morning. 😍
1293,female,18-24,A,Taste is kinda weak. Would love a decaf version.
1294,female,45-64,A,My morning feels incomplete without it. 😊
1295,female,18-24,B,Bit disappointed. Please introduce more roast options. 😍
1296,male,25-44,B,My morning feels incomplete without it. Would recommend it to friends. 😅
1297,male,65+,A,Love this coffee. Not bad at all tbh.
1298,male,45-64,B,Super smooth taste. I drink it every morning. 🤔
1299,male,18-24,B,Didn't enjoy the aftertaste. Delivery was realy fast.
1300,female,45-64,B,Works gr8 with milk but black coffee isn't my favourite. Not bad at all tbh.
1301,male,25-44,B,I'll definitely buy again 👍
1302,female,45-64,B,Amazing aroma. ngl I expected more.
1303,female,18-24,A,Packaging looks premium but freshness could improve. Please introduce more roast options.
1304,female,18-24,B,I'll definetly buy again. Not bad at all tbh. ☕
1305,female,65+,B,10/10 ❤️ ❤️
1306,male,65+,A,Really enjoying Coffee X. ngl I expected more.
1307,female,18-24,B,Best coffee I've had in a while. I drink it every morning. 😊
1308,female,18-24,A,The beans smell fantastic. Would recomend it to friends.
1309,male,65+,A,Could be better.
1310,female,25-44,A,Wouldn't buy again. Delivery was rly fast.
1311,female,25-44,B,Best coffee I've had in a while. Would recommend it to friends. 😊
1312,male,65+,A,Didn't enjoy the aftertaste. imo it's one of the better brands. 👎
1313,female,25-44,A,Wouldn't buy again. I drink it every morning.
1314,female,45-64,B,realy enjoying coffe X.
1315,male,45-64,B,Yumm 😋 😍
1316,female,25-44,A,Didn't enjoy the aftertaste. Would love a decaf version. 👎
1317,female,45-64,B,My morning feels incomplete without it. ngl I expected more.
1318,male,25-44,B,Best coffee I've had in a while 🤔
1319,male,45-64,A,"Love the aroma, not a fan of the aftertaste. Hope you keep the qualty consistent. 😋"
1320,male,18-24,A,Packaging looks premium but freshness could improve. Would recommend it to friends.
1321,male,25-44,B,Taste is nice but it's a bit pricey. Please introduce more roast options. 👍
1322,male,65+,A,The beans smell fantastic. Delivery was really fast.
1323,female,18-24,A,Worth every penny. Not bad at all tbh.
1324,male,65+,A,rly enjoying cofee X 😊
1325,female,18-24,B,My morning feels incomplete without it 👍
1326,male,45-64,A,"Love the aroma, not a fan of the aftertaste. I drink it every morning. 😕"
1327,male,25-44,B,I'll definitely buy again. Delivery was really fast. ❤️
1328,female,45-64,A,Very balanced flavour. 😊
1329,male,25-44,B,Really enjoying cofee X. Would love a decaf version.
1330,female,18-24,A,Bit disappointed. Hope you keep the quality consistent. 😋
1331,male,45-64,A,Very balanced flavour. I drink it every morning. 👎
1332,male,65+,A,Expected better. Not bad at all tbh. 😅
1333,male,65+,A,Amazing aroma. Please introduce more roast options. 😍
1334,female,25-44,B,Taste is kinda weak 😊
1335,male,25-44,A,I'll definitely buy again. 😍
1336,male,45-64,B,Meh. 😊
1337,female,65+,B,Way too expensive. I drink it every morning. 😋
1338,female,25-44,A,Love this coffe
1339,female,45-64,A,My morning feels incomplete without it. Delivery was really fast. 😅
1340,female,18-24,B,10/10 ❤️ 🤔
1341,female,45-64,B,Taste is nice but it's a bit pricey. Customer service was gr8 too.
1342,female,25-44,A,Bit disappointed. Please introduce more roast options.
1343,male,18-24,A,Expected better. imo it's one of the better brands.
1344,male,45-64,B,Yumm 😋 😅
1345,female,45-64,A,Pretty good overall although I expected a stronger roast. Would recommend it to friends.
1346,male,65+,A,Bit disappointed. imo it's one of the better brands. 😅
1347,female,45-64,B,Worth every penny. 👎
1348,male,25-44,B,Really enjoying coffe X. Hope you keep the quality consistent.
1349,male,45-64,A,Not as fresh as expected. Would recommend it to friends.
1350,male,25-44,B,Packaging looks premium but freshness could improve. Would recommend it to friends. ☕
1351,male,45-64,A,My morning feels incomplete without it. Please introduce more roast options. 😅
1352,female,18-24,A,Packaging could be better. imo it's one of the better brands. 👎
1353,male,18-24,B,The beans smell fantastic.
1354,female,18-24,A,Super smooth taste. Not bad at all tbh.
1355,male,65+,A,Not as fresh as expected. Please introduce more roast options. 😅
1356,male,18-24,A,cofee arrived stale.
1357,female,65+,B,Really enjoying Coffee X. Would recomend it to friends.
1358,female,25-44,B,Meh. 👍
1359,male,25-44,A,Packaging could be better. Delivery was really fast. 👌
1360,female,65+,B,Worth every penny. Customer service was great too. 👎
1361,male,25-44,A,Packaging looks premium but freshness could improve. ngl I expected more. ☕
1362,female,25-44,B,Amazing aroma. Customer service was great too. 😕
1363,male,65+,A,Works gr8 with milk but black cofee isn't my favourite. ❤️
1364,male,18-24,A,Best coffee I've had in a while. Would love a decaf version. ☕
1365,male,45-64,B,Packaging looks premium but freshness could improve. ngl I expected more.
1366,male,65+,A,The beans smell fantastic. I drink it every morning. ☕
1367,female,25-44,A,Coffee arrived stale. Delivery was really fast. 👌
1368,male,45-64,A,Super smooth taste. ngl I expected more. 👍
1369,male,65+,A,cofee arrived stale. ngl I expected more.
1370,male,25-44,A,Packaging looks premium but freshness could improve. Not bad at all tbh.
1371,female,45-64,B,Worth every penny. Hope you keep the qualty consistent.
1372,male,25-44,A,Best coffee I've had in a while. Customer service was great too. 😅
1373,male,18-24,A,My morning feels incomplete without it 😊
1374,female,25-44,A,Amazing aroma 😕
1375,female,45-64,B,Works gr8 with milk but black coffee isn't my favourite.
1376,male,45-64,A,My morning feels incomplete without it. 😕
1377,male,25-44,B,Amazing aroma. imo it's one of the better brands. 👌
1378,female,65+,A,Super smooth taste. Delivery was really fast. 😍
1379,male,45-64,B,Taste is nice but it's a bit pricey. Hope you keep the quality consistent. 👍
1380,female,18-24,B,Amazing aroma. Customer service was great too. 👌
1381,female,65+,B,Way too expensive
1382,female,18-24,A,Too bitter for me. Delivery was really fast. ❤️
1383,male,25-44,A,Expected better. I drink it every morning.
1384,female,65+,A,Packaging could be better 👍
1385,female,45-64,A,Packaging looks premium but freshness could improve. I drink it every morning. 😋
1386,female,18-24,A,Packaging could be better. Would love a decaf version.
1387,male,65+,B,Coffee arrived stale. Not bad at all tbh. 👎
1388,male,65+,B,Pretty good overall although I expected a stronger roast. Please introduce more roast options. 😊
1389,male,18-24,B,Didn't enjoy the aftertaste. 😍
1390,male,45-64,B,My morning feels incomplete without it. Not bad at all tbh.
1391,male,45-64,A,Packaging could be better. Customer service was great too.
1392,female,65+,B,Love this coffe Please introduce more roast options.
1393,female,25-44,A,Packaging looks premium but freshness could improve. Would recommend it to friends. 😕
1394,male,65+,A,Worth every penny. Hope you keep the quality consistent. 👍
1395,male,45-64,A,Best coffee I've had in a while. imo it's one of the better brands.
1396,male,45-64,B,Too bitter for me. Delivery was really fast. 😅
1397,female,45-64,B,Best coffee I've had in a while. Would recommend it to friends. ❤️
1398,female,25-44,B,Taste is nice but it's a bit pricey. ngl I expected more. 😍
1399,female,45-64,A,Super smooth taste. I drink it every morning.
1400,female,25-44,B,Didn't enjoy the aftertaste. Delivery was really fast.
1401,female,18-24,A,Not as fesh as expected. Would love a decaf version.
1402,female,25-44,A,Packaging could be better. Hope you keep the quality consistent.
1403,male,65+,A,Pretty good overall although I expected a stronger roast. Hope you keep the quality consistent.
1404,male,25-44,A,Worth every penny. Delivery was really fast. ☕
1405,female,45-64,A,Coffee arrived stale.
1406,male,25-44,A,Not bad. 😕
1407,male,45-64,B,It's okay. 😕
1408,female,45-64,A,Way too expensive. Delivery was really fast.
1409,male,45-64,A,Not bad. 😅
1410,female,45-64,B,"Love the aroma, not a fan of the aftertaste. ngl I expected more. 😅"
1411,female,45-64,B,Love this coffee. 👌
1412,female,25-44,A,Not as fresh as expected. imo it's one of the better brands. 😅
1413,female,18-24,B,coffe arrived stale.
1414,female,18-24,B,Super smooth taste. Please introduce more roast options.
1415,male,25-44,B,Didn't enjoy the aftertaste. imo it's one of the better brands. ☕
1416,female,18-24,B,Pretty good overall although I expected a stronger roast. imo it's one of the better brands. 😍
1417,female,25-44,B,My morning feels incomplete without it. I drink it every morning. 😕
1418,male,45-64,A,Bit disappointed.
1419,male,45-64,A,Way too expensive. Would love a decaf version. ☕
1420,male,45-64,B,Taste is kinda weak 😕
1421,female,25-44,A,Amazing aroma. Not bad at all tbh. ☕
1422,male,65+,B,Love this coffee. Hope you keep the qualty consistent.
1423,male,45-64,A,Best coffee I've had in a while. I drink it every morning.
1424,female,18-24,A,Super smooth taste. 👍
1425,female,45-64,A,Worth every penny. Would recommend it to friends. 👎
1426,male,25-44,A,Works great with milk but black coffee isn't my favourite. ngl I expected more. 😊
1427,male,65+,A,Way too expensive ❤️
1428,female,25-44,A,Love this coffe Would love a decaf version. ❤️
1429,male,65+,A,Works gr8 with milk but black coffee isn't my favourite. 😅
1430,female,45-64,A,Wouldn't buy again. Hope you keep the quality consistent.
1431,female,25-44,A,Super smooth taste. Hope you keep the quality consistent.
1432,male,65+,B,Coffee arrived stale. imo it's one of the better brands. 🤔
1433,female,45-64,A,My morning feels incomplete without it. Please introduce more roast options. 😍
1434,female,65+,B,Yumm 😋 😕
1435,male,25-44,A,Worth every penny ☕
1436,female,65+,B,Too bitter for me. Not bad at all tbh. 😅
1437,male,18-24,B,Taste is nice but it's a bit pricey. 😊
1438,male,25-44,B,Best coffee I've had in a while. imo it's one of the better brands. 😕
1439,female,18-24,B,Not as fresh as expected. ❤️
1440,male,18-24,A,Amazing aroma. 😊
1441,female,18-24,B,Very balanced flavour. 👌
1442,female,65+,A,Very balanced flavour. ngl I expected more. 😍
1443,male,25-44,B,Super smooth taste. Customer service was gr8 too.
1444,female,65+,A,I'll definitely buy again. 👎
1445,male,45-64,A,Love this coffee 😋
1446,female,25-44,B,Super smooth taste 👌
1447,male,18-24,A,Amazing aroma. Not bad at all tbh.
1448,male,25-44,B,Not as fesh as expected. Would reccomend it to friends.
1449,female,65+,A,I'll definitely buy again. Would recommend it to friends. ❤️
1450,female,65+,A,My morning feels incomplete without it. Would love a decaf version.
1451,female,25-44,B,Amazing aroma 😅
1452,male,45-64,B,Amazing aroma. Would love a decaf version. 👎
1453,female,18-24,B,Taste is kinda weak. Would love a decaf version. 🤔
1454,female,25-44,A,Taste is kinda weak. ngl I expected more.
1455,male,45-64,A,Super smooth taste. Customer service was great too. ☕
1456,female,45-64,A,I'll definitely buy again. I drink it every morning. 👌
1457,female,65+,A,Best coffe I've had in a while.
1458,male,25-44,B,Coffee arrived stale. Hope you keep the qualty consistent. 🤔
1459,male,25-44,A,Works gr8 with milk but black cofee isn't my favourite. Delivery was really fast.
1460,male,45-64,A,Wouldn't buy again. Not bad at all tbh. 😕
1461,male,25-44,A,Amazing aroma. Hope you keep the quality consistent. 👎
1462,male,25-44,A,My morning feels incomplete without it. Delivery was really fast.
1463,male,18-24,B,I'll definitely buy again. Would recommend it to friends. 😋
1464,male,18-24,B,Amazing aroma 😊
1465,male,65+,B,Wouldn't buy again. Customer service was great too. 😅
1466,male,25-44,B,Amazing aroma. ngl I expected more. 😕
1467,female,65+,B,"Love the aroma, not a fan of the aftertaste. 😋"
1468,male,18-24,B,Works gr8 with milk but black cofee isn't my favourite. Customer service was great too.
1469,male,25-44,A,My morning feels incomplete without it. I drink it every morning. 😅
1470,female,65+,A,Expected better 😅
1471,male,25-44,B,Pretty good overall although I expected a stronger roast. I drink it every morning. 😋
1472,male,65+,B,Didn't enjoy the aftertaste. Hope you keep the quality consistent. 😊
1473,female,45-64,A,Love it ☕ ❤️
1474,male,45-64,A,My morning feels incomplete without it. Please introduce more roast options. 👌
1475,female,25-44,A,My morning feels incomplete without it. Customer service was great too. 😍
1476,male,65+,A,Too bitter for me. ☕
1477,female,25-44,A,Very balanced flavour. imo it's one of the better brands.
1478,female,25-44,A,Didn't enjoy the aftertaste. imo it's one of the better brands. 😊
1479,male,65+,B,Meh. 😅
1480,female,65+,B,Super smooth taste. Delivery was really fast.
1481,female,45-64,B,Super smooth taste. Customer service was great too. 👌
1482,male,25-44,B,Taste is nice but it's a bit pricey. Hope you keep the quality consistent. 👎
1483,male,45-64,B,Worth every penny. imo it's one of the better brands. ❤️
1484,female,18-24,B,Works great with milk but black coffee isn't my favourite. ngl I expected more. 😍
1485,male,18-24,A,Very balanced flavour 👌
1486,male,45-64,B,Love this coffee. 😅
1487,male,25-44,B,Pretty good! ❤️
1488,female,25-44,A,Pretty good overall although I expected a stronger roast. ❤️
1489,female,65+,B,I'll definitely buy again. Hope you keep the quality consistent. 😅
1490,male,65+,A,Very balanced flavour ❤️
1491,male,45-64,A,Wouldn't buy again. Would love a decaf version. 😅
1492,female,45-64,A,Too bitter for me. Delivery was really fast. 😕
1493,male,18-24,A,Super smooth taste. Would recomend it to friends.
1494,male,45-64,B,Didn't enjoy the aftertaste.
1495,female,65+,A,Really enjoying Coffee X. imo it's one of the better brands. 😊
1496,female,65+,B,Bit disappointed 👌
1497,female,18-24,A,Taste is kinda weak. Hope you keep the quality consistent.
1498,female,18-24,B,Packaging looks premium but freshness could improve. Would love a decaf version. 😍
1499,female,65+,B,My morning feels incomplete without it. 👎
1500,male,25-44,A,Not as fesh as expected. Delivery was really fast.
