RespondentID,Feedback,clean_feedback
1,Taste is nice but it's a bit pricey. Hope you keep the quality consistent.,taste is nice but its a bit pricey hope you keep the quality consistent
2,My morning feels incomplete without it. Customer service was gr8 too. 👍,my morning feels incomplete without it customer service was gr too
3,Love this coffee. Not bad at all tbh. 👎,love this coffee not bad at all honestly
4,Expected better 👍,expected better
5,Worth every penny. 😕,worth every penny
6,Taste is nice but it's a bit pricey. Delivery was really fast. ☕,taste is nice but its a bit pricey delivery was really fast
7,Coffee arrived stale. Customer service was great too.,coffee arrived stale customer service was great too
8,Packaging could be better. Please introduce more roast options. 🤔,packaging could be better please introduce more roast options
9,Coffee arrived stale. Please introduce more roast options. 👎,coffee arrived stale please introduce more roast options
10,Coffee arrived stale. imo it's one of the better brands. 👌,coffee arrived stale opinion its one of the better brands
11,Coffee arrived stale. Customer service was gr8 too.,coffee arrived stale customer service was gr too
12,Wouldn't buy again. 😕,wouldnt buy again
13,Works great with milk but black coffee isn't my favourite. imo it's one of the better brands. 😋,works great with milk but black coffee isnt my favourite opinion its one of the better brands
14,Way too expensive. imo it's one of the better brands. 😋,way too expensive opinion its one of the better brands
15,Meh. 🤔,meh
16,Works great with milk but black coffee isn't my favourite. imo it's one of the better brands. ❤️,works great with milk but black coffee isnt my favourite opinion its one of the better brands
17,"Love the aroma, not a fan of the aftertaste. 😍",love the aroma not a fan of the aftertaste
18,Bit disappointed. Would recommend it to friends. 🤔,bit disappointed would recommend it to friends
19,Too bitter for me. ngl I expected more.,too bitter for me honestly i expected more
20,Expected better. Hope you keep the qualty consistent.,expected better hope you keep the qualty consistent
21,Best coffee I've had in a while. 🤔,best coffee ive had in a while
22,Really enjoying Coffee X. Hope you keep the qualty consistent.,really enjoying coffee x hope you keep the qualty consistent
23,Bit disappointed. Please introduce more roast options. 😋,bit disappointed please introduce more roast options
24,Bit disappointed. Delivery was really fast.,bit disappointed delivery was really fast
25,Could be better. ☕,could be better
26,Way too expensive. Customer service was great too.,way too expensive customer service was great too
27,Very balanced flavour 👍,very balanced flavour
28,Works great with milk but black coffee isn't my favourite. 🤔,works great with milk but black coffee isnt my favourite
29,Coffee arrived stale. imo it's one of the better brands. ☕,coffee arrived stale opinion its one of the better brands
30,The beans smell fantastic. Please introduce more roast options.,the beans smell fantastic please introduce more roast options
31,Works great with milk but black coffee isn't my favourite. Hope you keep the quality consistent.,works great with milk but black coffee isnt my favourite hope you keep the quality consistent
32,It's okay. 🤔,its okay
33,Meh. 👎,meh
34,I'll definitely buy again 😕,ill definitely buy again
35,Taste is kinda weak. Delivery was really fast.,taste is kinda weak delivery was really fast
36,rly enjoying Coffee X. Delivery was really fast. 👌,rly enjoying coffee x delivery was really fast
37,Packaging looks premium but freshness could improve. Would love a decaf version. 😕,packaging looks premium but freshness could improve would love a decaf version
38,Didn't enjoy the aftertaste. I drink it every morning. 😍,didnt enjoy the aftertaste i drink it every morning
39,Best coffee I've had in a while 😅,best coffee ive had in a while
40,Pretty good overall although I expected a stronger roast. 😕,pretty good overall although i expected a stronger roast
41,The beans smell fantastic. ngl I expected more. 👎,the beans smell fantastic honestly i expected more
42,Works great with milk but black coffee isn't my favourite. Not bad at all tbh. 😕,works great with milk but black coffee isnt my favourite not bad at all honestly
43,Coffee arrived stale. Please introduce more roast options.,coffee arrived stale please introduce more roast options
44,coffe arrived stale. 😅,coffe arrived stale
45,Works great with milk but black coffe isn't my favourite. Delivery was really fast.,works great with milk but black coffe isnt my favourite delivery was really fast
46,Worth every penny. Hope you keep the quality consistent. 😅,worth every penny hope you keep the quality consistent
47,I'll definitely buy again. Customer service was great too.,ill definitely buy again customer service was great too
48,"Love the aroma, not a fan of the aftertaste. Hope you keep the quality consistent.",love the aroma not a fan of the aftertaste hope you keep the quality consistent
49,Too bitter for me. Hope you keep the qualty consistent.,too bitter for me hope you keep the qualty consistent
50,Coffee arrived stale. ngl I expected more.,coffee arrived stale honestly i expected more
51,Not as fresh as expected. I drink it every morning. ❤️,not as fresh as expected i drink it every morning
52,Love it ☕ 👎,love it
53,Really enjoying Coffee X. I drink it every morning. 👍,really enjoying coffee x i drink it every morning
54,Way too expensive. imo it's one of the better brands.,way too expensive opinion its one of the better brands
55,Bit disappointed. Would recommend it to friends. ❤️,bit disappointed would recommend it to friends
56,Love this coffee. imo it's one of the better brands. ❤️,love this coffee opinion its one of the better brands
57,The beans smell fantastic. I drink it every morning.,the beans smell fantastic i drink it every morning
58,Didn't enjoy the aftertaste. Hope you keep the qualty consistent.,didnt enjoy the aftertaste hope you keep the qualty consistent
59,Best coffee I've had in a while ❤️,best coffee ive had in a while
60,Bit disappointed. ngl I expected more. ❤️,bit disappointed honestly i expected more
61,Not as fresh as expected. Please introduce more roast options. 👍,not as fresh as expected please introduce more roast options
62,Really enjoying Coffee X. I drink it every morning.,really enjoying coffee x i drink it every morning
63,The beans smell fantastic. Would recommend it to friends. 😕,the beans smell fantastic would recommend it to friends
64,Taste is nice but it's a bit pricey. Would recommend it to friends. ❤️,taste is nice but its a bit pricey would recommend it to friends
65,Packaging looks premium but freshness could improve. 😋,packaging looks premium but freshness could improve
66,Didn't enjoy the aftertaste. Delivery was really fast. ❤️,didnt enjoy the aftertaste delivery was really fast
67,My morning feels incomplete without it. ngl I expected more. 😋,my morning feels incomplete without it honestly i expected more
68,Wouldn't buy again. ngl I expected more.,wouldnt buy again honestly i expected more
69,Expected better. Hope you keep the quality consistent.,expected better hope you keep the quality consistent
70,Very balanced flavour. ngl I expected more. ☕,very balanced flavour honestly i expected more
71,Not as fresh as expected. Delivery was really fast. ❤️,not as fresh as expected delivery was really fast
72,Works gr8 with milk but black cofee isn't my favourite. Hope you keep the quality consistent.,works gr with milk but black cofee isnt my favourite hope you keep the quality consistent
73,Amazing aroma. 👌,amazing aroma
74,My morning feels incomplete without it. Not bad at all tbh. 👍,my morning feels incomplete without it not bad at all honestly
75,Very balanced flavour. Customer service was gr8 too.,very balanced flavour customer service was gr too
76,realy enjoying Coffee X. Not bad at all tbh.,realy enjoying coffee x not bad at all honestly
77,The beans smell fantastic. Would love a decaf version. 👍,the beans smell fantastic would love a decaf version
78,Love it ☕ 🤔,love it
79,Amazing 😍 😍,amazing
80,Really enjoying Coffee X. Hope you keep the quality consistent. 😅,really enjoying coffee x hope you keep the quality consistent
81,Works great with milk but black cofee isn't my favourite.,works great with milk but black cofee isnt my favourite
82,Too bitter for me 😅,too bitter for me
83,Amazing 😍 😊,amazing
84,Coffee arrived stale 😋,coffee arrived stale
85,"Love the aroma, not a fan of the aftertaste. Not bad at all tbh. 😍",love the aroma not a fan of the aftertaste not bad at all honestly
86,I'll definitely buy again. imo it's one of the better brands. 🤔,ill definitely buy again opinion its one of the better brands
87,Pretty good overall although I expected a stronger roast. 😍,pretty good overall although i expected a stronger roast
88,Taste is nice but it's a bit pricey. Customer service was great too. 👍,taste is nice but its a bit pricey customer service was great too
89,Very balanced flavour 🤔,very balanced flavour
90,Bit disappointed. I drink it every morning. 🤔,bit disappointed i drink it every morning
91,Too expensive 😕 😍,too expensive
92,I'll definitely buy again. I drink it every morning. 🤔,ill definitely buy again i drink it every morning
93,coffe arrived stale. imo it's one of the better brands.,coffe arrived stale opinion its one of the better brands
94,It's okay. 😅,its okay
95,Pretty good overall although I expected a stronger roast. Delivery was really fast.,pretty good overall although i expected a stronger roast delivery was really fast
96,Amazing aroma. Would recommend it to friends. ❤️,amazing aroma would recommend it to friends
97,Way too expensive. ngl I expected more.,way too expensive honestly i expected more
98,Works gr8 with milk but black coffee isn't my favourite. ❤️,works gr with milk but black coffee isnt my favourite
99,Best coffee I've had in a while. ngl I expected more. 😍,best coffee ive had in a while honestly i expected more
100,Not bad. ☕,not bad
101,Packaging looks premium but freshness could improve. 😅,packaging looks premium but freshness could improve
102,Wouldn't buy again. Please introduce more roast options.,wouldnt buy again please introduce more roast options
103,I'll definitely buy again. Not bad at all tbh. 🤔,ill definitely buy again not bad at all honestly
104,Love this coffee. imo it's one of the better brands. 😊,love this coffee opinion its one of the better brands
105,"Love the aroma, not a fan of the aftertaste. Would recommend it to friends.",love the aroma not a fan of the aftertaste would recommend it to friends
106,I'll definitely buy again. ❤️,ill definitely buy again
107,Way too expensive. Hope you keep the quality consistent. 😋,way too expensive hope you keep the quality consistent
108,Amazing aroma. 👎,amazing aroma
109,Really enjoying Coffee X. imo it's one of the better brands. 👎,really enjoying coffee x opinion its one of the better brands
110,Not as fresh as expected. Hope you keep the quality consistent.,not as fresh as expected hope you keep the quality consistent
111,Works gr8 with milk but black coffee isn't my favourite. I drink it every morning. ☕,works gr with milk but black coffee isnt my favourite i drink it every morning
112,My morning feels incomplete without it 😋,my morning feels incomplete without it
113,Love this coffee. I drink it every morning. ❤️,love this coffee i drink it every morning
114,Pretty good! 🤔,pretty good
115,Very balanced flavour. Would recommend it to friends. 😋,very balanced flavour would recommend it to friends
116,Taste is kinda weak. Would love a decaf version. 👌,taste is kinda weak would love a decaf version
117,I'll definitely buy again. Not bad at all tbh. 😅,ill definitely buy again not bad at all honestly
118,Very balanced flavour. Please introduce more roast options.,very balanced flavour please introduce more roast options
119,Didn't enjoy the aftertaste 😅,didnt enjoy the aftertaste
120,Amazing 😍 ❤️,amazing
121,Taste is nice but it's a bit pricey. 👌,taste is nice but its a bit pricey
122,Amazing aroma 🤔,amazing aroma
123,Amazing 😍 😕,amazing
124,Expected better. 🤔,expected better
125,The beans smell fantastic. Would reccomend it to friends. ☕,the beans smell fantastic would reccomend it to friends
126,Works gr8 with milk but black coffee isn't my favourite. 👍,works gr with milk but black coffee isnt my favourite
127,Taste is kinda weak. Customer service was great too. 🤔,taste is kinda weak customer service was great too
128,Taste is nice but it's a bit pricey. 👍,taste is nice but its a bit pricey
129,Really enjoying Coffee X. Not bad at all tbh. 😅,really enjoying coffee x not bad at all honestly
130,Didn't enjoy the aftertaste. Customer service was great too.,didnt enjoy the aftertaste customer service was great too
131,Taste is nice but it's a bit pricey. Would recommend it to friends. 😍,taste is nice but its a bit pricey would recommend it to friends
132,Bit disappointed. Hope you keep the quality consistent. 👍,bit disappointed hope you keep the quality consistent
133,Expected better. Customer service was great too. 😅,expected better customer service was great too
134,Best cofee I've had in a while 😕,best cofee ive had in a while
135,Packaging looks premium but freshness could improve. Would love a decaf version. 👌,packaging looks premium but freshness could improve would love a decaf version
136,Didn't enjoy the aftertaste. Please introduce more roast options. 😋,didnt enjoy the aftertaste please introduce more roast options
137,"Love the aroma, not a fan of the aftertaste. Please introduce more roast options. 😅",love the aroma not a fan of the aftertaste please introduce more roast options
138,Not as fesh as expected. Not bad at all tbh. ❤️,not as fesh as expected not bad at all honestly
139,realy enjoying Coffee X. Please introduce more roast options.,realy enjoying coffee x please introduce more roast options
140,"Love the aroma, not a fan of the aftertaste. Would love a decaf version. 😋",love the aroma not a fan of the aftertaste would love a decaf version
141,I'll definitely buy again 😅,ill definitely buy again
142,Really enjoying coffe X. Would recommend it to friends.,really enjoying coffe x would recommend it to friends
143,Expected better. ❤️,expected better
144,Best coffee I've had in a while. Customer service was great too.,best coffee ive had in a while customer service was great too
145,Very balanced flavour 😋,very balanced flavour
146,I'll definitely buy again ❤️,ill definitely buy again
147,Too bitter for me. Not bad at all tbh. 😕,too bitter for me not bad at all honestly
148,Really enjoying Coffee X. Delivery was really fast. 😍,really enjoying coffee x delivery was really fast
149,Coffee arrived stale. I drink it every morning.,coffee arrived stale i drink it every morning
150,Best cofee I've had in a while. Delivery was really fast. 👍,best cofee ive had in a while delivery was really fast
151,Worth every penny. ngl I expected more. 😕,worth every penny honestly i expected more
152,Bit disappointed. Would recommend it to friends. 👎,bit disappointed would recommend it to friends
153,Love this cofee Please introduce more roast options.,love this cofee please introduce more roast options
154,Love this coffee 😊,love this coffee
155,Best cofee I've had in a while. Customer service was gr8 too.,best cofee ive had in a while customer service was gr too
156,Packaging could be better. Hope you keep the qualty consistent. 😊,packaging could be better hope you keep the qualty consistent
157,Wouldn't buy again. ngl I expected more. ☕,wouldnt buy again honestly i expected more
158,Works gr8 with milk but black coffee isn't my favourite. I drink it every morning.,works gr with milk but black coffee isnt my favourite i drink it every morning
159,Taste is nice but it's a bit pricey. Would love a decaf version. ☕,taste is nice but its a bit pricey would love a decaf version
160,Pretty good overall although I expected a stronger roast. Would recommend it to friends. 🤔,pretty good overall although i expected a stronger roast would recommend it to friends
161,Too expensive 😕 👍,too expensive
162,Taste is kinda weak 👍,taste is kinda weak
163,Taste is nice but it's a bit pricey. 👎,taste is nice but its a bit pricey
164,Pretty good overall although I expected a stronger roast. Please introduce more roast options. 😅,pretty good overall although i expected a stronger roast please introduce more roast options
165,Too expensive 😕 😊,too expensive
166,I'll definitely buy again. Not bad at all tbh.,ill definitely buy again not bad at all honestly
167,Too bitter for me. ngl I expected more. 😅,too bitter for me honestly i expected more
168,Coffee arrived stale. Would love a decaf version. 😊,coffee arrived stale would love a decaf version
169,Worth every penny. I drink it every morning.,worth every penny i drink it every morning
170,Really enjoying coffe X,really enjoying coffe x
171,Expected better. imo it's one of the better brands. 😋,expected better opinion its one of the better brands
172,Packaging looks premium but freshness could improve. imo it's one of the better brands.,packaging looks premium but freshness could improve opinion its one of the better brands
173,Amazing 😍 🤔,amazing
174,The beans smell fantastic. 😕,the beans smell fantastic
175,The beans smell fantastic. ngl I expected more. 😋,the beans smell fantastic honestly i expected more
176,Best coffee I've had in a while. Customer service was great too. 👎,best coffee ive had in a while customer service was great too
177,Not as fresh as expected. 😅,not as fresh as expected
178,Amazing aroma. Hope you keep the quality consistent. ❤️,amazing aroma hope you keep the quality consistent
179,Really enjoying Coffee X. ngl I expected more. 👌,really enjoying coffee x honestly i expected more
180,Worth every penny. I drink it every morning. ☕,worth every penny i drink it every morning
181,Packaging could be better. Delivery was rly fast.,packaging could be better delivery was rly fast
182,Really enjoying Coffee X. Not bad at all tbh. 😕,really enjoying coffee x not bad at all honestly
183,Bit disappointed. Please introduce more roast options. 👌,bit disappointed please introduce more roast options
184,Expected better. Not bad at all tbh. ❤️,expected better not bad at all honestly
185,Works great with milk but black coffee isn't my favourite. Would recommend it to friends.,works great with milk but black coffee isnt my favourite would recommend it to friends
186,Best coffee I've had in a while. Please introduce more roast options.,best coffee ive had in a while please introduce more roast options
187,Expected better. Please introduce more roast options. 😍,expected better please introduce more roast options
188,Wouldn't buy again. Would love a decaf version.,wouldnt buy again would love a decaf version
189,Amazing 😍 👌,amazing
190,"Love the aroma, not a fan of the aftertaste.",love the aroma not a fan of the aftertaste
191,Too bitter for me. Not bad at all tbh. 👌,too bitter for me not bad at all honestly
192,Worth every penny. Customer service was great too. 😅,worth every penny customer service was great too
193,The beans smell fantastic. 👍,the beans smell fantastic
194,"Love the aroma, not a fan of the aftertaste. Please introduce more roast options. 😕",love the aroma not a fan of the aftertaste please introduce more roast options
195,Really enjoying Coffee X. 😅,really enjoying coffee x
196,Bit disappointed. imo it's one of the better brands.,bit disappointed opinion its one of the better brands
197,Worth every penny. Please introduce more roast options.,worth every penny please introduce more roast options
198,"Love the aroma, not a fan of the aftertaste. ngl I expected more. 👎",love the aroma not a fan of the aftertaste honestly i expected more
199,Pretty good overall although I expected a stronger roast. Delivery was rly fast. 😊,pretty good overall although i expected a stronger roast delivery was rly fast
200,Super smooth taste. Delivery was really fast. 😋,super smooth taste delivery was really fast
201,My morning feels incomplete without it 😍,my morning feels incomplete without it
202,Taste is nice but it's a bit pricey. Delivery was really fast. 😕,taste is nice but its a bit pricey delivery was really fast
203,Really enjoying Coffee X. Please introduce more roast options.,really enjoying coffee x please introduce more roast options
204,Not as fresh as expected. Not bad at all tbh.,not as fresh as expected not bad at all honestly
205,Amazing 😍,amazing
206,10/10 ❤️ 👌,
207,Way too expensive. Customer service was great too. 👎,way too expensive customer service was great too
208,Taste is kinda weak. Would love a decaf version. 😕,taste is kinda weak would love a decaf version
209,I'll definitely buy again. ngl I expected more. 😕,ill definitely buy again honestly i expected more
210,Not bad. 😍,not bad
211,The beans smell fantastic. 🤔,the beans smell fantastic
212,It's okay. 👌,its okay
213,Pretty good overall although I expected a stronger roast. Not bad at all tbh. ☕,pretty good overall although i expected a stronger roast not bad at all honestly
214,Wouldn't buy again. Not bad at all tbh.,wouldnt buy again not bad at all honestly
215,Bit disappointed. imo it's one of the better brands. 👍,bit disappointed opinion its one of the better brands
216,The beans smell fantastic,the beans smell fantastic
217,Best cofee I've had in a while. I drink it every morning.,best cofee ive had in a while i drink it every morning
218,Works great with milk but black cofee isn't my favourite. imo it's one of the better brands.,works great with milk but black cofee isnt my favourite opinion its one of the better brands
219,Didn't enjoy the aftertaste. Would recommend it to friends. 👍,didnt enjoy the aftertaste would recommend it to friends
220,Best cofee I've had in a while. Not bad at all tbh.,best cofee ive had in a while not bad at all honestly
221,Love this cofee 👍,love this cofee
222,Very balanced flavour. Not bad at all tbh. 😍,very balanced flavour not bad at all honestly
223,Coffee arrived stale,coffee arrived stale
224,Super smooth taste. I drink it every morning. 👎,super smooth taste i drink it every morning
225,Best coffe I've had in a while. 🤔,best coffe ive had in a while
226,I'll definitely buy again. Would recommend it to friends. 👌,ill definitely buy again would recommend it to friends
227,Love this coffee. Not bad at all tbh. 😍,love this coffee not bad at all honestly
228,Too bitter for me. I drink it every morning. ❤️,too bitter for me i drink it every morning
229,Love this coffee. Please introduce more roast options. 😅,love this coffee please introduce more roast options
230,I'll definitely buy again 👎,ill definitely buy again
231,Yumm 😋 ☕,yumm
232,Best cofee I've had in a while. 👍,best cofee ive had in a while
233,Too bitter for me. Customer service was great too.,too bitter for me customer service was great too
234,Bit disappointed. I drink it every morning. 😋,bit disappointed i drink it every morning
235,Really enjoying Coffee X. Please introduce more roast options. 🤔,really enjoying coffee x please introduce more roast options
236,Super smooth taste. Delivery was really fast. ☕,super smooth taste delivery was really fast
237,Way too expensive. Not bad at all tbh.,way too expensive not bad at all honestly
238,Expected better. 😕,expected better
239,Really enjoying cofee X 😍,really enjoying cofee x
240,Best coffee I've had in a while. I drink it every morning. 👎,best coffee ive had in a while i drink it every morning
241,Expected better,expected better
242,10/10 ❤️ 😕,
243,Love it ☕,love it
244,The beans smell fantastic. Customer service was great too. 👎,the beans smell fantastic customer service was great too
245,Really enjoying Coffee X. Hope you keep the qualty consistent. 🤔,really enjoying coffee x hope you keep the qualty consistent
246,Wouldn't buy again. imo it's one of the better brands.,wouldnt buy again opinion its one of the better brands
247,Works gr8 with milk but black coffee isn't my favourite. Customer service was gr8 too.,works gr with milk but black coffee isnt my favourite customer service was gr too
248,Amazing aroma. Delivery was really fast. ☕,amazing aroma delivery was really fast
249,I'll definitely buy again. Please introduce more roast options. 😕,ill definitely buy again please introduce more roast options
250,Taste is nice but it's a bit pricey. Would recommend it to friends. ☕,taste is nice but its a bit pricey would recommend it to friends
251,I'll definitely buy again. 😊,ill definitely buy again
252,I'll definately buy again. Customer service was great too.,ill definately buy again customer service was great too
253,The beans smell fantastic. I drink it every morning. 😕,the beans smell fantastic i drink it every morning
254,Too bitter for me ☕,too bitter for me
255,Amazing aroma. imo it's one of the better brands. ❤️,amazing aroma opinion its one of the better brands
256,Taste is nice but it's a bit pricey. Would recommend it to friends. 😊,taste is nice but its a bit pricey would recommend it to friends
257,Taste is kinda weak 😍,taste is kinda weak
258,Not as fresh as expected. ngl I expected more. ❤️,not as fresh as expected honestly i expected more
259,My morning feels incomplete without it. I drink it every morning.,my morning feels incomplete without it i drink it every morning
260,I'll definitely buy again. Delivery was really fast.,ill definitely buy again delivery was really fast
261,Very balanced flavour. Delivery was really fast.,very balanced flavour delivery was really fast
262,I'll definetly buy again.,ill definetly buy again
263,Best coffee I've had in a while. imo it's one of the better brands. 😅,best coffee ive had in a while opinion its one of the better brands
264,Way too expensive. 🤔,way too expensive
265,Didn't enjoy the aftertaste. 😋,didnt enjoy the aftertaste
266,Worth every penny. Delivery was really fast. 👌,worth every penny delivery was really fast
267,Love this coffee. ngl I expected more. 🤔,love this coffee honestly i expected more
268,Super smooth taste. 😅,super smooth taste
269,Very balanced flavour. Hope you keep the quality consistent.,very balanced flavour hope you keep the quality consistent
270,Very balanced flavour. 😍,very balanced flavour
271,Works great with milk but black coffee isn't my favourite. Delivery was really fast. 😋,works great with milk but black coffee isnt my favourite delivery was really fast
272,Best coffee I've had in a while. Not bad at all tbh. ☕,best coffee ive had in a while not bad at all honestly
273,Love this coffe Would recomend it to friends.,love this coffe would recomend it to friends
274,"Love the aroma, not a fan of the aftertaste. I drink it every morning.",love the aroma not a fan of the aftertaste i drink it every morning
275,realy enjoying Coffee X. Would recommend it to friends. 😊,realy enjoying coffee x would recommend it to friends
276,Taste is nice but it's a bit pricey. Would recommend it to friends. 🤔,taste is nice but its a bit pricey would recommend it to friends
277,I'll definitely buy again. I drink it every morning. ☕,ill definitely buy again i drink it every morning
278,Worth every penny. Not bad at all tbh. 😅,worth every penny not bad at all honestly
279,Packaging could be better. Not bad at all tbh. 🤔,packaging could be better not bad at all honestly
280,Amazing 😍 😋,amazing
281,Could be better. 👎,could be better
282,Best coffee I've had in a while. Please introduce more roast options. ☕,best coffee ive had in a while please introduce more roast options
283,Bit disappointed. Would love a decaf version.,bit disappointed would love a decaf version
284,Worth every penny. I drink it every morning. 😕,worth every penny i drink it every morning
285,Pretty good overall although I expected a stronger roast. Hope you keep the quality consistent. 😅,pretty good overall although i expected a stronger roast hope you keep the quality consistent
286,Taste is nice but it's a bit pricey. 😅,taste is nice but its a bit pricey
287,Coffee arrived stale. Customer service was great too. ☕,coffee arrived stale customer service was great too
288,It's okay. 😊,its okay
289,Best coffee I've had in a while. Please introduce more roast options. 👍,best coffee ive had in a while please introduce more roast options
290,Worth every penny,worth every penny
291,Packaging looks premium but freshness could improve. Hope you keep the quality consistent. ❤️,packaging looks premium but freshness could improve hope you keep the quality consistent
292,The beans smell fantastic. imo it's one of the better brands. 👎,the beans smell fantastic opinion its one of the better brands
293,I'll definitely buy again. 😕,ill definitely buy again
294,Wouldn't buy again. Not bad at all tbh. ❤️,wouldnt buy again not bad at all honestly
295,I'll definitely buy again ☕,ill definitely buy again
296,Love it ☕ 😕,love it
297,Taste is kinda weak. Would recommend it to friends. 👍,taste is kinda weak would recommend it to friends
298,Meh. ❤️,meh
299,My morning feels incomplete without it. Would recommend it to friends. 👌,my morning feels incomplete without it would recommend it to friends
300,Expected better. Delivery was really fast. 😋,expected better delivery was really fast
301,Really enjoying coffe X. ngl I expected more.,really enjoying coffe x honestly i expected more
302,Amazing aroma. 😍,amazing aroma
303,Too bitter for me. Hope you keep the quality consistent. ☕,too bitter for me hope you keep the quality consistent
304,Pretty good overall although I expected a stronger roast.,pretty good overall although i expected a stronger roast
305,Amazing aroma. Delivery was realy fast.,amazing aroma delivery was realy fast
306,Love this coffee. imo it's one of the better brands. 🤔,love this coffee opinion its one of the better brands
307,Really enjoying Coffee X. imo it's one of the better brands. ☕,really enjoying coffee x opinion its one of the better brands
308,Super smooth taste. imo it's one of the better brands. 😕,super smooth taste opinion its one of the better brands
309,Bit disappointed. Would recommend it to friends. 😕,bit disappointed would recommend it to friends
310,Best coffee I've had in a while ☕,best coffee ive had in a while
311,The beans smell fantastic. I drink it every morning. 👍,the beans smell fantastic i drink it every morning
312,realy enjoying Coffee X. 👌,realy enjoying coffee x
313,Not as fesh as expected 😋,not as fesh as expected
314,Taste is kinda weak. ❤️,taste is kinda weak
315,The beans smell fantastic. Customer service was gr8 too.,the beans smell fantastic customer service was gr too
316,I'll definitely buy again. Please introduce more roast options. ❤️,ill definitely buy again please introduce more roast options
317,My morning feels incomplete without it. imo it's one of the better brands.,my morning feels incomplete without it opinion its one of the better brands
318,Best coffee I've had in a while. 😊,best coffee ive had in a while
319,My morning feels incomplete without it. imo it's one of the better brands. 🤔,my morning feels incomplete without it opinion its one of the better brands
320,Not as fresh as expected. ngl I expected more. 😍,not as fresh as expected honestly i expected more
321,"Love the aroma, not a fan of the aftertaste. Customer service was great too. 😋",love the aroma not a fan of the aftertaste customer service was great too
322,Best coffee I've had in a while. Would recommend it to friends.,best coffee ive had in a while would recommend it to friends
323,Taste is kinda weak. ngl I expected more. 😅,taste is kinda weak honestly i expected more
324,Best coffee I've had in a while. Would love a decaf version. 👌,best coffee ive had in a while would love a decaf version
325,Works great with milk but black coffee isn't my favourite. I drink it every morning.,works great with milk but black coffee isnt my favourite i drink it every morning
326,Too bitter for me. Please introduce more roast options. ❤️,too bitter for me please introduce more roast options
327,Pretty good!,pretty good
328,Really enjoying cofee X.,really enjoying cofee x
329,Pretty good! 👎,pretty good
330,Bit disappointed. Delivery was really fast. 👎,bit disappointed delivery was really fast
331,Pretty good overall although I expected a stronger roast. Not bad at all tbh. 🤔,pretty good overall although i expected a stronger roast not bad at all honestly
332,Could be better. 🤔,could be better
333,Pretty good overall although I expected a stronger roast. Not bad at all tbh. 😋,pretty good overall although i expected a stronger roast not bad at all honestly
334,Really enjoying Coffee X. Customer service was great too.,really enjoying coffee x customer service was great too
335,Wouldn't buy again. ngl I expected more. 😍,wouldnt buy again honestly i expected more
336,Amazing aroma. Delivery was really fast.,amazing aroma delivery was really fast
337,Amazing aroma. 🤔,amazing aroma
338,Way too expensive. 👌,way too expensive
339,Love this coffee. Please introduce more roast options. 😍,love this coffee please introduce more roast options
340,rly enjoying Coffee X. imo it's one of the better brands. 😋,rly enjoying coffee x opinion its one of the better brands
341,Taste is kinda weak. Would recommend it to friends.,taste is kinda weak would recommend it to friends
342,Packaging could be better. Please introduce more roast options. 😕,packaging could be better please introduce more roast options
343,Really enjoying Coffee X. 😋,really enjoying coffee x
344,Taste is kinda weak. 🤔,taste is kinda weak
345,Wouldn't buy again. 😅,wouldnt buy again
346,Didn't enjoy the aftertaste. imo it's one of the better brands. 👍,didnt enjoy the aftertaste opinion its one of the better brands
347,Super smooth taste 😕,super smooth taste
348,Best coffee I've had in a while. ngl I expected more.,best coffee ive had in a while honestly i expected more
349,Love this coffee. Would reccomend it to friends.,love this coffee would reccomend it to friends
350,"Love the aroma, not a fan of the aftertaste. Not bad at all tbh.",love the aroma not a fan of the aftertaste not bad at all honestly
351,Bit disappointed. Not bad at all tbh.,bit disappointed not bad at all honestly
352,Amazing 😍 👍,amazing
353,I'll definitely buy again. Would recommend it to friends.,ill definitely buy again would recommend it to friends
354,Amazing aroma. ngl I expected more. 🤔,amazing aroma honestly i expected more
355,Works great with milk but black coffee isn't my favourite. 😋,works great with milk but black coffee isnt my favourite
356,Taste is nice but it's a bit pricey. imo it's one of the better brands. 😊,taste is nice but its a bit pricey opinion its one of the better brands
357,Love this coffee. Delivery was really fast. 😊,love this coffee delivery was really fast
358,Expected better. Not bad at all tbh.,expected better not bad at all honestly
359,Didn't enjoy the aftertaste. Not bad at all tbh. 🤔,didnt enjoy the aftertaste not bad at all honestly
360,My morning feels incomplete without it. Would recommend it to friends. 😊,my morning feels incomplete without it would recommend it to friends
361,Worth every penny 😋,worth every penny
362,Taste is kinda weak. imo it's one of the better brands. 🤔,taste is kinda weak opinion its one of the better brands
363,Taste is kinda weak ❤️,taste is kinda weak
364,Taste is nice but it's a bit pricey. ngl I expected more.,taste is nice but its a bit pricey honestly i expected more
365,Love it ☕ ☕,love it
366,Best coffee I've had in a while. Would love a decaf version. 👎,best coffee ive had in a while would love a decaf version
367,Very balanced flavour. imo it's one of the better brands. 😅,very balanced flavour opinion its one of the better brands
368,Too bitter for me. Please introduce more roast options. 😕,too bitter for me please introduce more roast options
369,Pretty good overall although I expected a stronger roast. ngl I expected more. ❤️,pretty good overall although i expected a stronger roast honestly i expected more
370,Very balanced flavour. Hope you keep the quality consistent. ❤️,very balanced flavour hope you keep the quality consistent
371,Amazing aroma. Customer service was great too. 😍,amazing aroma customer service was great too
372,Very balanced flavour. Not bad at all tbh.,very balanced flavour not bad at all honestly
373,Love it ☕ 😋,love it
374,Not bad. 😊,not bad
375,The beans smell fantastic. Not bad at all tbh. 👎,the beans smell fantastic not bad at all honestly
376,Taste is kinda weak. Customer service was great too.,taste is kinda weak customer service was great too
377,Really enjoying Coffee X. Delivery was really fast.,really enjoying coffee x delivery was really fast
378,Packaging looks premium but freshness could improve. 😊,packaging looks premium but freshness could improve
379,Expected better. Customer service was great too.,expected better customer service was great too
380,Packaging looks premium but freshness could improve. Delivery was really fast.,packaging looks premium but freshness could improve delivery was really fast
381,Wouldn't buy again 🤔,wouldnt buy again
382,Coffee arrived stale. 👍,coffee arrived stale
383,Packaging looks premium but freshness could improve. Please introduce more roast options. 👍,packaging looks premium but freshness could improve please introduce more roast options
384,Works gr8 with milk but black coffe isn't my favourite. Would recommend it to friends.,works gr with milk but black coffe isnt my favourite would recommend it to friends
385,Taste is nice but it's a bit pricey. ngl I expected more. ❤️,taste is nice but its a bit pricey honestly i expected more
386,The beans smell fantastic. Hope you keep the qualty consistent.,the beans smell fantastic hope you keep the qualty consistent
387,I'll definitely buy again. Hope you keep the quality consistent. 😋,ill definitely buy again hope you keep the quality consistent
388,"Love the aroma, not a fan of the aftertaste. Customer service was great too. 😕",love the aroma not a fan of the aftertaste customer service was great too
389,Not as fresh as expected. Customer service was great too. 👎,not as fresh as expected customer service was great too
390,Didn't enjoy the aftertaste. ngl I expected more.,didnt enjoy the aftertaste honestly i expected more
391,Not bad. 😋,not bad
392,Taste is nice but it's a bit pricey. I drink it every morning.,taste is nice but its a bit pricey i drink it every morning
393,Love this coffee. imo it's one of the better brands. 👌,love this coffee opinion its one of the better brands
394,Taste is nice but it's a bit pricey. Delivery was really fast. 😋,taste is nice but its a bit pricey delivery was really fast
395,Taste is nice but it's a bit pricey. I drink it every morning. ❤️,taste is nice but its a bit pricey i drink it every morning
396,Packaging could be better. ngl I expected more. ❤️,packaging could be better honestly i expected more
397,Works great with milk but black coffee isn't my favourite. 😍,works great with milk but black coffee isnt my favourite
398,Really enjoying Coffee X. Would love a decaf version. 😅,really enjoying coffee x would love a decaf version
399,Too bitter for me. Customer service was great too. 👌,too bitter for me customer service was great too
400,Taste is kinda weak.,taste is kinda weak
401,Really enjoying Coffee X. 😍,really enjoying coffee x
402,Way too expensive. Would love a decaf version. ❤️,way too expensive would love a decaf version
403,Amazing aroma. Please introduce more roast options.,amazing aroma please introduce more roast options
404,"Love the aroma, not a fan of the aftertaste. Would love a decaf version. 😅",love the aroma not a fan of the aftertaste would love a decaf version
405,Worth every penny. Would recommend it to friends.,worth every penny would recommend it to friends
406,Bit disappointed. 😊,bit disappointed
407,Very balanced flavour. Would love a decaf version. 🤔,very balanced flavour would love a decaf version
408,Works great with milk but black cofee isn't my favourite. Not bad at all tbh.,works great with milk but black cofee isnt my favourite not bad at all honestly
409,Pretty good overall although I expected a stronger roast. Please introduce more roast options. 🤔,pretty good overall although i expected a stronger roast please introduce more roast options
410,Really enjoying cofee X. imo it's one of the better brands. ❤️,really enjoying cofee x opinion its one of the better brands
411,Packaging could be better,packaging could be better
412,Taste is nice but it's a bit pricey. Delivery was really fast.,taste is nice but its a bit pricey delivery was really fast
413,Really enjoying Coffee X. I drink it every morning. 😅,really enjoying coffee x i drink it every morning
414,Way too expensive. Would love a decaf version. 😋,way too expensive would love a decaf version
415,Really enjoying cofee X. 😊,really enjoying cofee x
416,Amazing aroma 👌,amazing aroma
417,Works great with milk but black coffee isn't my favourite. Not bad at all tbh. 😊,works great with milk but black coffee isnt my favourite not bad at all honestly
418,Pretty good overall although I expected a stronger roast. Not bad at all tbh.,pretty good overall although i expected a stronger roast not bad at all honestly
419,cofee arrived stale. Would recommend it to friends.,cofee arrived stale would recommend it to friends
420,Pretty good overall although I expected a stronger roast. Would love a decaf version.,pretty good overall although i expected a stronger roast would love a decaf version
421,Taste is kinda weak ☕,taste is kinda weak
422,Coffee arrived stale. imo it's one of the better brands.,coffee arrived stale opinion its one of the better brands
423,Packaging looks premium but freshness could improve. ngl I expected more. 😍,packaging looks premium but freshness could improve honestly i expected more
424,Taste is kinda weak. 😅,taste is kinda weak
425,Worth every penny. Would recommend it to friends. 🤔,worth every penny would recommend it to friends
426,Pretty good overall although I expected a stronger roast. ngl I expected more.,pretty good overall although i expected a stronger roast honestly i expected more
427,My morning feels incomplete without it. 😅,my morning feels incomplete without it
428,Best coffee I've had in a while 😍,best coffee ive had in a while
429,My morning feels incomplete without it. 👌,my morning feels incomplete without it
430,Didn't enjoy the aftertaste. Would love a decaf version.,didnt enjoy the aftertaste would love a decaf version
431,"Love the aroma, not a fan of the aftertaste. imo it's one of the better brands.",love the aroma not a fan of the aftertaste opinion its one of the better brands
432,Pretty good! 😅,pretty good
433,Too bitter for me. Customer service was great too. 😋,too bitter for me customer service was great too
434,Love this coffee. ngl I expected more. 👌,love this coffee honestly i expected more
435,Worth every penny.,worth every penny
436,Worth every penny ❤️,worth every penny
437,Worth every penny. 🤔,worth every penny
438,I'll definitely buy again. Would love a decaf version.,ill definitely buy again would love a decaf version
439,Works great with milk but black coffee isn't my favourite. Delivery was really fast. 😍,works great with milk but black coffee isnt my favourite delivery was really fast
440,Works great with milk but black coffee isn't my favourite. Delivery was really fast.,works great with milk but black coffee isnt my favourite delivery was really fast
441,Best coffee I've had in a while. 👌,best coffee ive had in a while
442,Packaging looks premium but freshness could improve. Hope you keep the quality consistent.,packaging looks premium but freshness could improve hope you keep the quality consistent
443,Packaging could be better ❤️,packaging could be better
444,Taste is nice but it's a bit pricey. 😍,taste is nice but its a bit pricey
445,Packaging looks premium but freshness could improve. Customer service was great too. 😅,packaging looks premium but freshness could improve customer service was great too
446,Love this coffee. Customer service was gr8 too. 😊,love this coffee customer service was gr too
447,Bit disappointed. ❤️,bit disappointed
448,Pretty good overall although I expected a stronger roast. Delivery was really fast. 👎,pretty good overall although i expected a stronger roast delivery was really fast
449,Very balanced flavour. Would love a decaf version.,very balanced flavour would love a decaf version
450,Very balanced flavour. Hope you keep the quality consistent. 👍,very balanced flavour hope you keep the quality consistent
451,Bit disappointed. Hope you keep the quality consistent. 😕,bit disappointed hope you keep the quality consistent
452,Way too expensive. I drink it every morning.,way too expensive i drink it every morning
453,Best coffe I've had in a while. Hope you keep the quality consistent.,best coffe ive had in a while hope you keep the quality consistent
454,Taste is nice but it's a bit pricey. 🤔,taste is nice but its a bit pricey
455,Didn't enjoy the aftertaste 😋,didnt enjoy the aftertaste
456,Love this coffee 👎,love this coffee
457,The beans smell fantastic. imo it's one of the better brands.,the beans smell fantastic opinion its one of the better brands
458,Packaging looks premium but freshness could improve. Hope you keep the quality consistent. 😅,packaging looks premium but freshness could improve hope you keep the quality consistent
459,It's okay. 😋,its okay
460,Worth every penny. Not bad at all tbh. 👎,worth every penny not bad at all honestly
461,Wouldn't buy again. 😍,wouldnt buy again
462,Works great with milk but black coffee isn't my favourite. Customer service was gr8 too.,works great with milk but black coffee isnt my favourite customer service was gr too
463,It's okay. ❤️,its okay
464,Amazing aroma. I drink it every morning. 👍,amazing aroma i drink it every morning
465,Not as fresh as expected. Delivery was really fast.,not as fresh as expected delivery was really fast
466,Amazing aroma. Delivery was really fast. 😍,amazing aroma delivery was really fast
467,Bit disappointed,bit disappointed
468,My morning feels incomplete without it 😕,my morning feels incomplete without it
469,Love this coffee. ngl I expected more.,love this coffee honestly i expected more
470,I'll definitely buy again. I drink it every morning. 😋,ill definitely buy again i drink it every morning
471,Coffee arrived stale. 🤔,coffee arrived stale
472,I'll definitely buy again. I drink it every morning. 😊,ill definitely buy again i drink it every morning
473,Packaging could be better. Not bad at all tbh.,packaging could be better not bad at all honestly
474,Didn't enjoy the aftertaste. Not bad at all tbh.,didnt enjoy the aftertaste not bad at all honestly
475,Super smooth taste. imo it's one of the better brands. 😍,super smooth taste opinion its one of the better brands
476,Very balanced flavour. ngl I expected more. 😊,very balanced flavour honestly i expected more
477,Expected better. ngl I expected more.,expected better honestly i expected more
478,Bit disappointed 👎,bit disappointed
479,Pretty good overall although I expected a stronger roast. ngl I expected more. 🤔,pretty good overall although i expected a stronger roast honestly i expected more
480,Pretty good! 👍,pretty good
481,It's okay. ☕,its okay
482,Taste is nice but it's a bit pricey. Would love a decaf version. 🤔,taste is nice but its a bit pricey would love a decaf version
483,Worth every penny. 😅,worth every penny
484,Taste is nice but it's a bit pricey. 😕,taste is nice but its a bit pricey
485,Packaging could be better. Would recommend it to friends. 👎,packaging could be better would recommend it to friends
486,Works great with milk but black coffee isn't my favourite. ngl I expected more. 😕,works great with milk but black coffee isnt my favourite honestly i expected more
487,"Love the aroma, not a fan of the aftertaste. Not bad at all tbh. 👎",love the aroma not a fan of the aftertaste not bad at all honestly
488,Very balanced flavour. Delivery was really fast. 😅,very balanced flavour delivery was really fast
489,Amazing aroma. I drink it every morning.,amazing aroma i drink it every morning
490,Love this coffee. Customer service was great too. 😍,love this coffee customer service was great too
491,Not as fesh as expected. Would love a decaf version. 🤔,not as fesh as expected would love a decaf version
492,Very balanced flavour. Would recommend it to friends.,very balanced flavour would recommend it to friends
493,Super smooth taste. Would recommend it to friends.,super smooth taste would recommend it to friends
494,Wouldn't buy again. Delivery was really fast.,wouldnt buy again delivery was really fast
495,Works gr8 with milk but black coffee isn't my favourite. 🤔,works gr with milk but black coffee isnt my favourite
496,Works gr8 with milk but black coffee isn't my favourite. Would recommend it to friends.,works gr with milk but black coffee isnt my favourite would recommend it to friends
497,Taste is nice but it's a bit pricey. Not bad at all tbh. 👌,taste is nice but its a bit pricey not bad at all honestly
498,Didn't enjoy the aftertaste. Please introduce more roast options.,didnt enjoy the aftertaste please introduce more roast options
499,Way too expensive. Would reccomend it to friends.,way too expensive would reccomend it to friends
500,Didn't enjoy the aftertaste. I drink it every morning. ❤️,didnt enjoy the aftertaste i drink it every morning
501,Way too expensive 👌,way too expensive
502,Coffee arrived stale. Would love a decaf version.,coffee arrived stale would love a decaf version
503,Really enjoying Coffee X. 🤔,really enjoying coffee x
504,Too bitter for me. Delivery was really fast.,too bitter for me delivery was really fast
505,I'll definitely buy again. imo it's one of the better brands.,ill definitely buy again opinion its one of the better brands
506,"Love the aroma, not a fan of the aftertaste. 😊",love the aroma not a fan of the aftertaste
507,Super smooth taste. 🤔,super smooth taste
508,Love it ☕ 👍,love it
509,Worth every penny. I drink it every morning. 🤔,worth every penny i drink it every morning
510,Works gr8 with milk but black coffee isn't my favourite. imo it's one of the better brands.,works gr with milk but black coffee isnt my favourite opinion its one of the better brands
511,Really enjoying Coffee X. Hope you keep the quality consistent.,really enjoying coffee x hope you keep the quality consistent
512,Too bitter for me. Would love a decaf version. 👍,too bitter for me would love a decaf version
513,rly enjoying Coffee X,rly enjoying coffee x
514,Best coffee I've had in a while. Hope you keep the qualty consistent.,best coffee ive had in a while hope you keep the qualty consistent
515,Really enjoying coffe X. Delivery was really fast.,really enjoying coffe x delivery was really fast
516,realy enjoying coffe X. Hope you keep the quality consistent. 👍,realy enjoying coffe x hope you keep the quality consistent
517,My morning feels incomplete without it. Customer service was great too.,my morning feels incomplete without it customer service was great too
518,Wouldn't buy again. Hope you keep the quality consistent. ☕,wouldnt buy again hope you keep the quality consistent
519,Pretty good overall although I expected a stronger roast. Would love a decaf version. ❤️,pretty good overall although i expected a stronger roast would love a decaf version
520,Worth every penny. imo it's one of the better brands. 👍,worth every penny opinion its one of the better brands
521,Amazing aroma. ngl I expected more. 😋,amazing aroma honestly i expected more
522,Could be better. 👍,could be better
523,Not as fresh as expected. Delivery was really fast. 😅,not as fresh as expected delivery was really fast
524,Pretty good overall although I expected a stronger roast. 👍,pretty good overall although i expected a stronger roast
525,Packaging looks premium but freshness could improve. Not bad at all tbh. ❤️,packaging looks premium but freshness could improve not bad at all honestly
526,Coffee arrived stale. Delivery was really fast. 👎,coffee arrived stale delivery was really fast
527,I'll definitely buy again. Hope you keep the qualty consistent. 😊,ill definitely buy again hope you keep the qualty consistent
528,Super smooth taste. imo it's one of the better brands. 👍,super smooth taste opinion its one of the better brands
529,Didn't enjoy the aftertaste. Customer service was great too. 😊,didnt enjoy the aftertaste customer service was great too
530,Taste is nice but it's a bit pricey. Customer service was great too.,taste is nice but its a bit pricey customer service was great too
531,Taste is nice but it's a bit pricey. Not bad at all tbh. ☕,taste is nice but its a bit pricey not bad at all honestly
532,Taste is kinda weak. Customer service was great too. ☕,taste is kinda weak customer service was great too
533,Pretty good overall although I expected a stronger roast. Customer service was great too. 😋,pretty good overall although i expected a stronger roast customer service was great too
534,Really enjoying Coffee X. Delivery was really fast. 🤔,really enjoying coffee x delivery was really fast
535,"Love the aroma, not a fan of the aftertaste. Customer service was great too. 😊",love the aroma not a fan of the aftertaste customer service was great too
536,Best coffee I've had in a while.,best coffee ive had in a while
537,Didn't enjoy the aftertaste. I drink it every morning.,didnt enjoy the aftertaste i drink it every morning
538,Love this coffee. Would recommend it to friends.,love this coffee would recommend it to friends
539,Taste is nice but it's a bit pricey. Not bad at all tbh. 😕,taste is nice but its a bit pricey not bad at all honestly
540,Amazing aroma. Customer service was gr8 too.,amazing aroma customer service was gr too
541,Could be better. 😋,could be better
542,The beans smell fantastic 🤔,the beans smell fantastic
543,My morning feels incomplete without it. 😋,my morning feels incomplete without it
544,The beans smell fantastic. 👎,the beans smell fantastic
545,Too bitter for me 👌,too bitter for me
546,Taste is nice but it's a bit pricey. ngl I expected more. 👍,taste is nice but its a bit pricey honestly i expected more
547,Works great with milk but black coffee isn't my favourite. 👎,works great with milk but black coffee isnt my favourite
548,Really enjoying Coffee X. Would love a decaf version.,really enjoying coffee x would love a decaf version
549,"Love the aroma, not a fan of the aftertaste. Delivery was really fast.",love the aroma not a fan of the aftertaste delivery was really fast
550,Works great with milk but black coffee isn't my favourite. ngl I expected more. 😅,works great with milk but black coffee isnt my favourite honestly i expected more
551,Love this coffee. I drink it every morning. 👌,love this coffee i drink it every morning
552,Worth every penny. I drink it every morning. 👌,worth every penny i drink it every morning
553,Way too expensive. Would recommend it to friends.,way too expensive would recommend it to friends
554,Love this coffee. Not bad at all tbh. 😕,love this coffee not bad at all honestly
555,Worth every penny. Hope you keep the quality consistent. ☕,worth every penny hope you keep the quality consistent
556,Best coffee I've had in a while. Hope you keep the quality consistent.,best coffee ive had in a while hope you keep the quality consistent
557,Bit disappointed. Would love a decaf version. ☕,bit disappointed would love a decaf version
558,Not as fresh as expected 😍,not as fresh as expected
559,Too bitter for me. Delivery was really fast. 👌,too bitter for me delivery was really fast
560,Not as fresh as expected. Would love a decaf version. 😊,not as fresh as expected would love a decaf version
561,Could be better. 👌,could be better
562,Too bitter for me. Not bad at all tbh. 😍,too bitter for me not bad at all honestly
563,Coffee arrived stale. Delivery was really fast.,coffee arrived stale delivery was really fast
564,Packaging could be better. Delivery was really fast. 😋,packaging could be better delivery was really fast
565,Taste is nice but it's a bit pricey. I drink it every morning. 👌,taste is nice but its a bit pricey i drink it every morning
566,Super smooth taste. 😋,super smooth taste
567,The beans smell fantastic. Hope you keep the quality consistent.,the beans smell fantastic hope you keep the quality consistent
568,Worth every penny 👌,worth every penny
569,Best cofee I've had in a while,best cofee ive had in a while
570,Expected better. 😅,expected better
571,Taste is kinda weak. imo it's one of the better brands. 👌,taste is kinda weak opinion its one of the better brands
572,Amazing aroma. Hope you keep the quality consistent.,amazing aroma hope you keep the quality consistent
573,Really enjoying coffe X.,really enjoying coffe x
574,Not as fresh as expected,not as fresh as expected
575,"Love the aroma, not a fan of the aftertaste. 👎",love the aroma not a fan of the aftertaste
576,Not as fesh as expected. Hope you keep the quality consistent.,not as fesh as expected hope you keep the quality consistent
577,Pretty good overall although I expected a stronger roast. Not bad at all tbh. 😊,pretty good overall although i expected a stronger roast not bad at all honestly
578,Not as fresh as expected. Customer service was great too. 😋,not as fresh as expected customer service was great too
579,Expected better. ngl I expected more. 😍,expected better honestly i expected more
580,Worth every penny. imo it's one of the better brands.,worth every penny opinion its one of the better brands
581,Taste is nice but it's a bit pricey. Delivery was really fast. 🤔,taste is nice but its a bit pricey delivery was really fast
582,Wouldn't buy again. 👎,wouldnt buy again
583,"Love the aroma, not a fan of the aftertaste. 🤔",love the aroma not a fan of the aftertaste
584,Taste is nice but it's a bit pricey. 😋,taste is nice but its a bit pricey
585,Packaging could be better. Delivery was really fast. ☕,packaging could be better delivery was really fast
586,Works gr8 with milk but black coffee isn't my favourite. ngl I expected more.,works gr with milk but black coffee isnt my favourite honestly i expected more
587,Best coffee I've had in a while. imo it's one of the better brands. 👎,best coffee ive had in a while opinion its one of the better brands
588,Not as fresh as expected. ngl I expected more. 😊,not as fresh as expected honestly i expected more
589,Expected better. Customer service was great too. ❤️,expected better customer service was great too
590,Taste is kinda weak. imo it's one of the better brands.,taste is kinda weak opinion its one of the better brands
591,The beans smell fantastic. ngl I expected more. 😍,the beans smell fantastic honestly i expected more
592,Pretty good! 👌,pretty good
593,Best coffee I've had in a while. Would love a decaf version.,best coffee ive had in a while would love a decaf version
594,Love this coffee 😕,love this coffee
595,Not as fesh as expected. 😋,not as fesh as expected
596,Works great with milk but black cofee isn't my favourite. Would recommend it to friends. 👍,works great with milk but black cofee isnt my favourite would recommend it to friends
597,Works great with milk but black cofee isn't my favourite. 👌,works great with milk but black cofee isnt my favourite
598,The beans smell fantastic. I drink it every morning. 😅,the beans smell fantastic i drink it every morning
599,Packaging looks premium but freshness could improve. 👍,packaging looks premium but freshness could improve
600,"Love the aroma, not a fan of the aftertaste. ngl I expected more. ☕",love the aroma not a fan of the aftertaste honestly i expected more
601,Not bad.,not bad
602,Amazing aroma. Delivery was really fast. 😅,amazing aroma delivery was really fast
603,Packaging looks premium but freshness could improve. ❤️,packaging looks premium but freshness could improve
604,Pretty good overall although I expected a stronger roast. ☕,pretty good overall although i expected a stronger roast
605,I'll definitely buy again. ngl I expected more. 👎,ill definitely buy again honestly i expected more
606,Wouldn't buy again.,wouldnt buy again
607,Packaging looks premium but freshness could improve. Would love a decaf version.,packaging looks premium but freshness could improve would love a decaf version
608,Too bitter for me. Not bad at all tbh.,too bitter for me not bad at all honestly
609,Love this coffe Delivery was really fast. 😍,love this coffe delivery was really fast
610,Very balanced flavour. Delivery was realy fast. 😊,very balanced flavour delivery was realy fast
611,Works great with milk but black coffe isn't my favourite. 😍,works great with milk but black coffe isnt my favourite
612,Really enjoying Coffee X. Would recommend it to friends. 😕,really enjoying coffee x would recommend it to friends
613,Way too expensive. ❤️,way too expensive
614,Expected better.,expected better
615,Love this coffee. Please introduce more roast options.,love this coffee please introduce more roast options
616,Amazing aroma. Delivery was rly fast. 😅,amazing aroma delivery was rly fast
617,I'll definitely buy again 👌,ill definitely buy again
618,Pretty good overall although I expected a stronger roast. imo it's one of the better brands. 👍,pretty good overall although i expected a stronger roast opinion its one of the better brands
619,I'll definitely buy again. Please introduce more roast options.,ill definitely buy again please introduce more roast options
620,Coffee arrived stale. I drink it every morning. 😕,coffee arrived stale i drink it every morning
621,Bit disappointed. 🤔,bit disappointed
622,Wouldn't buy again. Not bad at all tbh. ☕,wouldnt buy again not bad at all honestly
623,Too bitter for me. imo it's one of the better brands.,too bitter for me opinion its one of the better brands
624,Love this coffe 👌,love this coffe
625,"Love the aroma, not a fan of the aftertaste. Would love a decaf version. ❤️",love the aroma not a fan of the aftertaste would love a decaf version
626,Really enjoying Coffee X. I drink it every morning. 👎,really enjoying coffee x i drink it every morning
627,Love this cofee,love this cofee
628,Packaging looks premium but freshness could improve. 👌,packaging looks premium but freshness could improve
629,Super smooth taste. Hope you keep the quality consistent. 😋,super smooth taste hope you keep the quality consistent
630,My morning feels incomplete without it.,my morning feels incomplete without it
631,Taste is nice but it's a bit pricey. Please introduce more roast options. 👎,taste is nice but its a bit pricey please introduce more roast options
632,Not as fresh as expected 😋,not as fresh as expected
633,10/10 ❤️ 😅,
634,Works gr8 with milk but black coffee isn't my favourite. Hope you keep the quality consistent. 👌,works gr with milk but black coffee isnt my favourite hope you keep the quality consistent
635,Really enjoying Coffee X. Hope you keep the quality consistent. ❤️,really enjoying coffee x hope you keep the quality consistent
636,Really enjoying Coffee X. Not bad at all tbh. 👌,really enjoying coffee x not bad at all honestly
637,Too bitter for me,too bitter for me
638,Worth every penny. ngl I expected more. ☕,worth every penny honestly i expected more
639,The beans smell fantastic 😍,the beans smell fantastic
640,My morning feels incomplete without it. Delivery was rly fast.,my morning feels incomplete without it delivery was rly fast
641,Taste is kinda weak. 😕,taste is kinda weak
642,Really enjoying Coffee X.,really enjoying coffee x
643,Works great with milk but black coffee isn't my favourite. Would reccomend it to friends.,works great with milk but black coffee isnt my favourite would reccomend it to friends
644,Too bitter for me. Delivery was really fast. 👍,too bitter for me delivery was really fast
645,Works great with milk but black coffee isn't my favourite. I drink it every morning. 😊,works great with milk but black coffee isnt my favourite i drink it every morning
646,The beans smell fantastic. ngl I expected more. 🤔,the beans smell fantastic honestly i expected more
647,Super smooth taste. Not bad at all tbh. 🤔,super smooth taste not bad at all honestly
648,Packaging could be better. I drink it every morning.,packaging could be better i drink it every morning
649,"Love the aroma, not a fan of the aftertaste. ☕",love the aroma not a fan of the aftertaste
650,The beans smell fantastic. Would recommend it to friends. ☕,the beans smell fantastic would recommend it to friends
651,Didn't enjoy the aftertaste. I drink it every morning. 😅,didnt enjoy the aftertaste i drink it every morning
652,Not as fresh as expected. Not bad at all tbh. ☕,not as fresh as expected not bad at all honestly
653,The beans smell fantastic. 😍,the beans smell fantastic
654,Amazing aroma. imo it's one of the better brands.,amazing aroma opinion its one of the better brands
655,Best cofee I've had in a while. imo it's one of the better brands.,best cofee ive had in a while opinion its one of the better brands
656,Packaging could be better. Would love a decaf version. 👍,packaging could be better would love a decaf version
657,Pretty good overall although I expected a stronger roast. imo it's one of the better brands.,pretty good overall although i expected a stronger roast opinion its one of the better brands
658,My morning feels incomplete without it. I drink it every morning. 👎,my morning feels incomplete without it i drink it every morning
659,I'll definitely buy again. I drink it every morning.,ill definitely buy again i drink it every morning
660,Best coffee I've had in a while. Customer service was great too. 👌,best coffee ive had in a while customer service was great too
661,Love this coffee. Customer service was great too.,love this coffee customer service was great too
662,Taste is nice but it's a bit pricey. Please introduce more roast options. 👌,taste is nice but its a bit pricey please introduce more roast options
663,I'll definitely buy again. Would love a decaf version. 👎,ill definitely buy again would love a decaf version
664,Wouldn't buy again. 👍,wouldnt buy again
665,Love this coffee. 👍,love this coffee
666,Really enjoying Coffee X. Would love a decaf version. 😋,really enjoying coffee x would love a decaf version
667,Too bitter for me. Hope you keep the quality consistent.,too bitter for me hope you keep the quality consistent
668,Love this coffee. 😊,love this coffee
669,Packaging looks premium but freshness could improve. imo it's one of the better brands. 😊,packaging looks premium but freshness could improve opinion its one of the better brands
670,Amazing aroma. Please introduce more roast options. 😅,amazing aroma please introduce more roast options
671,The beans smell fantastic 👎,the beans smell fantastic
672,Best cofee I've had in a while. Would love a decaf version.,best cofee ive had in a while would love a decaf version
673,I'll definitely buy again. Would reccomend it to friends. 😍,ill definitely buy again would reccomend it to friends
674,Too bitter for me 😕,too bitter for me
675,Coffee arrived stale. Hope you keep the quality consistent.,coffee arrived stale hope you keep the quality consistent
676,Way too expensive. ngl I expected more. 😊,way too expensive honestly i expected more
677,Taste is nice but it's a bit pricey. Delivery was realy fast.,taste is nice but its a bit pricey delivery was realy fast
678,I'll definitely buy again. Please introduce more roast options. 😊,ill definitely buy again please introduce more roast options
679,Love this coffe Not bad at all tbh.,love this coffe not bad at all honestly
680,Taste is kinda weak. Delivery was really fast. ❤️,taste is kinda weak delivery was really fast
681,Really enjoying Coffee X 😍,really enjoying coffee x
682,Expected better. Would love a decaf version. 😅,expected better would love a decaf version
683,Yumm 😋 🤔,yumm
684,Packaging looks premium but freshness could improve. Customer service was great too.,packaging looks premium but freshness could improve customer service was great too
685,Didn't enjoy the aftertaste. 😊,didnt enjoy the aftertaste
686,Wouldn't buy again. imo it's one of the better brands. 😕,wouldnt buy again opinion its one of the better brands
687,Pretty good! ☕,pretty good
688,The beans smell fantastic. Hope you keep the quality consistent. 😕,the beans smell fantastic hope you keep the quality consistent
689,The beans smell fantastic. Delivery was really fast. 👎,the beans smell fantastic delivery was really fast
690,Really enjoying Coffee X. 👍,really enjoying coffee x
691,Didn't enjoy the aftertaste. 😕,didnt enjoy the aftertaste
692,Too bitter for me. 😍,too bitter for me
693,Packaging could be better. ❤️,packaging could be better
694,Not as fresh as expected 🤔,not as fresh as expected
695,Yumm 😋 ❤️,yumm
696,Too bitter for me. I drink it every morning.,too bitter for me i drink it every morning
697,The beans smell fantastic. Not bad at all tbh.,the beans smell fantastic not bad at all honestly
698,Really enjoying Coffee X. Would love a decaf version. 👌,really enjoying coffee x would love a decaf version
699,10/10 ❤️ 😋,
700,I'll definitely buy again. ☕,ill definitely buy again
701,Could be better. 😊,could be better
702,Works great with milk but black coffee isn't my favourite. Not bad at all tbh. ☕,works great with milk but black coffee isnt my favourite not bad at all honestly
703,Really enjoying Coffee X 😕,really enjoying coffee x
704,Expected better. 👎,expected better
705,Works great with milk but black coffee isn't my favourite. I drink it every morning. ☕,works great with milk but black coffee isnt my favourite i drink it every morning
706,My morning feels incomplete without it. ngl I expected more. ☕,my morning feels incomplete without it honestly i expected more
707,The beans smell fantastic. ☕,the beans smell fantastic
708,Super smooth taste 😍,super smooth taste
709,Way too expensive.,way too expensive
710,Love this coffee. Customer service was great too. 👍,love this coffee customer service was great too
711,Super smooth taste. Customer service was great too. 😊,super smooth taste customer service was great too
712,Packaging could be better. ngl I expected more. 👎,packaging could be better honestly i expected more
713,Love this coffe Hope you keep the quality consistent.,love this coffe hope you keep the quality consistent
714,Very balanced flavour. 👎,very balanced flavour
715,Taste is kinda weak. Customer service was gr8 too. 😊,taste is kinda weak customer service was gr too
716,Very balanced flavour. Delivery was really fast. 🤔,very balanced flavour delivery was really fast
717,Too bitter for me. Would love a decaf version. 😋,too bitter for me would love a decaf version
718,Super smooth taste. Would recommend it to friends. ❤️,super smooth taste would recommend it to friends
719,Didn't enjoy the aftertaste,didnt enjoy the aftertaste
720,Very balanced flavour. Customer service was great too.,very balanced flavour customer service was great too
721,Too bitter for me. Please introduce more roast options.,too bitter for me please introduce more roast options
722,Not as fresh as expected. Would recommend it to friends. ❤️,not as fresh as expected would recommend it to friends
723,Super smooth taste. 👎,super smooth taste
724,Love this coffee. Please introduce more roast options. 😊,love this coffee please introduce more roast options
725,Bit disappointed. Hope you keep the qualty consistent. 😊,bit disappointed hope you keep the qualty consistent
726,Works great with milk but black coffee isn't my favourite. imo it's one of the better brands. 😕,works great with milk but black coffee isnt my favourite opinion its one of the better brands
727,Packaging looks premium but freshness could improve. imo it's one of the better brands. 😕,packaging looks premium but freshness could improve opinion its one of the better brands
728,I'll definitely buy again. ngl I expected more. 🤔,ill definitely buy again honestly i expected more
729,Not bad. 👌,not bad
730,I'll definitely buy again. Not bad at all tbh. 😋,ill definitely buy again not bad at all honestly
731,I'll definitely buy again,ill definitely buy again
732,Packaging looks premium but freshness could improve. imo it's one of the better brands. 🤔,packaging looks premium but freshness could improve opinion its one of the better brands
733,My morning feels incomplete without it. ngl I expected more. ❤️,my morning feels incomplete without it honestly i expected more
734,Very balanced flavour. Please introduce more roast options. 👎,very balanced flavour please introduce more roast options
735,Expected better. I drink it every morning. 🤔,expected better i drink it every morning
736,Love this coffe I drink it every morning.,love this coffe i drink it every morning
737,Amazing aroma.,amazing aroma
738,realy enjoying Coffee X. I drink it every morning.,realy enjoying coffee x i drink it every morning
739,Love this coffee. Would love a decaf version. 😅,love this coffee would love a decaf version
740,I'll definetly buy again,ill definetly buy again
741,The beans smell fantastic. Would recommend it to friends.,the beans smell fantastic would recommend it to friends
742,Best coffee I've had in a while. Please introduce more roast options. 😅,best coffee ive had in a while please introduce more roast options
743,Not as fesh as expected. imo it's one of the better brands.,not as fesh as expected opinion its one of the better brands
744,Worth every penny. imo it's one of the better brands. 👎,worth every penny opinion its one of the better brands
745,My morning feels incomplete without it. Would love a decaf version. 😊,my morning feels incomplete without it would love a decaf version
746,I'll definitely buy again. ngl I expected more.,ill definitely buy again honestly i expected more
747,I'll definitely buy again 😊,ill definitely buy again
748,Way too expensive. Please introduce more roast options. 👍,way too expensive please introduce more roast options
749,Works gr8 with milk but black coffee isn't my favourite. 😍,works gr with milk but black coffee isnt my favourite
750,Best cofee I've had in a while. Not bad at all tbh. 😊,best cofee ive had in a while not bad at all honestly
751,Super smooth taste. ngl I expected more.,super smooth taste honestly i expected more
752,Taste is nice but it's a bit pricey. Hope you keep the quality consistent. 😕,taste is nice but its a bit pricey hope you keep the quality consistent
753,Pretty good overall although I expected a stronger roast. Please introduce more roast options.,pretty good overall although i expected a stronger roast please introduce more roast options
754,Pretty good! 😋,pretty good
755,Pretty good overall although I expected a stronger roast. I drink it every morning. ☕,pretty good overall although i expected a stronger roast i drink it every morning
756,Super smooth taste. imo it's one of the better brands. 👌,super smooth taste opinion its one of the better brands
757,Best coffee I've had in a while 😕,best coffee ive had in a while
758,I'll definetly buy again. 😊,ill definetly buy again
759,Too bitter for me. Would love a decaf version. 😕,too bitter for me would love a decaf version
760,Really enjoying Coffee X. Would recommend it to friends.,really enjoying coffee x would recommend it to friends
761,Worth every penny. ngl I expected more. ❤️,worth every penny honestly i expected more
762,Very balanced flavour.,very balanced flavour
763,Best coffee I've had in a while. Not bad at all tbh.,best coffee ive had in a while not bad at all honestly
764,Amazing 😍 👎,amazing
765,Taste is nice but it's a bit pricey. Would love a decaf version. 😊,taste is nice but its a bit pricey would love a decaf version
766,Love this coffee. imo it's one of the better brands. 😋,love this coffee opinion its one of the better brands
767,I'll definitely buy again.,ill definitely buy again
768,Not as fesh as expected. 👎,not as fesh as expected
769,Packaging could be better. Would love a decaf version. ☕,packaging could be better would love a decaf version
770,Really enjoying Coffee X. I drink it every morning. ❤️,really enjoying coffee x i drink it every morning
771,Works great with milk but black coffee isn't my favourite. Hope you keep the quality consistent. 👎,works great with milk but black coffee isnt my favourite hope you keep the quality consistent
772,Love this coffee.,love this coffee
773,Meh. 👌,meh
774,The beans smell fantastic 👌,the beans smell fantastic
775,Pretty good overall although I expected a stronger roast. Customer service was gr8 too.,pretty good overall although i expected a stronger roast customer service was gr too
776,My morning feels incomplete without it. Would recommend it to friends. 👎,my morning feels incomplete without it would recommend it to friends
777,Bit disappointed. I drink it every morning.,bit disappointed i drink it every morning
778,Super smooth taste 👎,super smooth taste
779,Didn't enjoy the aftertaste. Hope you keep the quality consistent. 🤔,didnt enjoy the aftertaste hope you keep the quality consistent
780,Packaging could be better. imo it's one of the better brands.,packaging could be better opinion its one of the better brands
781,Packaging looks premium but freshness could improve. Hope you keep the qualty consistent. 😊,packaging looks premium but freshness could improve hope you keep the qualty consistent
782,"Love the aroma, not a fan of the aftertaste. 😕",love the aroma not a fan of the aftertaste
783,Packaging could be better. Please introduce more roast options. 😋,packaging could be better please introduce more roast options
784,Not bad. ❤️,not bad
785,My morning feels incomplete without it. ☕,my morning feels incomplete without it
786,Super smooth taste. Please introduce more roast options. ☕,super smooth taste please introduce more roast options
787,Too bitter for me. Would recommend it to friends. 😅,too bitter for me would recommend it to friends
788,Not as fresh as expected. imo it's one of the better brands. 😋,not as fresh as expected opinion its one of the better brands
789,Love this coffee. Customer service was gr8 too. 😍,love this coffee customer service was gr too
790,Way too expensive. 👎,way too expensive
791,I'll definitely buy again. Hope you keep the quality consistent. 😊,ill definitely buy again hope you keep the quality consistent
792,Best coffe I've had in a while. Customer service was great too. 😊,best coffe ive had in a while customer service was great too
793,Super smooth taste,super smooth taste
794,Packaging looks premium but freshness could improve. Hope you keep the qualty consistent.,packaging looks premium but freshness could improve hope you keep the qualty consistent
795,My morning feels incomplete without it,my morning feels incomplete without it
796,realy enjoying Coffee X. 😊,realy enjoying coffee x
797,Coffee arrived stale. Hope you keep the quality consistent. 😍,coffee arrived stale hope you keep the quality consistent
798,Packaging could be better. Delivery was really fast. 😍,packaging could be better delivery was really fast
799,Bit disappointed. 😍,bit disappointed
800,Taste is kinda weak. Would reccomend it to friends.,taste is kinda weak would reccomend it to friends
801,Wouldn't buy again. ❤️,wouldnt buy again
802,Works great with milk but black coffee isn't my favourite. Would love a decaf version. 😅,works great with milk but black coffee isnt my favourite would love a decaf version
803,"Love the aroma, not a fan of the aftertaste. Customer service was great too. 😍",love the aroma not a fan of the aftertaste customer service was great too
804,Taste is nice but it's a bit pricey. Would reccomend it to friends.,taste is nice but its a bit pricey would reccomend it to friends
805,Very balanced flavour. Would recomend it to friends. 😕,very balanced flavour would recomend it to friends
806,Bit disappointed. Customer service was great too.,bit disappointed customer service was great too
807,Love this coffee 👍,love this coffee
808,Taste is kinda weak. Hope you keep the quality consistent. ❤️,taste is kinda weak hope you keep the quality consistent
809,Bit disappointed. Hope you keep the quality consistent.,bit disappointed hope you keep the quality consistent
810,Best coffee I've had in a while. Hope you keep the quality consistent. 😍,best coffee ive had in a while hope you keep the quality consistent
811,Packaging looks premium but freshness could improve. Hope you keep the quality consistent. 👍,packaging looks premium but freshness could improve hope you keep the quality consistent
812,Packaging looks premium but freshness could improve. imo it's one of the better brands. ☕,packaging looks premium but freshness could improve opinion its one of the better brands
813,Worth every penny. Customer service was great too.,worth every penny customer service was great too
814,Way too expensive. Hope you keep the quality consistent.,way too expensive hope you keep the quality consistent
815,My morning feels incomplete without it. Customer service was great too. 😋,my morning feels incomplete without it customer service was great too
816,Too expensive 😕,too expensive
817,Super smooth taste. Please introduce more roast options. 😕,super smooth taste please introduce more roast options
818,Works great with milk but black cofee isn't my favourite. Customer service was great too. 😋,works great with milk but black cofee isnt my favourite customer service was great too
819,Love this coffe Hope you keep the qualty consistent.,love this coffe hope you keep the qualty consistent
820,realy enjoying Coffee X. Customer service was great too. 🤔,realy enjoying coffee x customer service was great too
821,I'll definitely buy again. 😅,ill definitely buy again
822,Really enjoying Coffee X. Please introduce more roast options. 😅,really enjoying coffee x please introduce more roast options
823,Pretty good! 😊,pretty good
824,Super smooth taste. Not bad at all tbh. 😅,super smooth taste not bad at all honestly
825,Amazing aroma. I drink it every morning. ☕,amazing aroma i drink it every morning
826,"Love the aroma, not a fan of the aftertaste. ❤️",love the aroma not a fan of the aftertaste
827,Best coffee I've had in a while,best coffee ive had in a while
828,Worth every penny. Would reccomend it to friends.,worth every penny would reccomend it to friends
829,Very balanced flavour. I drink it every morning.,very balanced flavour i drink it every morning
830,Worth every penny. Delivery was realy fast. ❤️,worth every penny delivery was realy fast
831,Love this coffee 👌,love this coffee
832,Coffee arrived stale 😍,coffee arrived stale
833,Taste is nice but it's a bit pricey. Would recommend it to friends. 😅,taste is nice but its a bit pricey would recommend it to friends
834,Packaging looks premium but freshness could improve. I drink it every morning. 😕,packaging looks premium but freshness could improve i drink it every morning
835,Works great with milk but black coffe isn't my favourite. Delivery was really fast. 👎,works great with milk but black coffe isnt my favourite delivery was really fast
836,Very balanced flavour. Not bad at all tbh. 🤔,very balanced flavour not bad at all honestly
837,rly enjoying Coffee X. Please introduce more roast options. 😅,rly enjoying coffee x please introduce more roast options
838,Taste is nice but it's a bit pricey.,taste is nice but its a bit pricey
839,Too expensive 😕 😅,too expensive
840,Packaging looks premium but freshness could improve. Customer service was gr8 too.,packaging looks premium but freshness could improve customer service was gr too
841,Love this coffe Would recommend it to friends.,love this coffe would recommend it to friends
842,Yumm 😋 😋,yumm
843,Amazing aroma. Customer service was great too.,amazing aroma customer service was great too
844,Didn't enjoy the aftertaste. Please introduce more roast options. 👌,didnt enjoy the aftertaste please introduce more roast options
845,Works great with milk but black coffee isn't my favourite. ☕,works great with milk but black coffee isnt my favourite
846,Didn't enjoy the aftertaste. ☕,didnt enjoy the aftertaste
847,Wouldn't buy again. Customer service was great too.,wouldnt buy again customer service was great too
848,Worth every penny. Would love a decaf version.,worth every penny would love a decaf version
849,Works great with milk but black cofee isn't my favourite. ❤️,works great with milk but black cofee isnt my favourite
850,Could be better. 😅,could be better
851,Works great with milk but black coffe isn't my favourite. Would recommend it to friends.,works great with milk but black coffe isnt my favourite would recommend it to friends
852,Really enjoying Coffee X. 👌,really enjoying coffee x
853,Taste is kinda weak. I drink it every morning. 😕,taste is kinda weak i drink it every morning
854,Not as fresh as expected. imo it's one of the better brands. 🤔,not as fresh as expected opinion its one of the better brands
855,Meh. ☕,meh
856,Packaging could be better.,packaging could be better
857,Pretty good overall although I expected a stronger roast. ngl I expected more. 👌,pretty good overall although i expected a stronger roast honestly i expected more
858,Worth every penny. I drink it every morning. ❤️,worth every penny i drink it every morning
859,Wouldn't buy again. imo it's one of the better brands. ❤️,wouldnt buy again opinion its one of the better brands
860,Wouldn't buy again. I drink it every morning. ❤️,wouldnt buy again i drink it every morning
861,Yumm 😋 😊,yumm
862,Love this cofee Customer service was gr8 too.,love this cofee customer service was gr too
863,Amazing aroma. Customer service was great too. ☕,amazing aroma customer service was great too
864,Works great with milk but black cofee isn't my favourite. 👎,works great with milk but black cofee isnt my favourite
865,Works great with milk but black coffee isn't my favourite. imo it's one of the better brands.,works great with milk but black coffee isnt my favourite opinion its one of the better brands
866,Very balanced flavour. Would love a decaf version. ❤️,very balanced flavour would love a decaf version
867,My morning feels incomplete without it. Would recommend it to friends.,my morning feels incomplete without it would recommend it to friends
868,Wouldn't buy again. 😋,wouldnt buy again
869,Pretty good overall although I expected a stronger roast. 😊,pretty good overall although i expected a stronger roast
870,Not as fresh as expected.,not as fresh as expected
871,"Love the aroma, not a fan of the aftertaste. Please introduce more roast options.",love the aroma not a fan of the aftertaste please introduce more roast options
872,Bit disappointed. Not bad at all tbh. ❤️,bit disappointed not bad at all honestly
873,My morning feels incomplete without it. imo it's one of the better brands. 👍,my morning feels incomplete without it opinion its one of the better brands
874,Yumm 😋 👌,yumm
875,Very balanced flavour. Not bad at all tbh. 👌,very balanced flavour not bad at all honestly
876,My morning feels incomplete without it. Delivery was really fast. 👍,my morning feels incomplete without it delivery was really fast
877,Best coffee I've had in a while 👌,best coffee ive had in a while
878,The beans smell fantastic. ngl I expected more. 😅,the beans smell fantastic honestly i expected more
879,Pretty good overall although I expected a stronger roast. imo it's one of the better brands. 😅,pretty good overall although i expected a stronger roast opinion its one of the better brands
880,My morning feels incomplete without it. imo it's one of the better brands. 😅,my morning feels incomplete without it opinion its one of the better brands
881,"Love the aroma, not a fan of the aftertaste. 😅",love the aroma not a fan of the aftertaste
882,Didn't enjoy the aftertaste. Hope you keep the quality consistent. ☕,didnt enjoy the aftertaste hope you keep the quality consistent
883,My morning feels incomplete without it. Hope you keep the quality consistent.,my morning feels incomplete without it hope you keep the quality consistent
884,Packaging could be better. Would recommend it to friends. ☕,packaging could be better would recommend it to friends
885,Taste is nice but it's a bit pricey. Would love a decaf version.,taste is nice but its a bit pricey would love a decaf version
886,Really enjoying Coffee X,really enjoying coffee x
887,Not as fresh as expected. I drink it every morning.,not as fresh as expected i drink it every morning
888,Way too expensive 😅,way too expensive
889,Not as fresh as expected. Delivery was really fast. 😋,not as fresh as expected delivery was really fast
890,Super smooth taste. 😍,super smooth taste
891,Expected better. Not bad at all tbh. ☕,expected better not bad at all honestly
892,Coffee arrived stale. Not bad at all tbh.,coffee arrived stale not bad at all honestly
893,Super smooth taste. Customer service was great too. 😅,super smooth taste customer service was great too
894,rly enjoying Coffee X. ngl I expected more.,rly enjoying coffee x honestly i expected more
895,Best coffe I've had in a while,best coffe ive had in a while
896,Could be better. 😍,could be better
897,Taste is nice but it's a bit pricey. Hope you keep the quality consistent. 👌,taste is nice but its a bit pricey hope you keep the quality consistent
898,Works great with milk but black coffee isn't my favourite. 👍,works great with milk but black coffee isnt my favourite
899,Taste is kinda weak. Please introduce more roast options. ☕,taste is kinda weak please introduce more roast options
900,Not as fresh as expected. Please introduce more roast options.,not as fresh as expected please introduce more roast options
901,My morning feels incomplete without it ☕,my morning feels incomplete without it
902,Best coffee I've had in a while. Customer service was gr8 too.,best coffee ive had in a while customer service was gr too
903,Very balanced flavour. I drink it every morning. 👌,very balanced flavour i drink it every morning
904,Not as fresh as expected. Would love a decaf version. 😍,not as fresh as expected would love a decaf version
905,Love this coffee. Would love a decaf version.,love this coffee would love a decaf version
906,Wouldn't buy again,wouldnt buy again
907,Best cofee I've had in a while. Would recomend it to friends.,best cofee ive had in a while would recomend it to friends
908,Amazing aroma 👎,amazing aroma
909,My morning feels incomplete without it. Customer service was gr8 too.,my morning feels incomplete without it customer service was gr too
910,Love this coffee. Delivery was really fast.,love this coffee delivery was really fast
911,"Love the aroma, not a fan of the aftertaste. Customer service was great too.",love the aroma not a fan of the aftertaste customer service was great too
912,Super smooth taste. Would love a decaf version.,super smooth taste would love a decaf version
913,Expected better. ngl I expected more. ☕,expected better honestly i expected more
914,Amazing aroma. 😕,amazing aroma
915,Love this cofee Hope you keep the quality consistent. ❤️,love this cofee hope you keep the quality consistent
916,Meh. 😍,meh
917,Bit disappointed. Would recommend it to friends.,bit disappointed would recommend it to friends
918,Best coffe I've had in a while. Hope you keep the quality consistent. 😅,best coffe ive had in a while hope you keep the quality consistent
919,It's okay.,its okay
920,Works great with milk but black coffee isn't my favourite. 😊,works great with milk but black coffee isnt my favourite
921,I'll definitely buy again. Would love a decaf version. ☕,ill definitely buy again would love a decaf version
922,Very balanced flavour. Would love a decaf version. 😍,very balanced flavour would love a decaf version
923,I'll definately buy again.,ill definately buy again
924,Pretty good overall although I expected a stronger roast. I drink it every morning. 😅,pretty good overall although i expected a stronger roast i drink it every morning
925,Taste is nice but it's a bit pricey. Please introduce more roast options.,taste is nice but its a bit pricey please introduce more roast options
926,Pretty good overall although I expected a stronger roast. 👌,pretty good overall although i expected a stronger roast
927,Too bitter for me. Would recommend it to friends. 😕,too bitter for me would recommend it to friends
928,realy enjoying Coffee X. Hope you keep the quality consistent.,realy enjoying coffee x hope you keep the quality consistent
929,Taste is nice but it's a bit pricey. Would love a decaf version. 👎,taste is nice but its a bit pricey would love a decaf version
930,Wouldn't buy again 😋,wouldnt buy again
931,Super smooth taste. ❤️,super smooth taste
932,My morning feels incomplete without it. Would recommend it to friends. 😕,my morning feels incomplete without it would recommend it to friends
933,Taste is kinda weak. Not bad at all tbh.,taste is kinda weak not bad at all honestly
934,Amazing aroma. ngl I expected more. 😅,amazing aroma honestly i expected more
935,Worth every penny. Delivery was really fast.,worth every penny delivery was really fast
936,My morning feels incomplete without it. Delivery was realy fast.,my morning feels incomplete without it delivery was realy fast
937,Best coffee I've had in a while. 😕,best coffee ive had in a while
938,Really enjoying Coffee X 👌,really enjoying coffee x
939,Coffee arrived stale. ❤️,coffee arrived stale
940,Amazing aroma. Would recommend it to friends.,amazing aroma would recommend it to friends
941,Didn't enjoy the aftertaste. Delivery was really fast. 🤔,didnt enjoy the aftertaste delivery was really fast
942,Taste is nice but it's a bit pricey. ngl I expected more. 😅,taste is nice but its a bit pricey honestly i expected more
943,Expected better. ☕,expected better
944,Very balanced flavour. 😕,very balanced flavour
945,Packaging could be better 🤔,packaging could be better
946,Expected better. Customer service was great too. 👌,expected better customer service was great too
947,Too bitter for me. Delivery was really fast. 🤔,too bitter for me delivery was really fast
948,My morning feels incomplete without it. Delivery was really fast. 😍,my morning feels incomplete without it delivery was really fast
949,Love this coffee. I drink it every morning.,love this coffee i drink it every morning
950,Best coffee I've had in a while. Hope you keep the qualty consistent. 😊,best coffee ive had in a while hope you keep the qualty consistent
951,Super smooth taste. imo it's one of the better brands.,super smooth taste opinion its one of the better brands
952,Really enjoying Coffee X. ❤️,really enjoying coffee x
953,coffe arrived stale. Please introduce more roast options.,coffe arrived stale please introduce more roast options
954,Wouldn't buy again. Would recommend it to friends.,wouldnt buy again would recommend it to friends
955,Amazing aroma. Delivery was really fast. 😋,amazing aroma delivery was really fast
956,Best coffee I've had in a while. 😅,best coffee ive had in a while
957,Expected better. ngl I expected more. ❤️,expected better honestly i expected more
958,Expected better. I drink it every morning. 😊,expected better i drink it every morning
959,Best cofee I've had in a while. 👌,best cofee ive had in a while
960,Really enjoying coffe X. imo it's one of the better brands.,really enjoying coffe x opinion its one of the better brands
961,Love it ☕ 😅,love it
962,Really enjoying Coffee X. Please introduce more roast options. 😕,really enjoying coffee x please introduce more roast options
963,Super smooth taste. Would love a decaf version. 👍,super smooth taste would love a decaf version
964,Wouldn't buy again. Please introduce more roast options. 👍,wouldnt buy again please introduce more roast options
965,I'll definitely buy again. Hope you keep the quality consistent.,ill definitely buy again hope you keep the quality consistent
966,Super smooth taste. Customer service was great too.,super smooth taste customer service was great too
967,Works gr8 with milk but black coffee isn't my favourite. Hope you keep the quality consistent.,works gr with milk but black coffee isnt my favourite hope you keep the quality consistent
968,Very balanced flavour. Would recommend it to friends. 😕,very balanced flavour would recommend it to friends
969,Very balanced flavour. Hope you keep the qualty consistent.,very balanced flavour hope you keep the qualty consistent
970,Taste is kinda weak. I drink it every morning. ❤️,taste is kinda weak i drink it every morning
971,Taste is kinda weak 👎,taste is kinda weak
972,I'll definitely buy again. Not bad at all tbh. 👎,ill definitely buy again not bad at all honestly
973,The beans smell fantastic. 😋,the beans smell fantastic
974,Bit disappointed 😍,bit disappointed
975,Pretty good overall although I expected a stronger roast. Not bad at all tbh. 👍,pretty good overall although i expected a stronger roast not bad at all honestly
976,Really enjoying cofee X 👌,really enjoying cofee x
977,Super smooth taste. 😕,super smooth taste
978,My morning feels incomplete without it. Customer service was great too. 🤔,my morning feels incomplete without it customer service was great too
979,Taste is nice but it's a bit pricey. Not bad at all tbh. 😋,taste is nice but its a bit pricey not bad at all honestly
980,Coffee arrived stale. Would recommend it to friends. 😍,coffee arrived stale would recommend it to friends
981,Works great with milk but black coffee isn't my favourite. Delivery was really fast. 👎,works great with milk but black coffee isnt my favourite delivery was really fast
982,Way too expensive. 😊,way too expensive
983,I'll definitely buy again. 😋,ill definitely buy again
984,coffe arrived stale ☕,coffe arrived stale
985,Taste is nice but it's a bit pricey. imo it's one of the better brands. 🤔,taste is nice but its a bit pricey opinion its one of the better brands
986,Pretty good overall although I expected a stronger roast. imo it's one of the better brands. 😊,pretty good overall although i expected a stronger roast opinion its one of the better brands
987,Packaging looks premium but freshness could improve.,packaging looks premium but freshness could improve
988,Not as fesh as expected. Would recommend it to friends.,not as fesh as expected would recommend it to friends
989,Way too expensive. Hope you keep the quality consistent. 🤔,way too expensive hope you keep the quality consistent
990,Super smooth taste. Hope you keep the quality consistent. 👌,super smooth taste hope you keep the quality consistent
991,My morning feels incomplete without it. I drink it every morning. 👌,my morning feels incomplete without it i drink it every morning
992,Worth every penny. imo it's one of the better brands. 🤔,worth every penny opinion its one of the better brands
993,Very balanced flavour ☕,very balanced flavour
994,Bit disappointed. ngl I expected more.,bit disappointed honestly i expected more
995,My morning feels incomplete without it. Would love a decaf version. 😍,my morning feels incomplete without it would love a decaf version
996,Super smooth taste. Would recommend it to friends. ☕,super smooth taste would recommend it to friends
997,Not as fresh as expected. Would reccomend it to friends.,not as fresh as expected would reccomend it to friends
998,Pretty good overall although I expected a stronger roast. Would love a decaf version. ☕,pretty good overall although i expected a stronger roast would love a decaf version
999,Coffee arrived stale. Hope you keep the qualty consistent.,coffee arrived stale hope you keep the qualty consistent
1000,Wouldn't buy again. Delivery was really fast. 👌,wouldnt buy again delivery was really fast
1001,Not as fresh as expected. Would recommend it to friends. ☕,not as fresh as expected would recommend it to friends
1002,Bit disappointed. I drink it every morning. 😊,bit disappointed i drink it every morning
1003,Too bitter for me. Would love a decaf version. 🤔,too bitter for me would love a decaf version
1004,I'll definitely buy again. Customer service was great too. 😊,ill definitely buy again customer service was great too
1005,Packaging could be better. Delivery was rly fast. 👌,packaging could be better delivery was rly fast
1006,Best coffee I've had in a while. 👍,best coffee ive had in a while
1007,Love this coffee. imo it's one of the better brands.,love this coffee opinion its one of the better brands
1008,Packaging could be better 😅,packaging could be better
1009,Packaging could be better 👌,packaging could be better
1010,Bit disappointed. Delivery was really fast. 😕,bit disappointed delivery was really fast
1011,"Love the aroma, not a fan of the aftertaste. 👍",love the aroma not a fan of the aftertaste
1012,Worth every penny. Hope you keep the quality consistent. ❤️,worth every penny hope you keep the quality consistent
1013,The beans smell fantastic. Not bad at all tbh. 😕,the beans smell fantastic not bad at all honestly
1014,Best coffee I've had in a while. I drink it every morning. 🤔,best coffee ive had in a while i drink it every morning
1015,Super smooth taste. Delivery was really fast. 😊,super smooth taste delivery was really fast
1016,Best coffee I've had in a while. Would recommend it to friends. 👍,best coffee ive had in a while would recommend it to friends
1017,Pretty good overall although I expected a stronger roast. 😅,pretty good overall although i expected a stronger roast
1018,Packaging could be better. Delivery was really fast.,packaging could be better delivery was really fast
1019,Wouldn't buy again. Delivery was really fast. 😍,wouldnt buy again delivery was really fast
1020,Works great with milk but black coffee isn't my favourite. Not bad at all tbh. 😍,works great with milk but black coffee isnt my favourite not bad at all honestly
1021,Coffee arrived stale. I drink it every morning. 😅,coffee arrived stale i drink it every morning
1022,Way too expensive ☕,way too expensive
1023,"Love the aroma, not a fan of the aftertaste. I drink it every morning. 👌",love the aroma not a fan of the aftertaste i drink it every morning
1024,10/10 ❤️,
1025,Packaging could be better. ☕,packaging could be better
1026,Packaging looks premium but freshness could improve. Would recommend it to friends. 👌,packaging looks premium but freshness could improve would recommend it to friends
1027,Packaging looks premium but freshness could improve. 👎,packaging looks premium but freshness could improve
1028,Amazing aroma. Please introduce more roast options. 👎,amazing aroma please introduce more roast options
1029,Coffee arrived stale 😅,coffee arrived stale
1030,Love this coffee. Would recommend it to friends. ❤️,love this coffee would recommend it to friends
1031,Packaging looks premium but freshness could improve. ☕,packaging looks premium but freshness could improve
1032,Super smooth taste. Would recomend it to friends. 😍,super smooth taste would recomend it to friends
1033,Not as fresh as expected. Not bad at all tbh. 👌,not as fresh as expected not bad at all honestly
1034,My morning feels incomplete without it. I drink it every morning. 😍,my morning feels incomplete without it i drink it every morning
1035,Love this coffe 😍,love this coffe
1036,Not as fresh as expected. Delivery was rly fast.,not as fresh as expected delivery was rly fast
1037,Not as fresh as expected. Customer service was great too.,not as fresh as expected customer service was great too
1038,Too bitter for me.,too bitter for me
1039,Not as fresh as expected. Please introduce more roast options. 👌,not as fresh as expected please introduce more roast options
1040,Works great with milk but black coffee isn't my favourite. Hope you keep the quality consistent. 🤔,works great with milk but black coffee isnt my favourite hope you keep the quality consistent
1041,Very balanced flavour. imo it's one of the better brands. 😕,very balanced flavour opinion its one of the better brands
1042,Best coffee I've had in a while. Delivery was really fast.,best coffee ive had in a while delivery was really fast
1043,I'll definitely buy again. Would love a decaf version. 😊,ill definitely buy again would love a decaf version
1044,Coffee arrived stale. Would love a decaf version. 👎,coffee arrived stale would love a decaf version
1045,"Love the aroma, not a fan of the aftertaste. imo it's one of the better brands. 😋",love the aroma not a fan of the aftertaste opinion its one of the better brands
1046,Super smooth taste. Not bad at all tbh. 👌,super smooth taste not bad at all honestly
1047,Best coffee I've had in a while. 😋,best coffee ive had in a while
1048,Pretty good overall although I expected a stronger roast. ngl I expected more. 😍,pretty good overall although i expected a stronger roast honestly i expected more
1049,Love this coffee. imo it's one of the better brands. 😕,love this coffee opinion its one of the better brands
1050,Not as fresh as expected. Customer service was great too. 😍,not as fresh as expected customer service was great too
1051,Too bitter for me. 😅,too bitter for me
1052,Very balanced flavour. Delivery was really fast. 😕,very balanced flavour delivery was really fast
1053,Worth every penny. ngl I expected more. 😅,worth every penny honestly i expected more
1054,The beans smell fantastic. I drink it every morning. 😊,the beans smell fantastic i drink it every morning
1055,"Love the aroma, not a fan of the aftertaste. Hope you keep the quality consistent. 👎",love the aroma not a fan of the aftertaste hope you keep the quality consistent
1056,Works great with milk but black coffee isn't my favourite. ngl I expected more.,works great with milk but black coffee isnt my favourite honestly i expected more
1057,Way too expensive. Would love a decaf version.,way too expensive would love a decaf version
1058,Packaging could be better. imo it's one of the better brands. 👌,packaging could be better opinion its one of the better brands
1059,The beans smell fantastic. Not bad at all tbh. 🤔,the beans smell fantastic not bad at all honestly
1060,Expected better. Delivery was really fast.,expected better delivery was really fast
1061,Very balanced flavour. Please introduce more roast options. ❤️,very balanced flavour please introduce more roast options
1062,Really enjoying Coffee X. 😊,really enjoying coffee x
1063,Amazing aroma. imo it's one of the better brands. ☕,amazing aroma opinion its one of the better brands
1064,Taste is kinda weak. I drink it every morning.,taste is kinda weak i drink it every morning
1065,Packaging could be better. Please introduce more roast options.,packaging could be better please introduce more roast options
1066,My morning feels incomplete without it. Hope you keep the quality consistent. ☕,my morning feels incomplete without it hope you keep the quality consistent
1067,"Love the aroma, not a fan of the aftertaste. Delivery was really fast. 👌",love the aroma not a fan of the aftertaste delivery was really fast
1068,I'll definately buy again ❤️,ill definately buy again
1069,Packaging looks premium but freshness could improve. I drink it every morning.,packaging looks premium but freshness could improve i drink it every morning
1070,Works great with milk but black coffee isn't my favourite. Not bad at all tbh. 👌,works great with milk but black coffee isnt my favourite not bad at all honestly
1071,It's okay. 😍,its okay
1072,10/10 ❤️ 👍,
1073,The beans smell fantastic. ngl I expected more.,the beans smell fantastic honestly i expected more
1074,The beans smell fantastic 👍,the beans smell fantastic
1075,Wouldn't buy again. Would recommend it to friends. 👎,wouldnt buy again would recommend it to friends
1076,coffe arrived stale 👎,coffe arrived stale
1077,Worth every penny. Hope you keep the quality consistent.,worth every penny hope you keep the quality consistent
1078,Could be better. 😕,could be better
1079,Best coffe I've had in a while. I drink it every morning. 😕,best coffe ive had in a while i drink it every morning
1080,Packaging looks premium but freshness could improve. ngl I expected more. 😕,packaging looks premium but freshness could improve honestly i expected more
1081,Taste is nice but it's a bit pricey. I drink it every morning. ☕,taste is nice but its a bit pricey i drink it every morning
1082,Love it ☕ 👌,love it
1083,Packaging could be better. 😕,packaging could be better
1084,Pretty good overall although I expected a stronger roast. I drink it every morning. 👌,pretty good overall although i expected a stronger roast i drink it every morning
1085,The beans smell fantastic. Customer service was great too.,the beans smell fantastic customer service was great too
1086,Best coffee I've had in a while. I drink it every morning. 👍,best coffee ive had in a while i drink it every morning
1087,Too bitter for me. Would love a decaf version.,too bitter for me would love a decaf version
1088,Really enjoying coffe X. I drink it every morning.,really enjoying coffe x i drink it every morning
1089,Worth every penny. Delivery was really fast. 😍,worth every penny delivery was really fast
1090,Super smooth taste. Hope you keep the qualty consistent. 👍,super smooth taste hope you keep the qualty consistent
1091,Very balanced flavour. ☕,very balanced flavour
1092,I'll definitely buy again. ngl I expected more. 👌,ill definitely buy again honestly i expected more
1093,My morning feels incomplete without it. 🤔,my morning feels incomplete without it
1094,Amazing aroma. Would love a decaf version.,amazing aroma would love a decaf version
1095,Not as fresh as expected. Delivery was really fast. 👎,not as fresh as expected delivery was really fast
1096,Bit disappointed. Delivery was rly fast.,bit disappointed delivery was rly fast
1097,Works great with milk but black coffe isn't my favourite.,works great with milk but black coffe isnt my favourite
1098,Worth every penny. Delivery was really fast. 👎,worth every penny delivery was really fast
1099,Meh. 😋,meh
1100,My morning feels incomplete without it. imo it's one of the better brands. 😋,my morning feels incomplete without it opinion its one of the better brands
1101,Taste is nice but it's a bit pricey. Hope you keep the qualty consistent.,taste is nice but its a bit pricey hope you keep the qualty consistent
1102,The beans smell fantastic. ngl I expected more. 😕,the beans smell fantastic honestly i expected more
1103,cofee arrived stale. ngl I expected more. 😊,cofee arrived stale honestly i expected more
1104,Wouldn't buy again. Would love a decaf version. 😕,wouldnt buy again would love a decaf version
1105,Packaging could be better. Would recomend it to friends.,packaging could be better would recomend it to friends
1106,Didn't enjoy the aftertaste. Customer service was great too. 👍,didnt enjoy the aftertaste customer service was great too
1107,Taste is kinda weak. Would recommend it to friends. 👎,taste is kinda weak would recommend it to friends
1108,"Love the aroma, not a fan of the aftertaste. Customer service was great too. ☕",love the aroma not a fan of the aftertaste customer service was great too
1109,I'll definitely buy again. ngl I expected more. 😅,ill definitely buy again honestly i expected more
1110,My morning feels incomplete without it. I drink it every morning. 😊,my morning feels incomplete without it i drink it every morning
1111,Works great with milk but black coffee isn't my favourite. Not bad at all tbh.,works great with milk but black coffee isnt my favourite not bad at all honestly
1112,My morning feels incomplete without it. Please introduce more roast options.,my morning feels incomplete without it please introduce more roast options
1113,Packaging could be better. Would recommend it to friends.,packaging could be better would recommend it to friends
1114,Very balanced flavour 👎,very balanced flavour
1115,Pretty good overall although I expected a stronger roast. Hope you keep the quality consistent. 😍,pretty good overall although i expected a stronger roast hope you keep the quality consistent
1116,Way too expensive. Please introduce more roast options. 😊,way too expensive please introduce more roast options
1117,Works gr8 with milk but black coffee isn't my favourite. Customer service was great too.,works gr with milk but black coffee isnt my favourite customer service was great too
1118,Packaging could be better. I drink it every morning. 👍,packaging could be better i drink it every morning
1119,Not as fresh as expected. imo it's one of the better brands.,not as fresh as expected opinion its one of the better brands
1120,Works great with milk but black coffe isn't my favourite. Not bad at all tbh.,works great with milk but black coffe isnt my favourite not bad at all honestly
1121,Bit disappointed. Would love a decaf version. 😊,bit disappointed would love a decaf version
1122,Really enjoying Coffee X. imo it's one of the better brands.,really enjoying coffee x opinion its one of the better brands
1123,Not as fresh as expected 😊,not as fresh as expected
1124,Super smooth taste. ☕,super smooth taste
1125,Taste is nice but it's a bit pricey. imo it's one of the better brands.,taste is nice but its a bit pricey opinion its one of the better brands
1126,Coffee arrived stale. Would recommend it to friends.,coffee arrived stale would recommend it to friends
1127,Pretty good overall although I expected a stronger roast. I drink it every morning.,pretty good overall although i expected a stronger roast i drink it every morning
1128,Works great with milk but black coffee isn't my favourite. Please introduce more roast options.,works great with milk but black coffee isnt my favourite please introduce more roast options
1129,Wouldn't buy again. imo it's one of the better brands. 😍,wouldnt buy again opinion its one of the better brands
1130,Really enjoying Coffee X 😅,really enjoying coffee x
1131,Packaging looks premium but freshness could improve. 🤔,packaging looks premium but freshness could improve
1132,Best coffe I've had in a while. imo it's one of the better brands. 😅,best coffe ive had in a while opinion its one of the better brands
1133,Worth every penny 😕,worth every penny
1134,Very balanced flavour,very balanced flavour
1135,Taste is kinda weak 🤔,taste is kinda weak
1136,Bit disappointed. Would recomend it to friends.,bit disappointed would recomend it to friends
1137,Didn't enjoy the aftertaste. imo it's one of the better brands.,didnt enjoy the aftertaste opinion its one of the better brands
1138,Works great with milk but black coffee isn't my favourite. Would love a decaf version.,works great with milk but black coffee isnt my favourite would love a decaf version
1139,Amazing 😍 ☕,amazing
1140,Yumm 😋 👍,yumm
1141,Taste is nice but it's a bit pricey. ngl I expected more. 😊,taste is nice but its a bit pricey honestly i expected more
1142,My morning feels incomplete without it. 👍,my morning feels incomplete without it
1143,Not as fresh as expected. Delivery was realy fast.,not as fresh as expected delivery was realy fast
1144,Very balanced flavour. ❤️,very balanced flavour
1145,Very balanced flavour. Hope you keep the quality consistent. 😊,very balanced flavour hope you keep the quality consistent
1146,"Love the aroma, not a fan of the aftertaste. 👌",love the aroma not a fan of the aftertaste
1147,Didn't enjoy the aftertaste 👌,didnt enjoy the aftertaste
1148,Coffee arrived stale. Would recomend it to friends. 👌,coffee arrived stale would recomend it to friends
1149,Packaging looks premium but freshness could improve. Not bad at all tbh. 👎,packaging looks premium but freshness could improve not bad at all honestly
1150,Love this coffee. Not bad at all tbh. 👌,love this coffee not bad at all honestly
1151,"Love the aroma, not a fan of the aftertaste. Would love a decaf version.",love the aroma not a fan of the aftertaste would love a decaf version
1152,Super smooth taste.,super smooth taste
1153,Very balanced flavour. Would recommend it to friends. 👍,very balanced flavour would recommend it to friends
1154,My morning feels incomplete without it. Hope you keep the quality consistent. 😊,my morning feels incomplete without it hope you keep the quality consistent
1155,cofee arrived stale. Please introduce more roast options.,cofee arrived stale please introduce more roast options
1156,Expected better. imo it's one of the better brands. 😍,expected better opinion its one of the better brands
1157,Very balanced flavour. Not bad at all tbh. 👍,very balanced flavour not bad at all honestly
1158,Best coffee I've had in a while. Hope you keep the quality consistent. ❤️,best coffee ive had in a while hope you keep the quality consistent
1159,Super smooth taste ❤️,super smooth taste
1160,Packaging looks premium but freshness could improve. Hope you keep the quality consistent. 😊,packaging looks premium but freshness could improve hope you keep the quality consistent
1161,Too bitter for me 👎,too bitter for me
1162,Works great with milk but black coffee isn't my favourite. 😕,works great with milk but black coffee isnt my favourite
1163,Taste is kinda weak. Please introduce more roast options.,taste is kinda weak please introduce more roast options
1164,rly enjoying coffe X. ngl I expected more. 👎,rly enjoying coffe x honestly i expected more
1165,Yumm 😋,yumm
1166,Pretty good overall although I expected a stronger roast. Customer service was gr8 too. 😅,pretty good overall although i expected a stronger roast customer service was gr too
1167,Love this coffee. 😋,love this coffee
1168,Pretty good overall although I expected a stronger roast. Would love a decaf version. 😅,pretty good overall although i expected a stronger roast would love a decaf version
1169,Worth every penny. ngl I expected more. 😍,worth every penny honestly i expected more
1170,Really enjoying Coffee X. ☕,really enjoying coffee x
1171,Way too expensive. Please introduce more roast options. 🤔,way too expensive please introduce more roast options
1172,Taste is nice but it's a bit pricey. ❤️,taste is nice but its a bit pricey
1173,Taste is nice but it's a bit pricey. Not bad at all tbh.,taste is nice but its a bit pricey not bad at all honestly
1174,"Love the aroma, not a fan of the aftertaste. Delivery was realy fast. ❤️",love the aroma not a fan of the aftertaste delivery was realy fast
1175,The beans smell fantastic. Hope you keep the quality consistent. ❤️,the beans smell fantastic hope you keep the quality consistent
1176,Love this coffee. ngl I expected more. 👍,love this coffee honestly i expected more
1177,"Love the aroma, not a fan of the aftertaste. imo it's one of the better brands. 👌",love the aroma not a fan of the aftertaste opinion its one of the better brands
1178,Works great with milk but black coffee isn't my favourite. Customer service was great too.,works great with milk but black coffee isnt my favourite customer service was great too
1179,Love this coffee. 😕,love this coffee
1180,Works great with milk but black coffee isn't my favourite. 👌,works great with milk but black coffee isnt my favourite
1181,Packaging looks premium but freshness could improve. Delivery was really fast. 😋,packaging looks premium but freshness could improve delivery was really fast
1182,I'll definitely buy again. Hope you keep the qualty consistent.,ill definitely buy again hope you keep the qualty consistent
1183,Very balanced flavour 😊,very balanced flavour
1184,Very balanced flavour. Would love a decaf version. 😋,very balanced flavour would love a decaf version
1185,Wouldn't buy again. Please introduce more roast options. ☕,wouldnt buy again please introduce more roast options
1186,Works great with milk but black coffee isn't my favourite. 😅,works great with milk but black coffee isnt my favourite
1187,Taste is kinda weak. Hope you keep the qualty consistent.,taste is kinda weak hope you keep the qualty consistent
1188,Really enjoying Coffee X. Customer service was great too. 😍,really enjoying coffee x customer service was great too
1189,rly enjoying Coffee X. Delivery was really fast. 😕,rly enjoying coffee x delivery was really fast
1190,Super smooth taste 😋,super smooth taste
1191,Pretty good! 😕,pretty good
1192,Worth every penny. Please introduce more roast options. 😋,worth every penny please introduce more roast options
1193,I'll definetly buy again. 👍,ill definetly buy again
1194,Not as fresh as expected. Would love a decaf version.,not as fresh as expected would love a decaf version
1195,Taste is kinda weak,taste is kinda weak
1196,It's okay. 👍,its okay
1197,Too expensive 😕 👎,too expensive
1198,My morning feels incomplete without it. Hope you keep the quality consistent. 🤔,my morning feels incomplete without it hope you keep the quality consistent
1199,My morning feels incomplete without it. Hope you keep the qualty consistent.,my morning feels incomplete without it hope you keep the qualty consistent
1200,Way too expensive. I drink it every morning. ☕,way too expensive i drink it every morning
1201,Super smooth taste. I drink it every morning. 😕,super smooth taste i drink it every morning
1202,"Love the aroma, not a fan of the aftertaste. Hope you keep the quality consistent. 😍",love the aroma not a fan of the aftertaste hope you keep the quality consistent
1203,Coffee arrived stale. 😊,coffee arrived stale
1204,Expected better. Customer service was gr8 too.,expected better customer service was gr too
1205,I'll definately buy again. Delivery was really fast.,ill definately buy again delivery was really fast
1206,Way too expensive. Please introduce more roast options.,way too expensive please introduce more roast options
1207,cofee arrived stale. imo it's one of the better brands.,cofee arrived stale opinion its one of the better brands
1208,Not bad. 🤔,not bad
1209,Meh.,meh
1210,Very balanced flavour. ngl I expected more.,very balanced flavour honestly i expected more
1211,Amazing 😍 😅,amazing
1212,Love this coffe 👍,love this coffe
1213,I'll definitely buy again. ngl I expected more. 😍,ill definitely buy again honestly i expected more
1214,Taste is kinda weak 👌,taste is kinda weak
1215,Way too expensive. Please introduce more roast options. 😋,way too expensive please introduce more roast options
1216,Worth every penny. ngl I expected more.,worth every penny honestly i expected more
1217,rly enjoying Coffee X 😍,rly enjoying coffee x
1218,Too bitter for me. Would recommend it to friends.,too bitter for me would recommend it to friends
1219,Too expensive 😕 😋,too expensive
1220,Didn't enjoy the aftertaste 😕,didnt enjoy the aftertaste
1221,Way too expensive. Hope you keep the quality consistent. 😊,way too expensive hope you keep the quality consistent
1222,Pretty good overall although I expected a stronger roast. Customer service was great too.,pretty good overall although i expected a stronger roast customer service was great too
1223,Pretty good overall although I expected a stronger roast. ngl I expected more. 😊,pretty good overall although i expected a stronger roast honestly i expected more
1224,Packaging looks premium but freshness could improve. 😍,packaging looks premium but freshness could improve
1225,Very balanced flavour. imo it's one of the better brands. 🤔,very balanced flavour opinion its one of the better brands
1226,Not as fresh as expected. ngl I expected more.,not as fresh as expected honestly i expected more
1227,The beans smell fantastic. Would love a decaf version.,the beans smell fantastic would love a decaf version
1228,Works great with milk but black coffee isn't my favourite. Customer service was great too. ❤️,works great with milk but black coffee isnt my favourite customer service was great too
1229,"Love the aroma, not a fan of the aftertaste. ngl I expected more.",love the aroma not a fan of the aftertaste honestly i expected more
1230,Really enjoying Coffee X. Not bad at all tbh.,really enjoying coffee x not bad at all honestly
1231,Coffee arrived stale. ngl I expected more. 😋,coffee arrived stale honestly i expected more
1232,Works gr8 with milk but black coffee isn't my favourite. 👌,works gr with milk but black coffee isnt my favourite
1233,"Love the aroma, not a fan of the aftertaste. Would recomend it to friends. 😊",love the aroma not a fan of the aftertaste would recomend it to friends
1234,Super smooth taste. Would love a decaf version. 🤔,super smooth taste would love a decaf version
1235,Works great with milk but black coffee isn't my favourite. Would love a decaf version. 😊,works great with milk but black coffee isnt my favourite would love a decaf version
1236,Packaging looks premium but freshness could improve. Please introduce more roast options. 😋,packaging looks premium but freshness could improve please introduce more roast options
1237,Love this coffee. Please introduce more roast options. 👌,love this coffee please introduce more roast options
1238,Packaging looks premium but freshness could improve. Hope you keep the quality consistent. 👌,packaging looks premium but freshness could improve hope you keep the quality consistent
1239,Works great with milk but black coffee isn't my favourite. Hope you keep the qualty consistent. 👌,works great with milk but black coffee isnt my favourite hope you keep the qualty consistent
1240,Didn't enjoy the aftertaste ❤️,didnt enjoy the aftertaste
1241,Didn't enjoy the aftertaste. Delivery was really fast. 👌,didnt enjoy the aftertaste delivery was really fast
1242,Didn't enjoy the aftertaste. ngl I expected more. 😍,didnt enjoy the aftertaste honestly i expected more
1243,Really enjoying Coffee X 🤔,really enjoying coffee x
1244,I'll definately buy again. ngl I expected more.,ill definately buy again honestly i expected more
1245,Very balanced flavour. Would love a decaf version. 👍,very balanced flavour would love a decaf version
1246,Expected better. Please introduce more roast options.,expected better please introduce more roast options
1247,Packaging could be better. ngl I expected more.,packaging could be better honestly i expected more
1248,Meh. 😕,meh
1249,Works great with milk but black coffee isn't my favourite.,works great with milk but black coffee isnt my favourite
1250,Didn't enjoy the aftertaste. 👍,didnt enjoy the aftertaste
1251,Really enjoying Coffee X. I drink it every morning. ☕,really enjoying coffee x i drink it every morning
1252,coffe arrived stale. Hope you keep the quality consistent.,coffe arrived stale hope you keep the quality consistent
1253,Wouldn't buy again. 👌,wouldnt buy again
1254,Pretty good overall although I expected a stronger roast. imo it's one of the better brands. 👌,pretty good overall although i expected a stronger roast opinion its one of the better brands
1255,Taste is nice but it's a bit pricey. ☕,taste is nice but its a bit pricey
1256,Very balanced flavour. Hope you keep the quality consistent. ☕,very balanced flavour hope you keep the quality consistent
1257,Worth every penny. ❤️,worth every penny
1258,The beans smell fantastic. Would recommend it to friends. 😍,the beans smell fantastic would recommend it to friends
1259,Pretty good overall although I expected a stronger roast. Please introduce more roast options. 👌,pretty good overall although i expected a stronger roast please introduce more roast options
1260,Really enjoying cofee X,really enjoying cofee x
1261,Not as fresh as expected 😕,not as fresh as expected
1262,Didn't enjoy the aftertaste. Would love a decaf version. 😋,didnt enjoy the aftertaste would love a decaf version
1263,Amazing aroma. 👍,amazing aroma
1264,Expected better. Would recommend it to friends.,expected better would recommend it to friends
1265,Works great with milk but black coffee isn't my favourite. Would recomend it to friends.,works great with milk but black coffee isnt my favourite would recomend it to friends
1266,Worth every penny 😍,worth every penny
1267,Expected better. Would love a decaf version.,expected better would love a decaf version
1268,Not as fesh as expected,not as fesh as expected
1269,Worth every penny 😊,worth every penny
1270,Bit disappointed. 😅,bit disappointed
1271,Super smooth taste. Not bad at all tbh. 😋,super smooth taste not bad at all honestly
1272,Not as fresh as expected. I drink it every morning. 😋,not as fresh as expected i drink it every morning
1273,Amazing aroma,amazing aroma
1274,Pretty good overall although I expected a stronger roast. 😋,pretty good overall although i expected a stronger roast
1275,Taste is nice but it's a bit pricey. Would recommend it to friends. 😕,taste is nice but its a bit pricey would recommend it to friends
1276,Wouldn't buy again 😅,wouldnt buy again
1277,Not as fresh as expected. Not bad at all tbh. 👎,not as fresh as expected not bad at all honestly
1278,Expected better. Delivery was really fast. ❤️,expected better delivery was really fast
1279,Super smooth taste 😅,super smooth taste
1280,Coffee arrived stale ☕,coffee arrived stale
1281,Yumm 😋 👎,yumm
1282,Really enjoying Coffee X. imo it's one of the better brands. 👌,really enjoying coffee x opinion its one of the better brands
1283,Worth every penny 😅,worth every penny
1284,Way too expensive. Delivery was really fast. ☕,way too expensive delivery was really fast
1285,Love this coffee. Hope you keep the quality consistent.,love this coffee hope you keep the quality consistent
1286,Love this coffee,love this coffee
1287,Packaging could be better. 👌,packaging could be better
1288,Super smooth taste. Hope you keep the quality consistent. ☕,super smooth taste hope you keep the quality consistent
1289,Coffee arrived stale. imo it's one of the better brands. 😋,coffee arrived stale opinion its one of the better brands
1290,Pretty good overall although I expected a stronger roast. 🤔,pretty good overall although i expected a stronger roast
1291,Taste is nice but it's a bit pricey. Would recommend it to friends.,taste is nice but its a bit pricey would recommend it to friends
1292,Way too expensive. I drink it every morning. 😍,way too expensive i drink it every morning
1293,Taste is kinda weak. Would love a decaf version.,taste is kinda weak would love a decaf version
1294,My morning feels incomplete without it. 😊,my morning feels incomplete without it
1295,Bit disappointed. Please introduce more roast options. 😍,bit disappointed please introduce more roast options
1296,My morning feels incomplete without it. Would recommend it to friends. 😅,my morning feels incomplete without it would recommend it to friends
1297,Love this coffee. Not bad at all tbh.,love this coffee not bad at all honestly
1298,Super smooth taste. I drink it every morning. 🤔,super smooth taste i drink it every morning
1299,Didn't enjoy the aftertaste. Delivery was realy fast.,didnt enjoy the aftertaste delivery was realy fast
1300,Works gr8 with milk but black coffee isn't my favourite. Not bad at all tbh.,works gr with milk but black coffee isnt my favourite not bad at all honestly
1301,I'll definitely buy again 👍,ill definitely buy again
1302,Amazing aroma. ngl I expected more.,amazing aroma honestly i expected more
1303,Packaging looks premium but freshness could improve. Please introduce more roast options.,packaging looks premium but freshness could improve please introduce more roast options
1304,I'll definetly buy again. Not bad at all tbh. ☕,ill definetly buy again not bad at all honestly
1305,10/10 ❤️ ❤️,
1306,Really enjoying Coffee X. ngl I expected more.,really enjoying coffee x honestly i expected more
1307,Best coffee I've had in a while. I drink it every morning. 😊,best coffee ive had in a while i drink it every morning
1308,The beans smell fantastic. Would recomend it to friends.,the beans smell fantastic would recomend it to friends
1309,Could be better.,could be better
1310,Wouldn't buy again. Delivery was rly fast.,wouldnt buy again delivery was rly fast
1311,Best coffee I've had in a while. Would recommend it to friends. 😊,best coffee ive had in a while would recommend it to friends
1312,Didn't enjoy the aftertaste. imo it's one of the better brands. 👎,didnt enjoy the aftertaste opinion its one of the better brands
1313,Wouldn't buy again. I drink it every morning.,wouldnt buy again i drink it every morning
1314,realy enjoying coffe X.,realy enjoying coffe x
1315,Yumm 😋 😍,yumm
1316,Didn't enjoy the aftertaste. Would love a decaf version. 👎,didnt enjoy the aftertaste would love a decaf version
1317,My morning feels incomplete without it. ngl I expected more.,my morning feels incomplete without it honestly i expected more
1318,Best coffee I've had in a while 🤔,best coffee ive had in a while
1319,"Love the aroma, not a fan of the aftertaste. Hope you keep the qualty consistent. 😋",love the aroma not a fan of the aftertaste hope you keep the qualty consistent
1320,Packaging looks premium but freshness could improve. Would recommend it to friends.,packaging looks premium but freshness could improve would recommend it to friends
1321,Taste is nice but it's a bit pricey. Please introduce more roast options. 👍,taste is nice but its a bit pricey please introduce more roast options
1322,The beans smell fantastic. Delivery was really fast.,the beans smell fantastic delivery was really fast
1323,Worth every penny. Not bad at all tbh.,worth every penny not bad at all honestly
1324,rly enjoying cofee X 😊,rly enjoying cofee x
1325,My morning feels incomplete without it 👍,my morning feels incomplete without it
1326,"Love the aroma, not a fan of the aftertaste. I drink it every morning. 😕",love the aroma not a fan of the aftertaste i drink it every morning
1327,I'll definitely buy again. Delivery was really fast. ❤️,ill definitely buy again delivery was really fast
1328,Very balanced flavour. 😊,very balanced flavour
1329,Really enjoying cofee X. Would love a decaf version.,really enjoying cofee x would love a decaf version
1330,Bit disappointed. Hope you keep the quality consistent. 😋,bit disappointed hope you keep the quality consistent
1331,Very balanced flavour. I drink it every morning. 👎,very balanced flavour i drink it every morning
1332,Expected better. Not bad at all tbh. 😅,expected better not bad at all honestly
1333,Amazing aroma. Please introduce more roast options. 😍,amazing aroma please introduce more roast options
1334,Taste is kinda weak 😊,taste is kinda weak
1335,I'll definitely buy again. 😍,ill definitely buy again
1336,Meh. 😊,meh
1337,Way too expensive. I drink it every morning. 😋,way too expensive i drink it every morning
1338,Love this coffe,love this coffe
1339,My morning feels incomplete without it. Delivery was really fast. 😅,my morning feels incomplete without it delivery was really fast
1340,10/10 ❤️ 🤔,
1341,Taste is nice but it's a bit pricey. Customer service was gr8 too.,taste is nice but its a bit pricey customer service was gr too
1342,Bit disappointed. Please introduce more roast options.,bit disappointed please introduce more roast options
1343,Expected better. imo it's one of the better brands.,expected better opinion its one of the better brands
1344,Yumm 😋 😅,yumm
1345,Pretty good overall although I expected a stronger roast. Would recommend it to friends.,pretty good overall although i expected a stronger roast would recommend it to friends
1346,Bit disappointed. imo it's one of the better brands. 😅,bit disappointed opinion its one of the better brands
1347,Worth every penny. 👎,worth every penny
1348,Really enjoying coffe X. Hope you keep the quality consistent.,really enjoying coffe x hope you keep the quality consistent
1349,Not as fresh as expected. Would recommend it to friends.,not as fresh as expected would recommend it to friends
1350,Packaging looks premium but freshness could improve. Would recommend it to friends. ☕,packaging looks premium but freshness could improve would recommend it to friends
1351,My morning feels incomplete without it. Please introduce more roast options. 😅,my morning feels incomplete without it please introduce more roast options
1352,Packaging could be better. imo it's one of the better brands. 👎,packaging could be better opinion its one of the better brands
1353,The beans smell fantastic.,the beans smell fantastic
1354,Super smooth taste. Not bad at all tbh.,super smooth taste not bad at all honestly
1355,Not as fresh as expected. Please introduce more roast options. 😅,not as fresh as expected please introduce more roast options
1356,cofee arrived stale.,cofee arrived stale
1357,Really enjoying Coffee X. Would recomend it to friends.,really enjoying coffee x would recomend it to friends
1358,Meh. 👍,meh
1359,Packaging could be better. Delivery was really fast. 👌,packaging could be better delivery was really fast
1360,Worth every penny. Customer service was great too. 👎,worth every penny customer service was great too
1361,Packaging looks premium but freshness could improve. ngl I expected more. ☕,packaging looks premium but freshness could improve honestly i expected more
1362,Amazing aroma. Customer service was great too. 😕,amazing aroma customer service was great too
1363,Works gr8 with milk but black cofee isn't my favourite. ❤️,works gr with milk but black cofee isnt my favourite
1364,Best coffee I've had in a while. Would love a decaf version. ☕,best coffee ive had in a while would love a decaf version
1365,Packaging looks premium but freshness could improve. ngl I expected more.,packaging looks premium but freshness could improve honestly i expected more
1366,The beans smell fantastic. I drink it every morning. ☕,the beans smell fantastic i drink it every morning
1367,Coffee arrived stale. Delivery was really fast. 👌,coffee arrived stale delivery was really fast
1368,Super smooth taste. ngl I expected more. 👍,super smooth taste honestly i expected more
1369,cofee arrived stale. ngl I expected more.,cofee arrived stale honestly i expected more
1370,Packaging looks premium but freshness could improve. Not bad at all tbh.,packaging looks premium but freshness could improve not bad at all honestly
1371,Worth every penny. Hope you keep the qualty consistent.,worth every penny hope you keep the qualty consistent
1372,Best coffee I've had in a while. Customer service was great too. 😅,best coffee ive had in a while customer service was great too
1373,My morning feels incomplete without it 😊,my morning feels incomplete without it
1374,Amazing aroma 😕,amazing aroma
1375,Works gr8 with milk but black coffee isn't my favourite.,works gr with milk but black coffee isnt my favourite
1376,My morning feels incomplete without it. 😕,my morning feels incomplete without it
1377,Amazing aroma. imo it's one of the better brands. 👌,amazing aroma opinion its one of the better brands
1378,Super smooth taste. Delivery was really fast. 😍,super smooth taste delivery was really fast
1379,Taste is nice but it's a bit pricey. Hope you keep the quality consistent. 👍,taste is nice but its a bit pricey hope you keep the quality consistent
1380,Amazing aroma. Customer service was great too. 👌,amazing aroma customer service was great too
1381,Way too expensive,way too expensive
1382,Too bitter for me. Delivery was really fast. ❤️,too bitter for me delivery was really fast
1383,Expected better. I drink it every morning.,expected better i drink it every morning
1384,Packaging could be better 👍,packaging could be better
1385,Packaging looks premium but freshness could improve. I drink it every morning. 😋,packaging looks premium but freshness could improve i drink it every morning
1386,Packaging could be better. Would love a decaf version.,packaging could be better would love a decaf version
1387,Coffee arrived stale. Not bad at all tbh. 👎,coffee arrived stale not bad at all honestly
1388,Pretty good overall although I expected a stronger roast. Please introduce more roast options. 😊,pretty good overall although i expected a stronger roast please introduce more roast options
1389,Didn't enjoy the aftertaste. 😍,didnt enjoy the aftertaste
1390,My morning feels incomplete without it. Not bad at all tbh.,my morning feels incomplete without it not bad at all honestly
1391,Packaging could be better. Customer service was great too.,packaging could be better customer service was great too
1392,Love this coffe Please introduce more roast options.,love this coffe please introduce more roast options
1393,Packaging looks premium but freshness could improve. Would recommend it to friends. 😕,packaging looks premium but freshness could improve would recommend it to friends
1394,Worth every penny. Hope you keep the quality consistent. 👍,worth every penny hope you keep the quality consistent
1395,Best coffee I've had in a while. imo it's one of the better brands.,best coffee ive had in a while opinion its one of the better brands
1396,Too bitter for me. Delivery was really fast. 😅,too bitter for me delivery was really fast
1397,Best coffee I've had in a while. Would recommend it to friends. ❤️,best coffee ive had in a while would recommend it to friends
1398,Taste is nice but it's a bit pricey. ngl I expected more. 😍,taste is nice but its a bit pricey honestly i expected more
1399,Super smooth taste. I drink it every morning.,super smooth taste i drink it every morning
1400,Didn't enjoy the aftertaste. Delivery was really fast.,didnt enjoy the aftertaste delivery was really fast
1401,Not as fesh as expected. Would love a decaf version.,not as fesh as expected would love a decaf version
1402,Packaging could be better. Hope you keep the quality consistent.,packaging could be better hope you keep the quality consistent
1403,Pretty good overall although I expected a stronger roast. Hope you keep the quality consistent.,pretty good overall although i expected a stronger roast hope you keep the quality consistent
1404,Worth every penny. Delivery was really fast. ☕,worth every penny delivery was really fast
1405,Coffee arrived stale.,coffee arrived stale
1406,Not bad. 😕,not bad
1407,It's okay. 😕,its okay
1408,Way too expensive. Delivery was really fast.,way too expensive delivery was really fast
1409,Not bad. 😅,not bad
1410,"Love the aroma, not a fan of the aftertaste. ngl I expected more. 😅",love the aroma not a fan of the aftertaste honestly i expected more
1411,Love this coffee. 👌,love this coffee
1412,Not as fresh as expected. imo it's one of the better brands. 😅,not as fresh as expected opinion its one of the better brands
1413,coffe arrived stale.,coffe arrived stale
1414,Super smooth taste. Please introduce more roast options.,super smooth taste please introduce more roast options
1415,Didn't enjoy the aftertaste. imo it's one of the better brands. ☕,didnt enjoy the aftertaste opinion its one of the better brands
1416,Pretty good overall although I expected a stronger roast. imo it's one of the better brands. 😍,pretty good overall although i expected a stronger roast opinion its one of the better brands
1417,My morning feels incomplete without it. I drink it every morning. 😕,my morning feels incomplete without it i drink it every morning
1418,Bit disappointed.,bit disappointed
1419,Way too expensive. Would love a decaf version. ☕,way too expensive would love a decaf version
1420,Taste is kinda weak 😕,taste is kinda weak
1421,Amazing aroma. Not bad at all tbh. ☕,amazing aroma not bad at all honestly
1422,Love this coffee. Hope you keep the qualty consistent.,love this coffee hope you keep the qualty consistent
1423,Best coffee I've had in a while. I drink it every morning.,best coffee ive had in a while i drink it every morning
1424,Super smooth taste. 👍,super smooth taste
1425,Worth every penny. Would recommend it to friends. 👎,worth every penny would recommend it to friends
1426,Works great with milk but black coffee isn't my favourite. ngl I expected more. 😊,works great with milk but black coffee isnt my favourite honestly i expected more
1427,Way too expensive ❤️,way too expensive
1428,Love this coffe Would love a decaf version. ❤️,love this coffe would love a decaf version
1429,Works gr8 with milk but black coffee isn't my favourite. 😅,works gr with milk but black coffee isnt my favourite
1430,Wouldn't buy again. Hope you keep the quality consistent.,wouldnt buy again hope you keep the quality consistent
1431,Super smooth taste. Hope you keep the quality consistent.,super smooth taste hope you keep the quality consistent
1432,Coffee arrived stale. imo it's one of the better brands. 🤔,coffee arrived stale opinion its one of the better brands
1433,My morning feels incomplete without it. Please introduce more roast options. 😍,my morning feels incomplete without it please introduce more roast options
1434,Yumm 😋 😕,yumm
1435,Worth every penny ☕,worth every penny
1436,Too bitter for me. Not bad at all tbh. 😅,too bitter for me not bad at all honestly
1437,Taste is nice but it's a bit pricey. 😊,taste is nice but its a bit pricey
1438,Best coffee I've had in a while. imo it's one of the better brands. 😕,best coffee ive had in a while opinion its one of the better brands
1439,Not as fresh as expected. ❤️,not as fresh as expected
1440,Amazing aroma. 😊,amazing aroma
1441,Very balanced flavour. 👌,very balanced flavour
1442,Very balanced flavour. ngl I expected more. 😍,very balanced flavour honestly i expected more
1443,Super smooth taste. Customer service was gr8 too.,super smooth taste customer service was gr too
1444,I'll definitely buy again. 👎,ill definitely buy again
1445,Love this coffee 😋,love this coffee
1446,Super smooth taste 👌,super smooth taste
1447,Amazing aroma. Not bad at all tbh.,amazing aroma not bad at all honestly
1448,Not as fesh as expected. Would reccomend it to friends.,not as fesh as expected would reccomend it to friends
1449,I'll definitely buy again. Would recommend it to friends. ❤️,ill definitely buy again would recommend it to friends
1450,My morning feels incomplete without it. Would love a decaf version.,my morning feels incomplete without it would love a decaf version
1451,Amazing aroma 😅,amazing aroma
1452,Amazing aroma. Would love a decaf version. 👎,amazing aroma would love a decaf version
1453,Taste is kinda weak. Would love a decaf version. 🤔,taste is kinda weak would love a decaf version
1454,Taste is kinda weak. ngl I expected more.,taste is kinda weak honestly i expected more
1455,Super smooth taste. Customer service was great too. ☕,super smooth taste customer service was great too
1456,I'll definitely buy again. I drink it every morning. 👌,ill definitely buy again i drink it every morning
1457,Best coffe I've had in a while.,best coffe ive had in a while
1458,Coffee arrived stale. Hope you keep the qualty consistent. 🤔,coffee arrived stale hope you keep the qualty consistent
1459,Works gr8 with milk but black cofee isn't my favourite. Delivery was really fast.,works gr with milk but black cofee isnt my favourite delivery was really fast
1460,Wouldn't buy again. Not bad at all tbh. 😕,wouldnt buy again not bad at all honestly
1461,Amazing aroma. Hope you keep the quality consistent. 👎,amazing aroma hope you keep the quality consistent
1462,My morning feels incomplete without it. Delivery was really fast.,my morning feels incomplete without it delivery was really fast
1463,I'll definitely buy again. Would recommend it to friends. 😋,ill definitely buy again would recommend it to friends
1464,Amazing aroma 😊,amazing aroma
1465,Wouldn't buy again. Customer service was great too. 😅,wouldnt buy again customer service was great too
1466,Amazing aroma. ngl I expected more. 😕,amazing aroma honestly i expected more
1467,"Love the aroma, not a fan of the aftertaste. 😋",love the aroma not a fan of the aftertaste
1468,Works gr8 with milk but black cofee isn't my favourite. Customer service was great too.,works gr with milk but black cofee isnt my favourite customer service was great too
1469,My morning feels incomplete without it. I drink it every morning. 😅,my morning feels incomplete without it i drink it every morning
1470,Expected better 😅,expected better
1471,Pretty good overall although I expected a stronger roast. I drink it every morning. 😋,pretty good overall although i expected a stronger roast i drink it every morning
1472,Didn't enjoy the aftertaste. Hope you keep the quality consistent. 😊,didnt enjoy the aftertaste hope you keep the quality consistent
1473,Love it ☕ ❤️,love it
1474,My morning feels incomplete without it. Please introduce more roast options. 👌,my morning feels incomplete without it please introduce more roast options
1475,My morning feels incomplete without it. Customer service was great too. 😍,my morning feels incomplete without it customer service was great too
1476,Too bitter for me. ☕,too bitter for me
1477,Very balanced flavour. imo it's one of the better brands.,very balanced flavour opinion its one of the better brands
1478,Didn't enjoy the aftertaste. imo it's one of the better brands. 😊,didnt enjoy the aftertaste opinion its one of the better brands
1479,Meh. 😅,meh
1480,Super smooth taste. Delivery was really fast.,super smooth taste delivery was really fast
1481,Super smooth taste. Customer service was great too. 👌,super smooth taste customer service was great too
1482,Taste is nice but it's a bit pricey. Hope you keep the quality consistent. 👎,taste is nice but its a bit pricey hope you keep the quality consistent
1483,Worth every penny. imo it's one of the better brands. ❤️,worth every penny opinion its one of the better brands
1484,Works great with milk but black coffee isn't my favourite. ngl I expected more. 😍,works great with milk but black coffee isnt my favourite honestly i expected more
1485,Very balanced flavour 👌,very balanced flavour
1486,Love this coffee. 😅,love this coffee
1487,Pretty good! ❤️,pretty good
1488,Pretty good overall although I expected a stronger roast. ❤️,pretty good overall although i expected a stronger roast
1489,I'll definitely buy again. Hope you keep the quality consistent. 😅,ill definitely buy again hope you keep the quality consistent
1490,Very balanced flavour ❤️,very balanced flavour
1491,Wouldn't buy again. Would love a decaf version. 😅,wouldnt buy again would love a decaf version
1492,Too bitter for me. Delivery was really fast. 😕,too bitter for me delivery was really fast
1493,Super smooth taste. Would recomend it to friends.,super smooth taste would recomend it to friends
1494,Didn't enjoy the aftertaste.,didnt enjoy the aftertaste
1495,Really enjoying Coffee X. imo it's one of the better brands. 😊,really enjoying coffee x opinion its one of the better brands
1496,Bit disappointed 👌,bit disappointed
1497,Taste is kinda weak. Hope you keep the quality consistent.,taste is kinda weak hope you keep the quality consistent
1498,Packaging looks premium but freshness could improve. Would love a decaf version. 😍,packaging looks premium but freshness could improve would love a decaf version
1499,My morning feels incomplete without it. 👎,my morning feels incomplete without it
1500,Not as fesh as expected. Delivery was really fast.,not as fesh as expected delivery was really fast
