id,gender,age,brand,feedback
1,gender,age,brand,feedback
2,female,65+,A,Taste is nice but it's a bit pricey. Hope you keep the quality consistent.
3,female,65+,B,My morning feels incomplete without it. Customer service was gr8 too. 👍
4,female,65+,A,Love this coffee. Not bad at all tbh. 👎
5,male,45-64,A,Expected better 👍
6,female,45-64,A,Worth every penny. 😕
7,female,65+,B,Taste is nice but it's a bit pricey. Delivery was really fast. ☕
8,female,65+,B,Coffee arrived stale. Customer service was great too.
9,female,45-64,A,Packaging could be better. Please introduce more roast options. 🤔
10,male,18-24,B,Coffee arrived stale. Please introduce more roast options. 👎
11,male,65+,B,Coffee arrived stale. imo it's one of the better brands. 👌
12,female,45-64,B,Coffee arrived stale. Customer service was gr8 too.
13,female,18-24,A,Wouldn't buy again. 😕
14,male,25-44,A,Works great with milk but black coffee isn't my favourite. imo it's one of the better brands. 😋
15,female,45-64,A,Way too expensive. imo it's one of the better brands. 😋
16,female,65+,A,Meh. 🤔
17,male,45-64,A,Works great with milk but black coffee isn't my favourite. imo it's one of the better brands. ❤️
18,male,65+,A,"Love the aroma, not a fan of the aftertaste. 😍"
19,female,65+,A,Bit disappointed. Would recommend it to friends. 🤔
20,male,65+,A,Too bitter for me. ngl I expected more.
21,male,18-24,B,Expected better. Hope you keep the qualty consistent.
22,male,25-44,B,Best coffee I've had in a while. 🤔
23,female,18-24,B,Really enjoying Coffee X. Hope you keep the qualty consistent.
24,female,25-44,B,Bit disappointed. Please introduce more roast options. 😋
25,female,65+,A,Bit disappointed. Delivery was really fast.
26,female,25-44,B,Could be better. ☕
27,male,25-44,B,Way too expensive. Customer service was great too.
28,female,18-24,B,Very balanced flavour 👍
29,male,45-64,A,Works great with milk but black coffee isn't my favourite. 🤔
30,female,25-44,B,Coffee arrived stale. imo it's one of the better brands. ☕
31,male,18-24,A,The beans smell fantastic. Please introduce more roast options.
32,male,25-44,A,Works great with milk but black coffee isn't my favourite. Hope you keep the quality consistent.
33,female,65+,A,It's okay. 🤔
34,male,45-64,B,Meh. 👎
35,female,25-44,A,I'll definitely buy again 😕
36,female,25-44,B,Taste is kinda weak. Delivery was really fast.
37,male,18-24,B,rly enjoying Coffee X. Delivery was really fast. 👌
38,female,65+,A,Packaging looks premium but freshness could improve. Would love a decaf version. 😕
39,female,45-64,A,Didn't enjoy the aftertaste. I drink it every morning. 😍
40,female,25-44,B,Best coffee I've had in a while 😅
41,male,18-24,B,Pretty good overall although I expected a stronger roast. 😕
42,male,45-64,B,The beans smell fantastic. ngl I expected more. 👎
43,male,45-64,A,Works great with milk but black coffee isn't my favourite. Not bad at all tbh. 😕
44,male,25-44,A,Coffee arrived stale. Please introduce more roast options.
45,female,25-44,B,coffe arrived stale. 😅
46,female,25-44,B,Works great with milk but black coffe isn't my favourite. Delivery was really fast.
47,female,18-24,A,Worth every penny. Hope you keep the quality consistent. 😅
48,female,25-44,A,I'll definitely buy again. Customer service was great too.
49,female,45-64,A,"Love the aroma, not a fan of the aftertaste. Hope you keep the quality consistent."
50,female,25-44,B,Too bitter for me. Hope you keep the qualty consistent.
51,female,45-64,B,Coffee arrived stale. ngl I expected more.
52,male,25-44,A,Not as fresh as expected. I drink it every morning. ❤️
53,female,18-24,B,Love it ☕ 👎
54,female,65+,B,Really enjoying Coffee X. I drink it every morning. 👍
55,female,18-24,B,Way too expensive. imo it's one of the better brands.
56,female,45-64,B,Bit disappointed. Would recommend it to friends. ❤️
57,male,18-24,A,Love this coffee. imo it's one of the better brands. ❤️
58,female,25-44,A,The beans smell fantastic. I drink it every morning.
59,female,25-44,A,Didn't enjoy the aftertaste. Hope you keep the qualty consistent.
60,male,18-24,B,Best coffee I've had in a while ❤️
61,female,25-44,A,Bit disappointed. ngl I expected more. ❤️
62,female,45-64,B,Not as fresh as expected. Please introduce more roast options. 👍
63,male,18-24,A,Really enjoying Coffee X. I drink it every morning.
64,female,18-24,A,The beans smell fantastic. Would recommend it to friends. 😕
65,male,18-24,A,Taste is nice but it's a bit pricey. Would recommend it to friends. ❤️
66,female,25-44,B,Packaging looks premium but freshness could improve. 😋
67,male,45-64,B,Didn't enjoy the aftertaste. Delivery was really fast. ❤️
68,female,25-44,B,My morning feels incomplete without it. ngl I expected more. 😋
69,female,25-44,B,Wouldn't buy again. ngl I expected more.
70,male,65+,B,Expected better. Hope you keep the quality consistent.
71,female,18-24,A,Very balanced flavour. ngl I expected more. ☕
72,female,45-64,A,Not as fresh as expected. Delivery was really fast. ❤️
73,female,18-24,B,Works gr8 with milk but black cofee isn't my favourite. Hope you keep the quality consistent.
74,male,25-44,A,Amazing aroma. 👌
75,male,65+,A,My morning feels incomplete without it. Not bad at all tbh. 👍
76,male,45-64,B,Very balanced flavour. Customer service was gr8 too.
77,female,65+,A,realy enjoying Coffee X. Not bad at all tbh.
78,male,18-24,A,The beans smell fantastic. Would love a decaf version. 👍
79,female,45-64,B,Love it ☕ 🤔
80,female,18-24,B,Amazing 😍 😍
81,female,45-64,B,Really enjoying Coffee X. Hope you keep the quality consistent. 😅
82,female,45-64,B,Works great with milk but black cofee isn't my favourite.
83,male,18-24,B,Too bitter for me 😅
84,female,65+,A,Amazing 😍 😊
85,female,45-64,B,Coffee arrived stale 😋
86,male,18-24,A,"Love the aroma, not a fan of the aftertaste. Not bad at all tbh. 😍"
87,male,45-64,A,I'll definitely buy again. imo it's one of the better brands. 🤔
88,female,45-64,A,Pretty good overall although I expected a stronger roast. 😍
89,male,45-64,B,Taste is nice but it's a bit pricey. Customer service was great too. 👍
90,male,65+,A,Very balanced flavour 🤔
91,female,45-64,B,Bit disappointed. I drink it every morning. 🤔
92,female,65+,A,Too expensive 😕 😍
93,female,65+,B,I'll definitely buy again. I drink it every morning. 🤔
94,female,45-64,A,coffe arrived stale. imo it's one of the better brands.
95,female,45-64,B,It's okay. 😅
96,female,25-44,A,Pretty good overall although I expected a stronger roast. Delivery was really fast.
97,female,45-64,A,Amazing aroma. Would recommend it to friends. ❤️
98,male,65+,A,Way too expensive. ngl I expected more.
99,female,25-44,A,Works gr8 with milk but black coffee isn't my favourite. ❤️
100,male,25-44,A,Best coffee I've had in a while. ngl I expected more. 😍
101,male,45-64,B,Not bad. ☕
102,female,18-24,A,Packaging looks premium but freshness could improve. 😅
103,female,25-44,A,Wouldn't buy again. Please introduce more roast options.
104,female,25-44,B,I'll definitely buy again. Not bad at all tbh. 🤔
105,female,45-64,B,Love this coffee. imo it's one of the better brands. 😊
106,female,45-64,B,"Love the aroma, not a fan of the aftertaste. Would recommend it to friends."
107,female,18-24,B,I'll definitely buy again. ❤️
108,female,18-24,A,Way too expensive. Hope you keep the quality consistent. 😋
109,female,18-24,A,Amazing aroma. 👎
110,female,18-24,B,Really enjoying Coffee X. imo it's one of the better brands. 👎
111,female,65+,A,Not as fresh as expected. Hope you keep the quality consistent.
112,male,45-64,A,Works gr8 with milk but black coffee isn't my favourite. I drink it every morning. ☕
113,female,25-44,B,My morning feels incomplete without it 😋
114,male,18-24,B,Love this coffee. I drink it every morning. ❤️
115,female,18-24,B,Pretty good! 🤔
116,male,45-64,B,Very balanced flavour. Would recommend it to friends. 😋
117,male,18-24,A,Taste is kinda weak. Would love a decaf version. 👌
118,male,18-24,B,I'll definitely buy again. Not bad at all tbh. 😅
119,female,25-44,A,Very balanced flavour. Please introduce more roast options.
120,male,18-24,A,Didn't enjoy the aftertaste 😅
121,female,65+,B,Amazing 😍 ❤️
122,male,45-64,B,Taste is nice but it's a bit pricey. 👌
123,female,25-44,A,Amazing aroma 🤔
124,female,65+,A,Amazing 😍 😕
125,female,65+,B,Expected better. 🤔
126,male,18-24,B,The beans smell fantastic. Would reccomend it to friends. ☕
127,female,65+,B,Works gr8 with milk but black coffee isn't my favourite. 👍
128,male,65+,B,Taste is kinda weak. Customer service was great too. 🤔
129,female,25-44,A,Taste is nice but it's a bit pricey. 👍
130,female,45-64,A,Really enjoying Coffee X. Not bad at all tbh. 😅
131,female,65+,B,Didn't enjoy the aftertaste. Customer service was great too.
132,female,65+,A,Taste is nice but it's a bit pricey. Would recommend it to friends. 😍
133,male,18-24,B,Bit disappointed. Hope you keep the quality consistent. 👍
134,female,18-24,B,Expected better. Customer service was great too. 😅
135,male,65+,A,Best cofee I've had in a while 😕
136,male,65+,A,Packaging looks premium but freshness could improve. Would love a decaf version. 👌
137,female,65+,B,Didn't enjoy the aftertaste. Please introduce more roast options. 😋
138,female,65+,B,"Love the aroma, not a fan of the aftertaste. Please introduce more roast options. 😅"
139,female,45-64,A,Not as fesh as expected. Not bad at all tbh. ❤️
140,male,25-44,B,realy enjoying Coffee X. Please introduce more roast options.
141,female,65+,B,"Love the aroma, not a fan of the aftertaste. Would love a decaf version. 😋"
142,female,18-24,B,I'll definitely buy again 😅
143,male,65+,B,Really enjoying coffe X. Would recommend it to friends.
144,male,45-64,A,Expected better. ❤️
145,female,25-44,A,Best coffee I've had in a while. Customer service was great too.
146,female,18-24,A,Very balanced flavour 😋
147,female,25-44,A,I'll definitely buy again ❤️
148,female,65+,B,Too bitter for me. Not bad at all tbh. 😕
149,female,65+,A,Really enjoying Coffee X. Delivery was really fast. 😍
150,male,18-24,B,Coffee arrived stale. I drink it every morning.
151,male,25-44,B,Best cofee I've had in a while. Delivery was really fast. 👍
152,female,25-44,A,Worth every penny. ngl I expected more. 😕
153,female,18-24,B,Bit disappointed. Would recommend it to friends. 👎
154,male,65+,B,Love this cofee Please introduce more roast options.
155,female,45-64,A,Love this coffee 😊
156,male,25-44,A,Best cofee I've had in a while. Customer service was gr8 too.
157,male,25-44,B,Packaging could be better. Hope you keep the qualty consistent. 😊
158,male,18-24,B,Wouldn't buy again. ngl I expected more. ☕
159,male,65+,B,Works gr8 with milk but black coffee isn't my favourite. I drink it every morning.
160,female,25-44,B,Taste is nice but it's a bit pricey. Would love a decaf version. ☕
161,male,45-64,B,Pretty good overall although I expected a stronger roast. Would recommend it to friends. 🤔
162,female,45-64,A,Too expensive 😕 👍
163,male,65+,B,Taste is kinda weak 👍
164,female,65+,A,Taste is nice but it's a bit pricey. 👎
165,male,65+,A,Pretty good overall although I expected a stronger roast. Please introduce more roast options. 😅
166,male,65+,B,Too expensive 😕 😊
167,female,18-24,A,I'll definitely buy again. Not bad at all tbh.
168,female,18-24,A,Too bitter for me. ngl I expected more. 😅
169,male,65+,A,Coffee arrived stale. Would love a decaf version. 😊
170,female,18-24,B,Worth every penny. I drink it every morning.
171,female,45-64,B,Really enjoying coffe X
172,female,18-24,A,Expected better. imo it's one of the better brands. 😋
173,female,25-44,A,Packaging looks premium but freshness could improve. imo it's one of the better brands.
174,male,45-64,A,Amazing 😍 🤔
175,female,65+,B,The beans smell fantastic. 😕
176,male,45-64,A,The beans smell fantastic. ngl I expected more. 😋
177,female,25-44,A,Best coffee I've had in a while. Customer service was great too. 👎
178,male,65+,A,Not as fresh as expected. 😅
179,male,65+,A,Amazing aroma. Hope you keep the quality consistent. ❤️
180,male,18-24,B,Really enjoying Coffee X. ngl I expected more. 👌
181,male,25-44,B,Worth every penny. I drink it every morning. ☕
182,male,18-24,A,Packaging could be better. Delivery was rly fast.
183,male,65+,B,Really enjoying Coffee X. Not bad at all tbh. 😕
184,female,18-24,A,Bit disappointed. Please introduce more roast options. 👌
185,male,45-64,B,Expected better. Not bad at all tbh. ❤️
186,male,65+,B,Works great with milk but black coffee isn't my favourite. Would recommend it to friends.
187,female,45-64,A,Best coffee I've had in a while. Please introduce more roast options.
188,female,25-44,A,Expected better. Please introduce more roast options. 😍
189,male,65+,A,Wouldn't buy again. Would love a decaf version.
190,female,18-24,A,Amazing 😍 👌
191,female,45-64,B,"Love the aroma, not a fan of the aftertaste."
192,male,18-24,B,Too bitter for me. Not bad at all tbh. 👌
193,female,45-64,B,Worth every penny. Customer service was great too. 😅
194,female,25-44,A,The beans smell fantastic. 👍
195,female,25-44,B,"Love the aroma, not a fan of the aftertaste. Please introduce more roast options. 😕"
196,female,18-24,B,Really enjoying Coffee X. 😅
197,female,18-24,B,Bit disappointed. imo it's one of the better brands.
198,male,45-64,B,Worth every penny. Please introduce more roast options.
199,female,45-64,B,"Love the aroma, not a fan of the aftertaste. ngl I expected more. 👎"
200,male,45-64,A,Pretty good overall although I expected a stronger roast. Delivery was rly fast. 😊
201,female,65+,B,Super smooth taste. Delivery was really fast. 😋
202,female,18-24,B,My morning feels incomplete without it 😍
203,female,25-44,B,Taste is nice but it's a bit pricey. Delivery was really fast. 😕
204,female,45-64,B,Really enjoying Coffee X. Please introduce more roast options.
205,female,65+,A,Not as fresh as expected. Not bad at all tbh.
206,male,45-64,A,Amazing 😍
207,female,65+,A,10/10 ❤️ 👌
208,female,18-24,A,Way too expensive. Customer service was great too. 👎
209,male,18-24,B,Taste is kinda weak. Would love a decaf version. 😕
210,female,18-24,B,I'll definitely buy again. ngl I expected more. 😕
211,male,25-44,B,Not bad. 😍
212,female,25-44,A,The beans smell fantastic. 🤔
213,male,25-44,A,It's okay. 👌
214,female,18-24,A,Pretty good overall although I expected a stronger roast. Not bad at all tbh. ☕
215,female,65+,B,Wouldn't buy again. Not bad at all tbh.
216,male,45-64,B,Bit disappointed. imo it's one of the better brands. 👍
217,female,45-64,A,The beans smell fantastic
218,male,25-44,B,Best cofee I've had in a while. I drink it every morning.
219,female,45-64,A,Works great with milk but black cofee isn't my favourite. imo it's one of the better brands.
220,female,18-24,A,Didn't enjoy the aftertaste. Would recommend it to friends. 👍
221,male,25-44,A,Best cofee I've had in a while. Not bad at all tbh.
222,male,65+,A,Love this cofee 👍
223,male,18-24,B,Very balanced flavour. Not bad at all tbh. 😍
224,male,45-64,B,Coffee arrived stale
225,female,25-44,B,Super smooth taste. I drink it every morning. 👎
226,male,65+,B,Best coffe I've had in a while. 🤔
227,male,45-64,A,I'll definitely buy again. Would recommend it to friends. 👌
228,male,18-24,A,Love this coffee. Not bad at all tbh. 😍
229,female,65+,A,Too bitter for me. I drink it every morning. ❤️
230,female,65+,A,Love this coffee. Please introduce more roast options. 😅
231,male,45-64,A,I'll definitely buy again 👎
232,male,18-24,B,Yumm 😋 ☕
233,female,65+,B,Best cofee I've had in a while. 👍
234,female,25-44,B,Too bitter for me. Customer service was great too.
235,male,25-44,A,Bit disappointed. I drink it every morning. 😋
236,male,25-44,A,Really enjoying Coffee X. Please introduce more roast options. 🤔
237,male,65+,A,Super smooth taste. Delivery was really fast. ☕
238,female,65+,B,Way too expensive. Not bad at all tbh.
239,male,45-64,A,Expected better. 😕
240,male,65+,B,Really enjoying cofee X 😍
241,female,25-44,A,Best coffee I've had in a while. I drink it every morning. 👎
242,female,18-24,A,Expected better
243,female,25-44,A,10/10 ❤️ 😕
244,male,65+,B,Love it ☕
245,female,25-44,B,The beans smell fantastic. Customer service was great too. 👎
246,female,65+,B,Really enjoying Coffee X. Hope you keep the qualty consistent. 🤔
247,female,25-44,B,Wouldn't buy again. imo it's one of the better brands.
248,male,25-44,A,Works gr8 with milk but black coffee isn't my favourite. Customer service was gr8 too.
249,female,45-64,B,Amazing aroma. Delivery was really fast. ☕
250,female,45-64,A,I'll definitely buy again. Please introduce more roast options. 😕
251,female,65+,A,Taste is nice but it's a bit pricey. Would recommend it to friends. ☕
252,male,18-24,B,I'll definitely buy again. 😊
253,female,18-24,B,I'll definately buy again. Customer service was great too.
254,female,65+,B,The beans smell fantastic. I drink it every morning. 😕
255,male,25-44,B,Too bitter for me ☕
256,female,18-24,A,Amazing aroma. imo it's one of the better brands. ❤️
257,female,18-24,B,Taste is nice but it's a bit pricey. Would recommend it to friends. 😊
258,female,25-44,A,Taste is kinda weak 😍
259,female,45-64,A,Not as fresh as expected. ngl I expected more. ❤️
260,female,45-64,A,My morning feels incomplete without it. I drink it every morning.
261,male,45-64,A,I'll definitely buy again. Delivery was really fast.
262,female,65+,A,Very balanced flavour. Delivery was really fast.
263,male,45-64,B,I'll definetly buy again.
264,male,25-44,A,Best coffee I've had in a while. imo it's one of the better brands. 😅
265,female,45-64,B,Way too expensive. 🤔
266,female,25-44,A,Didn't enjoy the aftertaste. 😋
267,male,65+,A,Worth every penny. Delivery was really fast. 👌
268,male,45-64,B,Love this coffee. ngl I expected more. 🤔
269,female,65+,B,Super smooth taste. 😅
270,male,25-44,A,Very balanced flavour. Hope you keep the quality consistent.
271,female,45-64,B,Very balanced flavour. 😍
272,male,45-64,A,Works great with milk but black coffee isn't my favourite. Delivery was really fast. 😋
273,female,25-44,A,Best coffee I've had in a while. Not bad at all tbh. ☕
274,male,65+,A,Love this coffe Would recomend it to friends.
275,male,18-24,A,"Love the aroma, not a fan of the aftertaste. I drink it every morning."
276,male,18-24,B,realy enjoying Coffee X. Would recommend it to friends. 😊
277,female,18-24,A,Taste is nice but it's a bit pricey. Would recommend it to friends. 🤔
278,male,18-24,B,I'll definitely buy again. I drink it every morning. ☕
279,male,25-44,A,Worth every penny. Not bad at all tbh. 😅
280,male,25-44,A,Packaging could be better. Not bad at all tbh. 🤔
281,male,45-64,A,Amazing 😍 😋
282,male,65+,A,Could be better. 👎
283,male,65+,B,Best coffee I've had in a while. Please introduce more roast options. ☕
284,male,18-24,B,Bit disappointed. Would love a decaf version.
285,male,45-64,A,Worth every penny. I drink it every morning. 😕
286,female,18-24,A,Pretty good overall although I expected a stronger roast. Hope you keep the quality consistent. 😅
287,female,18-24,B,Taste is nice but it's a bit pricey. 😅
288,male,45-64,B,Coffee arrived stale. Customer service was great too. ☕
289,male,65+,A,It's okay. 😊
290,male,18-24,B,Best coffee I've had in a while. Please introduce more roast options. 👍
291,female,25-44,B,Worth every penny
292,female,25-44,A,Packaging looks premium but freshness could improve. Hope you keep the quality consistent. ❤️
293,male,25-44,B,The beans smell fantastic. imo it's one of the better brands. 👎
294,female,45-64,B,I'll definitely buy again. 😕
295,female,45-64,A,Wouldn't buy again. Not bad at all tbh. ❤️
296,female,25-44,A,I'll definitely buy again ☕
297,female,65+,B,Love it ☕ 😕
298,female,65+,B,Taste is kinda weak. Would recommend it to friends. 👍
299,female,18-24,A,Meh. ❤️
300,female,65+,B,My morning feels incomplete without it. Would recommend it to friends. 👌
301,female,25-44,B,Expected better. Delivery was really fast. 😋
302,female,65+,B,Really enjoying coffe X. ngl I expected more.
303,male,18-24,A,Amazing aroma. 😍
304,female,65+,A,Too bitter for me. Hope you keep the quality consistent. ☕
305,female,25-44,A,Pretty good overall although I expected a stronger roast.
306,female,65+,B,Amazing aroma. Delivery was realy fast.
307,female,25-44,B,Love this coffee. imo it's one of the better brands. 🤔
308,female,65+,A,Really enjoying Coffee X. imo it's one of the better brands. ☕
309,male,65+,A,Super smooth taste. imo it's one of the better brands. 😕
310,male,18-24,B,Bit disappointed. Would recommend it to friends. 😕
311,female,25-44,B,Best coffee I've had in a while ☕
312,male,45-64,A,The beans smell fantastic. I drink it every morning. 👍
313,male,25-44,B,realy enjoying Coffee X. 👌
314,male,18-24,B,Not as fesh as expected 😋
315,female,18-24,A,Taste is kinda weak. ❤️
316,female,45-64,A,The beans smell fantastic. Customer service was gr8 too.
317,male,25-44,B,I'll definitely buy again. Please introduce more roast options. ❤️
318,female,45-64,A,My morning feels incomplete without it. imo it's one of the better brands.
319,male,18-24,B,Best coffee I've had in a while. 😊
320,female,45-64,B,My morning feels incomplete without it. imo it's one of the better brands. 🤔
321,male,45-64,A,Not as fresh as expected. ngl I expected more. 😍
322,female,18-24,B,"Love the aroma, not a fan of the aftertaste. Customer service was great too. 😋"
323,female,65+,B,Best coffee I've had in a while. Would recommend it to friends.
324,male,65+,A,Taste is kinda weak. ngl I expected more. 😅
325,male,18-24,B,Best coffee I've had in a while. Would love a decaf version. 👌
326,female,65+,A,Works great with milk but black coffee isn't my favourite. I drink it every morning.
327,male,25-44,A,Too bitter for me. Please introduce more roast options. ❤️
328,male,18-24,B,Pretty good!
329,male,65+,B,Really enjoying cofee X.
330,male,18-24,A,Pretty good! 👎
331,female,25-44,B,Bit disappointed. Delivery was really fast. 👎
332,male,25-44,B,Pretty good overall although I expected a stronger roast. Not bad at all tbh. 🤔
333,female,45-64,A,Could be better. 🤔
334,male,25-44,A,Pretty good overall although I expected a stronger roast. Not bad at all tbh. 😋
335,female,65+,A,Really enjoying Coffee X. Customer service was great too.
336,male,45-64,A,Wouldn't buy again. ngl I expected more. 😍
337,male,18-24,A,Amazing aroma. Delivery was really fast.
338,female,45-64,B,Amazing aroma. 🤔
339,male,18-24,A,Way too expensive. 👌
340,female,18-24,B,Love this coffee. Please introduce more roast options. 😍
341,male,45-64,B,rly enjoying Coffee X. imo it's one of the better brands. 😋
342,female,25-44,B,Taste is kinda weak. Would recommend it to friends.
343,female,65+,A,Packaging could be better. Please introduce more roast options. 😕
344,male,45-64,A,Really enjoying Coffee X. 😋
345,male,18-24,A,Taste is kinda weak. 🤔
346,female,25-44,B,Wouldn't buy again. 😅
347,female,18-24,A,Didn't enjoy the aftertaste. imo it's one of the better brands. 👍
348,male,65+,A,Super smooth taste 😕
349,female,25-44,A,Best coffee I've had in a while. ngl I expected more.
350,female,18-24,B,Love this coffee. Would reccomend it to friends.
351,male,65+,A,"Love the aroma, not a fan of the aftertaste. Not bad at all tbh."
352,male,18-24,A,Bit disappointed. Not bad at all tbh.
353,female,25-44,B,Amazing 😍 👍
354,male,45-64,A,I'll definitely buy again. Would recommend it to friends.
355,male,18-24,A,Amazing aroma. ngl I expected more. 🤔
356,female,45-64,B,Works great with milk but black coffee isn't my favourite. 😋
357,female,65+,B,Taste is nice but it's a bit pricey. imo it's one of the better brands. 😊
358,male,65+,B,Love this coffee. Delivery was really fast. 😊
359,male,65+,A,Expected better. Not bad at all tbh.
360,female,45-64,B,Didn't enjoy the aftertaste. Not bad at all tbh. 🤔
361,female,18-24,B,My morning feels incomplete without it. Would recommend it to friends. 😊
362,male,65+,B,Worth every penny 😋
363,male,65+,B,Taste is kinda weak. imo it's one of the better brands. 🤔
364,male,65+,B,Taste is kinda weak ❤️
365,female,45-64,A,Taste is nice but it's a bit pricey. ngl I expected more.
366,male,18-24,A,Love it ☕ ☕
367,male,18-24,A,Best coffee I've had in a while. Would love a decaf version. 👎
368,female,45-64,B,Very balanced flavour. imo it's one of the better brands. 😅
369,male,45-64,B,Too bitter for me. Please introduce more roast options. 😕
370,female,45-64,B,Pretty good overall although I expected a stronger roast. ngl I expected more. ❤️
371,male,18-24,B,Very balanced flavour. Hope you keep the quality consistent. ❤️
372,male,45-64,B,Amazing aroma. Customer service was great too. 😍
373,female,25-44,B,Very balanced flavour. Not bad at all tbh.
374,male,65+,A,Love it ☕ 😋
375,female,65+,A,Not bad. 😊
376,female,18-24,B,The beans smell fantastic. Not bad at all tbh. 👎
377,male,25-44,A,Taste is kinda weak. Customer service was great too.
378,male,65+,A,Really enjoying Coffee X. Delivery was really fast.
379,female,65+,B,Packaging looks premium but freshness could improve. 😊
380,male,25-44,A,Expected better. Customer service was great too.
381,female,65+,B,Packaging looks premium but freshness could improve. Delivery was really fast.
382,male,18-24,A,Wouldn't buy again 🤔
383,male,65+,A,Coffee arrived stale. 👍
384,male,25-44,A,Packaging looks premium but freshness could improve. Please introduce more roast options. 👍
385,female,45-64,A,Works gr8 with milk but black coffe isn't my favourite. Would recommend it to friends.
386,female,18-24,B,Taste is nice but it's a bit pricey. ngl I expected more. ❤️
387,female,45-64,B,The beans smell fantastic. Hope you keep the qualty consistent.
388,male,25-44,B,I'll definitely buy again. Hope you keep the quality consistent. 😋
389,female,45-64,B,"Love the aroma, not a fan of the aftertaste. Customer service was great too. 😕"
390,female,18-24,A,Not as fresh as expected. Customer service was great too. 👎
391,male,18-24,B,Didn't enjoy the aftertaste. ngl I expected more.
392,male,45-64,B,Not bad. 😋
393,female,25-44,B,Taste is nice but it's a bit pricey. I drink it every morning.
394,female,45-64,B,Love this coffee. imo it's one of the better brands. 👌
395,male,65+,A,Taste is nice but it's a bit pricey. Delivery was really fast. 😋
396,male,65+,B,Taste is nice but it's a bit pricey. I drink it every morning. ❤️
397,male,45-64,B,Packaging could be better. ngl I expected more. ❤️
398,female,45-64,A,Works great with milk but black coffee isn't my favourite. 😍
399,female,18-24,A,Really enjoying Coffee X. Would love a decaf version. 😅
400,male,25-44,B,Too bitter for me. Customer service was great too. 👌
401,male,65+,A,Taste is kinda weak.
402,male,45-64,A,Really enjoying Coffee X. 😍
403,female,25-44,B,Way too expensive. Would love a decaf version. ❤️
404,female,18-24,A,Amazing aroma. Please introduce more roast options.
405,male,25-44,B,"Love the aroma, not a fan of the aftertaste. Would love a decaf version. 😅"
406,male,45-64,A,Worth every penny. Would recommend it to friends.
407,female,18-24,A,Bit disappointed. 😊
408,female,25-44,B,Very balanced flavour. Would love a decaf version. 🤔
409,male,18-24,B,Works great with milk but black cofee isn't my favourite. Not bad at all tbh.
410,male,45-64,B,Pretty good overall although I expected a stronger roast. Please introduce more roast options. 🤔
411,male,25-44,A,Really enjoying cofee X. imo it's one of the better brands. ❤️
412,female,18-24,A,Packaging could be better
413,male,25-44,B,Taste is nice but it's a bit pricey. Delivery was really fast.
414,female,25-44,B,Really enjoying Coffee X. I drink it every morning. 😅
415,female,65+,A,Way too expensive. Would love a decaf version. 😋
416,female,25-44,B,Really enjoying cofee X. 😊
417,male,45-64,A,Amazing aroma 👌
418,male,65+,B,Works great with milk but black coffee isn't my favourite. Not bad at all tbh. 😊
419,female,25-44,B,Pretty good overall although I expected a stronger roast. Not bad at all tbh.
420,female,18-24,A,cofee arrived stale. Would recommend it to friends.
421,female,45-64,A,Pretty good overall although I expected a stronger roast. Would love a decaf version.
422,female,18-24,A,Taste is kinda weak ☕
423,female,18-24,A,Coffee arrived stale. imo it's one of the better brands.
424,female,18-24,A,Packaging looks premium but freshness could improve. ngl I expected more. 😍
425,female,65+,B,Taste is kinda weak. 😅
426,male,45-64,A,Worth every penny. Would recommend it to friends. 🤔
427,female,18-24,B,Pretty good overall although I expected a stronger roast. ngl I expected more.
428,male,65+,A,My morning feels incomplete without it. 😅
429,female,25-44,A,Best coffee I've had in a while 😍
430,male,18-24,B,My morning feels incomplete without it. 👌
431,male,65+,A,Didn't enjoy the aftertaste. Would love a decaf version.
432,male,18-24,B,"Love the aroma, not a fan of the aftertaste. imo it's one of the better brands."
433,female,25-44,A,Pretty good! 😅
434,male,25-44,A,Too bitter for me. Customer service was great too. 😋
435,male,25-44,A,Love this coffee. ngl I expected more. 👌
436,male,18-24,A,Worth every penny.
437,female,25-44,B,Worth every penny ❤️
438,female,45-64,B,Worth every penny. 🤔
439,male,65+,B,I'll definitely buy again. Would love a decaf version.
440,male,65+,B,Works great with milk but black coffee isn't my favourite. Delivery was really fast. 😍
441,female,65+,B,Works great with milk but black coffee isn't my favourite. Delivery was really fast.
442,male,45-64,B,Best coffee I've had in a while. 👌
443,male,25-44,A,Packaging looks premium but freshness could improve. Hope you keep the quality consistent.
444,male,45-64,A,Packaging could be better ❤️
445,male,45-64,A,Taste is nice but it's a bit pricey. 😍
446,female,25-44,B,Packaging looks premium but freshness could improve. Customer service was great too. 😅
447,male,45-64,A,Love this coffee. Customer service was gr8 too. 😊
448,female,45-64,A,Bit disappointed. ❤️
449,female,65+,B,Pretty good overall although I expected a stronger roast. Delivery was really fast. 👎
450,female,25-44,B,Very balanced flavour. Would love a decaf version.
451,male,45-64,A,Very balanced flavour. Hope you keep the quality consistent. 👍
452,male,45-64,B,Bit disappointed. Hope you keep the quality consistent. 😕
453,female,25-44,B,Way too expensive. I drink it every morning.
454,male,45-64,B,Best coffe I've had in a while. Hope you keep the quality consistent.
455,female,18-24,B,Taste is nice but it's a bit pricey. 🤔
456,male,45-64,A,Didn't enjoy the aftertaste 😋
457,female,18-24,A,Love this coffee 👎
458,male,25-44,A,The beans smell fantastic. imo it's one of the better brands.
459,male,25-44,B,Packaging looks premium but freshness could improve. Hope you keep the quality consistent. 😅
460,female,25-44,A,It's okay. 😋
461,female,65+,B,Worth every penny. Not bad at all tbh. 👎
462,male,45-64,B,Wouldn't buy again. 😍
463,female,45-64,B,Works great with milk but black coffee isn't my favourite. Customer service was gr8 too.
464,male,18-24,B,It's okay. ❤️
465,female,45-64,A,Amazing aroma. I drink it every morning. 👍
466,male,18-24,B,Not as fresh as expected. Delivery was really fast.
467,male,65+,B,Amazing aroma. Delivery was really fast. 😍
468,male,18-24,A,Bit disappointed
469,male,18-24,B,My morning feels incomplete without it 😕
470,male,18-24,A,Love this coffee. ngl I expected more.
471,female,45-64,B,I'll definitely buy again. I drink it every morning. 😋
472,male,25-44,A,Coffee arrived stale. 🤔
473,female,65+,B,I'll definitely buy again. I drink it every morning. 😊
474,female,65+,A,Packaging could be better. Not bad at all tbh.
475,female,25-44,A,Didn't enjoy the aftertaste. Not bad at all tbh.
476,female,25-44,B,Super smooth taste. imo it's one of the better brands. 😍
477,male,65+,A,Very balanced flavour. ngl I expected more. 😊
478,female,65+,A,Expected better. ngl I expected more.
479,male,25-44,B,Bit disappointed 👎
480,male,18-24,A,Pretty good overall although I expected a stronger roast. ngl I expected more. 🤔
481,female,65+,A,Pretty good! 👍
482,female,18-24,A,It's okay. ☕
483,female,45-64,A,Taste is nice but it's a bit pricey. Would love a decaf version. 🤔
484,male,25-44,A,Worth every penny. 😅
485,male,25-44,A,Taste is nice but it's a bit pricey. 😕
486,male,25-44,B,Packaging could be better. Would recommend it to friends. 👎
487,male,18-24,B,Works great with milk but black coffee isn't my favourite. ngl I expected more. 😕
488,male,25-44,A,"Love the aroma, not a fan of the aftertaste. Not bad at all tbh. 👎"
489,female,65+,B,Very balanced flavour. Delivery was really fast. 😅
490,male,25-44,B,Amazing aroma. I drink it every morning.
491,female,45-64,A,Love this coffee. Customer service was great too. 😍
492,female,65+,B,Not as fesh as expected. Would love a decaf version. 🤔
493,male,25-44,B,Very balanced flavour. Would recommend it to friends.
494,female,18-24,B,Super smooth taste. Would recommend it to friends.
495,female,65+,A,Wouldn't buy again. Delivery was really fast.
496,female,65+,A,Works gr8 with milk but black coffee isn't my favourite. 🤔
497,female,45-64,B,Works gr8 with milk but black coffee isn't my favourite. Would recommend it to friends.
498,male,25-44,B,Taste is nice but it's a bit pricey. Not bad at all tbh. 👌
499,male,45-64,B,Didn't enjoy the aftertaste. Please introduce more roast options.
500,female,18-24,A,Way too expensive. Would reccomend it to friends.
501,female,65+,B,Didn't enjoy the aftertaste. I drink it every morning. ❤️
502,male,25-44,A,Way too expensive 👌
503,male,18-24,B,Coffee arrived stale. Would love a decaf version.
504,male,18-24,A,Really enjoying Coffee X. 🤔
505,male,65+,B,Too bitter for me. Delivery was really fast.
506,female,18-24,B,I'll definitely buy again. imo it's one of the better brands.
507,female,45-64,B,"Love the aroma, not a fan of the aftertaste. 😊"
508,male,65+,A,Super smooth taste. 🤔
509,female,18-24,B,Love it ☕ 👍
510,female,65+,B,Worth every penny. I drink it every morning. 🤔
511,female,65+,A,Works gr8 with milk but black coffee isn't my favourite. imo it's one of the better brands.
512,male,25-44,B,Really enjoying Coffee X. Hope you keep the quality consistent.
513,male,65+,B,Too bitter for me. Would love a decaf version. 👍
514,female,25-44,A,rly enjoying Coffee X
515,female,25-44,B,Best coffee I've had in a while. Hope you keep the qualty consistent.
516,male,18-24,B,Really enjoying coffe X. Delivery was really fast.
517,male,45-64,B,realy enjoying coffe X. Hope you keep the quality consistent. 👍
518,male,25-44,A,My morning feels incomplete without it. Customer service was great too.
519,female,65+,B,Wouldn't buy again. Hope you keep the quality consistent. ☕
520,male,25-44,B,Pretty good overall although I expected a stronger roast. Would love a decaf version. ❤️
521,female,65+,B,Worth every penny. imo it's one of the better brands. 👍
522,female,45-64,B,Amazing aroma. ngl I expected more. 😋
523,male,45-64,B,Could be better. 👍
524,male,18-24,B,Not as fresh as expected. Delivery was really fast. 😅
525,male,18-24,B,Pretty good overall although I expected a stronger roast. 👍
526,male,65+,A,Packaging looks premium but freshness could improve. Not bad at all tbh. ❤️
527,male,45-64,B,Coffee arrived stale. Delivery was really fast. 👎
528,male,45-64,B,I'll definitely buy again. Hope you keep the qualty consistent. 😊
529,female,65+,A,Super smooth taste. imo it's one of the better brands. 👍
530,female,45-64,A,Didn't enjoy the aftertaste. Customer service was great too. 😊
531,female,25-44,B,Taste is nice but it's a bit pricey. Customer service was great too.
532,male,45-64,B,Taste is nice but it's a bit pricey. Not bad at all tbh. ☕
533,female,18-24,A,Taste is kinda weak. Customer service was great too. ☕
534,male,65+,B,Pretty good overall although I expected a stronger roast. Customer service was great too. 😋
535,female,45-64,B,Really enjoying Coffee X. Delivery was really fast. 🤔
536,male,18-24,A,"Love the aroma, not a fan of the aftertaste. Customer service was great too. 😊"
537,female,65+,A,Best coffee I've had in a while.
538,male,25-44,B,Didn't enjoy the aftertaste. I drink it every morning.
539,male,25-44,B,Love this coffee. Would recommend it to friends.
540,male,65+,B,Taste is nice but it's a bit pricey. Not bad at all tbh. 😕
541,male,45-64,A,Amazing aroma. Customer service was gr8 too.
542,female,45-64,B,Could be better. 😋
543,female,25-44,A,The beans smell fantastic 🤔
544,female,45-64,B,My morning feels incomplete without it. 😋
545,female,18-24,B,The beans smell fantastic. 👎
546,male,45-64,B,Too bitter for me 👌
547,female,65+,B,Taste is nice but it's a bit pricey. ngl I expected more. 👍
548,female,45-64,B,Works great with milk but black coffee isn't my favourite. 👎
549,female,65+,A,Really enjoying Coffee X. Would love a decaf version.
550,female,25-44,B,"Love the aroma, not a fan of the aftertaste. Delivery was really fast."
551,female,65+,B,Works great with milk but black coffee isn't my favourite. ngl I expected more. 😅
552,male,45-64,B,Love this coffee. I drink it every morning. 👌
553,male,18-24,B,Worth every penny. I drink it every morning. 👌
554,male,18-24,A,Way too expensive. Would recommend it to friends.
555,male,25-44,A,Love this coffee. Not bad at all tbh. 😕
556,male,45-64,B,Worth every penny. Hope you keep the quality consistent. ☕
557,male,18-24,B,Best coffee I've had in a while. Hope you keep the quality consistent.
558,female,18-24,B,Bit disappointed. Would love a decaf version. ☕
559,female,45-64,B,Not as fresh as expected 😍
560,female,45-64,B,Too bitter for me. Delivery was really fast. 👌
561,female,25-44,B,Not as fresh as expected. Would love a decaf version. 😊
562,female,65+,A,Could be better. 👌
563,female,25-44,B,Too bitter for me. Not bad at all tbh. 😍
564,female,45-64,A,Coffee arrived stale. Delivery was really fast.
565,female,18-24,A,Packaging could be better. Delivery was really fast. 😋
566,male,65+,A,Taste is nice but it's a bit pricey. I drink it every morning. 👌
567,female,45-64,B,Super smooth taste. 😋
568,female,25-44,B,The beans smell fantastic. Hope you keep the quality consistent.
569,male,25-44,A,Worth every penny 👌
570,male,25-44,B,Best cofee I've had in a while
571,male,65+,A,Expected better. 😅
572,male,25-44,A,Taste is kinda weak. imo it's one of the better brands. 👌
573,female,25-44,A,Amazing aroma. Hope you keep the quality consistent.
574,male,25-44,B,Really enjoying coffe X.
575,female,65+,A,Not as fresh as expected
576,male,65+,B,"Love the aroma, not a fan of the aftertaste. 👎"
577,female,25-44,B,Not as fesh as expected. Hope you keep the quality consistent.
578,female,65+,A,Pretty good overall although I expected a stronger roast. Not bad at all tbh. 😊
579,female,45-64,B,Not as fresh as expected. Customer service was great too. 😋
580,female,45-64,B,Expected better. ngl I expected more. 😍
581,male,18-24,A,Worth every penny. imo it's one of the better brands.
582,female,25-44,A,Taste is nice but it's a bit pricey. Delivery was really fast. 🤔
583,female,45-64,B,Wouldn't buy again. 👎
584,female,18-24,A,"Love the aroma, not a fan of the aftertaste. 🤔"
585,male,25-44,A,Taste is nice but it's a bit pricey. 😋
586,male,65+,A,Packaging could be better. Delivery was really fast. ☕
587,male,18-24,A,Works gr8 with milk but black coffee isn't my favourite. ngl I expected more.
588,male,18-24,A,Best coffee I've had in a while. imo it's one of the better brands. 👎
589,female,18-24,B,Not as fresh as expected. ngl I expected more. 😊
590,female,45-64,B,Expected better. Customer service was great too. ❤️
591,female,45-64,B,Taste is kinda weak. imo it's one of the better brands.
592,female,18-24,A,The beans smell fantastic. ngl I expected more. 😍
593,male,45-64,B,Pretty good! 👌
594,male,65+,A,Best coffee I've had in a while. Would love a decaf version.
595,male,45-64,A,Love this coffee 😕
596,male,25-44,A,Not as fesh as expected. 😋
597,male,65+,A,Works great with milk but black cofee isn't my favourite. Would recommend it to friends. 👍
598,male,45-64,A,Works great with milk but black cofee isn't my favourite. 👌
599,male,45-64,A,The beans smell fantastic. I drink it every morning. 😅
600,male,18-24,A,Packaging looks premium but freshness could improve. 👍
601,male,65+,A,"Love the aroma, not a fan of the aftertaste. ngl I expected more. ☕"
602,female,65+,A,Not bad.
603,female,65+,A,Amazing aroma. Delivery was really fast. 😅
604,male,25-44,B,Packaging looks premium but freshness could improve. ❤️
605,male,45-64,A,Pretty good overall although I expected a stronger roast. ☕
606,male,65+,B,I'll definitely buy again. ngl I expected more. 👎
607,female,25-44,B,Wouldn't buy again.
608,male,25-44,A,Packaging looks premium but freshness could improve. Would love a decaf version.
609,female,18-24,B,Too bitter for me. Not bad at all tbh.
610,female,25-44,A,Love this coffe Delivery was really fast. 😍
611,female,18-24,B,Very balanced flavour. Delivery was realy fast. 😊
612,male,25-44,B,Works great with milk but black coffe isn't my favourite. 😍
613,male,45-64,B,Really enjoying Coffee X. Would recommend it to friends. 😕
614,female,45-64,B,Way too expensive. ❤️
615,female,45-64,B,Expected better.
616,male,65+,B,Love this coffee. Please introduce more roast options.
617,female,65+,A,Amazing aroma. Delivery was rly fast. 😅
618,male,45-64,B,I'll definitely buy again 👌
619,female,18-24,B,Pretty good overall although I expected a stronger roast. imo it's one of the better brands. 👍
620,female,18-24,A,I'll definitely buy again. Please introduce more roast options.
621,male,45-64,B,Coffee arrived stale. I drink it every morning. 😕
622,female,18-24,A,Bit disappointed. 🤔
623,male,25-44,A,Wouldn't buy again. Not bad at all tbh. ☕
624,male,45-64,B,Too bitter for me. imo it's one of the better brands.
625,male,25-44,A,Love this coffe 👌
626,female,25-44,A,"Love the aroma, not a fan of the aftertaste. Would love a decaf version. ❤️"
627,male,18-24,A,Really enjoying Coffee X. I drink it every morning. 👎
628,male,25-44,A,Love this cofee
629,male,65+,B,Packaging looks premium but freshness could improve. 👌
630,male,65+,A,Super smooth taste. Hope you keep the quality consistent. 😋
631,female,18-24,B,My morning feels incomplete without it.
632,female,25-44,A,Taste is nice but it's a bit pricey. Please introduce more roast options. 👎
633,male,18-24,A,Not as fresh as expected 😋
634,male,45-64,B,10/10 ❤️ 😅
635,female,45-64,A,Works gr8 with milk but black coffee isn't my favourite. Hope you keep the quality consistent. 👌
636,female,18-24,B,Really enjoying Coffee X. Hope you keep the quality consistent. ❤️
637,female,25-44,A,Really enjoying Coffee X. Not bad at all tbh. 👌
638,male,18-24,A,Too bitter for me
639,female,25-44,A,Worth every penny. ngl I expected more. ☕
640,male,18-24,A,The beans smell fantastic 😍
641,female,65+,B,My morning feels incomplete without it. Delivery was rly fast.
642,male,45-64,A,Taste is kinda weak. 😕
643,male,18-24,B,Really enjoying Coffee X.
644,male,65+,A,Works great with milk but black coffee isn't my favourite. Would reccomend it to friends.
645,female,65+,A,Too bitter for me. Delivery was really fast. 👍
646,female,65+,A,Works great with milk but black coffee isn't my favourite. I drink it every morning. 😊
647,female,25-44,A,The beans smell fantastic. ngl I expected more. 🤔
648,male,25-44,B,Super smooth taste. Not bad at all tbh. 🤔
649,female,25-44,A,Packaging could be better. I drink it every morning.
650,female,45-64,B,"Love the aroma, not a fan of the aftertaste. ☕"
651,male,18-24,B,The beans smell fantastic. Would recommend it to friends. ☕
652,male,18-24,A,Didn't enjoy the aftertaste. I drink it every morning. 😅
653,male,18-24,B,Not as fresh as expected. Not bad at all tbh. ☕
654,male,25-44,A,The beans smell fantastic. 😍
655,male,18-24,A,Amazing aroma. imo it's one of the better brands.
656,male,65+,A,Best cofee I've had in a while. imo it's one of the better brands.
657,male,18-24,B,Packaging could be better. Would love a decaf version. 👍
658,female,25-44,B,Pretty good overall although I expected a stronger roast. imo it's one of the better brands.
659,female,18-24,A,My morning feels incomplete without it. I drink it every morning. 👎
660,female,45-64,A,I'll definitely buy again. I drink it every morning.
661,male,45-64,B,Best coffee I've had in a while. Customer service was great too. 👌
662,male,65+,A,Love this coffee. Customer service was great too.
663,female,65+,B,Taste is nice but it's a bit pricey. Please introduce more roast options. 👌
664,female,65+,B,I'll definitely buy again. Would love a decaf version. 👎
665,male,18-24,A,Wouldn't buy again. 👍
666,male,18-24,A,Love this coffee. 👍
667,male,25-44,B,Really enjoying Coffee X. Would love a decaf version. 😋
668,female,18-24,A,Too bitter for me. Hope you keep the quality consistent.
669,female,18-24,B,Love this coffee. 😊
670,male,18-24,A,Packaging looks premium but freshness could improve. imo it's one of the better brands. 😊
671,male,18-24,B,Amazing aroma. Please introduce more roast options. 😅
672,male,25-44,B,The beans smell fantastic 👎
673,female,18-24,A,Best cofee I've had in a while. Would love a decaf version.
674,female,45-64,A,I'll definitely buy again. Would reccomend it to friends. 😍
675,male,25-44,A,Too bitter for me 😕
676,female,25-44,A,Coffee arrived stale. Hope you keep the quality consistent.
677,female,65+,B,Way too expensive. ngl I expected more. 😊
678,male,65+,A,Taste is nice but it's a bit pricey. Delivery was realy fast.
679,female,65+,A,I'll definitely buy again. Please introduce more roast options. 😊
680,male,18-24,B,Love this coffe Not bad at all tbh.
681,female,18-24,B,Taste is kinda weak. Delivery was really fast. ❤️
682,male,18-24,B,Really enjoying Coffee X 😍
683,female,18-24,A,Expected better. Would love a decaf version. 😅
684,female,65+,B,Yumm 😋 🤔
685,male,45-64,B,Packaging looks premium but freshness could improve. Customer service was great too.
686,male,65+,A,Didn't enjoy the aftertaste. 😊
687,female,25-44,B,Wouldn't buy again. imo it's one of the better brands. 😕
688,male,18-24,B,Pretty good! ☕
689,female,25-44,A,The beans smell fantastic. Hope you keep the quality consistent. 😕
690,male,18-24,A,The beans smell fantastic. Delivery was really fast. 👎
691,male,65+,B,Really enjoying Coffee X. 👍
692,female,18-24,B,Didn't enjoy the aftertaste. 😕
693,female,25-44,A,Too bitter for me. 😍
694,female,25-44,B,Packaging could be better. ❤️
695,female,65+,B,Not as fresh as expected 🤔
696,female,18-24,A,Yumm 😋 ❤️
697,male,45-64,B,Too bitter for me. I drink it every morning.
698,male,25-44,A,The beans smell fantastic. Not bad at all tbh.
699,female,25-44,A,Really enjoying Coffee X. Would love a decaf version. 👌
700,female,25-44,B,10/10 ❤️ 😋
701,female,18-24,A,I'll definitely buy again. ☕
702,female,18-24,B,Could be better. 😊
703,female,25-44,A,Works great with milk but black coffee isn't my favourite. Not bad at all tbh. ☕
704,male,25-44,B,Really enjoying Coffee X 😕
705,female,65+,A,Expected better. 👎
706,male,25-44,A,Works great with milk but black coffee isn't my favourite. I drink it every morning. ☕
707,male,18-24,B,My morning feels incomplete without it. ngl I expected more. ☕
708,female,18-24,B,The beans smell fantastic. ☕
709,male,45-64,A,Super smooth taste 😍
710,female,18-24,B,Way too expensive.
711,male,25-44,A,Love this coffee. Customer service was great too. 👍
712,female,25-44,B,Super smooth taste. Customer service was great too. 😊
713,female,65+,B,Packaging could be better. ngl I expected more. 👎
714,male,18-24,B,Love this coffe Hope you keep the quality consistent.
715,male,25-44,A,Very balanced flavour. 👎
716,male,45-64,A,Taste is kinda weak. Customer service was gr8 too. 😊
717,male,65+,A,Very balanced flavour. Delivery was really fast. 🤔
718,female,65+,B,Too bitter for me. Would love a decaf version. 😋
719,female,18-24,B,Super smooth taste. Would recommend it to friends. ❤️
720,male,25-44,B,Didn't enjoy the aftertaste
721,female,45-64,B,Very balanced flavour. Customer service was great too.
722,male,45-64,B,Too bitter for me. Please introduce more roast options.
723,male,65+,B,Not as fresh as expected. Would recommend it to friends. ❤️
724,male,18-24,A,Super smooth taste. 👎
725,male,18-24,B,Love this coffee. Please introduce more roast options. 😊
726,female,65+,A,Bit disappointed. Hope you keep the qualty consistent. 😊
727,male,25-44,A,Works great with milk but black coffee isn't my favourite. imo it's one of the better brands. 😕
728,male,25-44,A,Packaging looks premium but freshness could improve. imo it's one of the better brands. 😕
729,male,18-24,B,I'll definitely buy again. ngl I expected more. 🤔
730,male,18-24,A,Not bad. 👌
731,male,25-44,B,I'll definitely buy again. Not bad at all tbh. 😋
732,male,45-64,B,I'll definitely buy again
733,female,25-44,A,Packaging looks premium but freshness could improve. imo it's one of the better brands. 🤔
734,female,65+,B,My morning feels incomplete without it. ngl I expected more. ❤️
735,female,18-24,A,Very balanced flavour. Please introduce more roast options. 👎
736,female,65+,A,Expected better. I drink it every morning. 🤔
737,female,45-64,A,Love this coffe I drink it every morning.
738,female,65+,A,Amazing aroma.
739,male,18-24,A,realy enjoying Coffee X. I drink it every morning.
740,male,65+,A,Love this coffee. Would love a decaf version. 😅
741,female,25-44,B,I'll definetly buy again
742,female,45-64,A,The beans smell fantastic. Would recommend it to friends.
743,female,65+,A,Best coffee I've had in a while. Please introduce more roast options. 😅
744,female,65+,A,Not as fesh as expected. imo it's one of the better brands.
745,female,65+,B,Worth every penny. imo it's one of the better brands. 👎
746,female,45-64,B,My morning feels incomplete without it. Would love a decaf version. 😊
747,male,65+,A,I'll definitely buy again. ngl I expected more.
748,male,45-64,A,I'll definitely buy again 😊
749,male,25-44,B,Way too expensive. Please introduce more roast options. 👍
750,female,45-64,B,Works gr8 with milk but black coffee isn't my favourite. 😍
751,female,65+,B,Best cofee I've had in a while. Not bad at all tbh. 😊
752,female,45-64,A,Super smooth taste. ngl I expected more.
753,female,18-24,A,Taste is nice but it's a bit pricey. Hope you keep the quality consistent. 😕
754,male,45-64,A,Pretty good overall although I expected a stronger roast. Please introduce more roast options.
755,male,45-64,B,Pretty good! 😋
756,male,25-44,A,Pretty good overall although I expected a stronger roast. I drink it every morning. ☕
757,female,18-24,B,Super smooth taste. imo it's one of the better brands. 👌
758,male,18-24,A,Best coffee I've had in a while 😕
759,female,18-24,A,I'll definetly buy again. 😊
760,female,25-44,B,Too bitter for me. Would love a decaf version. 😕
761,female,65+,A,Really enjoying Coffee X. Would recommend it to friends.
762,male,45-64,B,Worth every penny. ngl I expected more. ❤️
763,female,45-64,B,Very balanced flavour.
764,female,45-64,A,Best coffee I've had in a while. Not bad at all tbh.
765,female,45-64,A,Amazing 😍 👎
766,male,25-44,B,Taste is nice but it's a bit pricey. Would love a decaf version. 😊
767,male,18-24,A,Love this coffee. imo it's one of the better brands. 😋
768,male,45-64,A,I'll definitely buy again.
769,female,65+,B,Not as fesh as expected. 👎
770,female,18-24,A,Packaging could be better. Would love a decaf version. ☕
771,male,18-24,B,Really enjoying Coffee X. I drink it every morning. ❤️
772,female,45-64,A,Works great with milk but black coffee isn't my favourite. Hope you keep the quality consistent. 👎
773,female,65+,A,Love this coffee.
774,male,18-24,A,Meh. 👌
775,female,18-24,B,The beans smell fantastic 👌
776,female,18-24,B,Pretty good overall although I expected a stronger roast. Customer service was gr8 too.
777,female,65+,A,My morning feels incomplete without it. Would recommend it to friends. 👎
778,female,45-64,B,Bit disappointed. I drink it every morning.
779,female,18-24,A,Super smooth taste 👎
780,male,65+,A,Didn't enjoy the aftertaste. Hope you keep the quality consistent. 🤔
781,female,18-24,B,Packaging could be better. imo it's one of the better brands.
782,male,65+,A,Packaging looks premium but freshness could improve. Hope you keep the qualty consistent. 😊
783,female,25-44,B,"Love the aroma, not a fan of the aftertaste. 😕"
784,female,25-44,A,Packaging could be better. Please introduce more roast options. 😋
785,female,65+,A,Not bad. ❤️
786,male,25-44,B,My morning feels incomplete without it. ☕
787,male,18-24,A,Super smooth taste. Please introduce more roast options. ☕
788,female,25-44,B,Too bitter for me. Would recommend it to friends. 😅
789,female,18-24,B,Not as fresh as expected. imo it's one of the better brands. 😋
790,female,18-24,B,Love this coffee. Customer service was gr8 too. 😍
791,male,65+,B,Way too expensive. 👎
792,male,65+,A,I'll definitely buy again. Hope you keep the quality consistent. 😊
793,female,18-24,A,Best coffe I've had in a while. Customer service was great too. 😊
794,female,18-24,B,Super smooth taste
795,female,25-44,A,Packaging looks premium but freshness could improve. Hope you keep the qualty consistent.
796,male,65+,B,My morning feels incomplete without it
797,male,18-24,A,realy enjoying Coffee X. 😊
798,female,45-64,B,Coffee arrived stale. Hope you keep the quality consistent. 😍
799,female,65+,A,Packaging could be better. Delivery was really fast. 😍
800,male,65+,A,Bit disappointed. 😍
801,female,45-64,B,Taste is kinda weak. Would reccomend it to friends.
802,male,25-44,B,Wouldn't buy again. ❤️
803,male,45-64,B,Works great with milk but black coffee isn't my favourite. Would love a decaf version. 😅
804,female,45-64,B,"Love the aroma, not a fan of the aftertaste. Customer service was great too. 😍"
805,male,45-64,A,Taste is nice but it's a bit pricey. Would reccomend it to friends.
806,male,18-24,A,Very balanced flavour. Would recomend it to friends. 😕
807,female,65+,B,Bit disappointed. Customer service was great too.
808,female,45-64,A,Love this coffee 👍
809,male,45-64,B,Taste is kinda weak. Hope you keep the quality consistent. ❤️
810,male,45-64,B,Bit disappointed. Hope you keep the quality consistent.
811,male,25-44,B,Best coffee I've had in a while. Hope you keep the quality consistent. 😍
812,male,65+,B,Packaging looks premium but freshness could improve. Hope you keep the quality consistent. 👍
813,male,18-24,A,Packaging looks premium but freshness could improve. imo it's one of the better brands. ☕
814,male,45-64,A,Worth every penny. Customer service was great too.
815,male,45-64,B,Way too expensive. Hope you keep the quality consistent.
816,female,65+,A,My morning feels incomplete without it. Customer service was great too. 😋
817,female,45-64,B,Too expensive 😕
818,female,25-44,B,Super smooth taste. Please introduce more roast options. 😕
819,female,18-24,B,Works great with milk but black cofee isn't my favourite. Customer service was great too. 😋
820,female,65+,B,Love this coffe Hope you keep the qualty consistent.
821,male,65+,B,realy enjoying Coffee X. Customer service was great too. 🤔
822,male,65+,A,I'll definitely buy again. 😅
823,female,25-44,A,Really enjoying Coffee X. Please introduce more roast options. 😅
824,female,25-44,B,Pretty good! 😊
825,male,18-24,A,Super smooth taste. Not bad at all tbh. 😅
826,male,18-24,B,Amazing aroma. I drink it every morning. ☕
827,female,65+,B,"Love the aroma, not a fan of the aftertaste. ❤️"
828,male,18-24,A,Best coffee I've had in a while
829,female,25-44,B,Worth every penny. Would reccomend it to friends.
830,male,18-24,B,Very balanced flavour. I drink it every morning.
831,male,45-64,A,Worth every penny. Delivery was realy fast. ❤️
832,male,45-64,B,Love this coffee 👌
833,male,25-44,B,Coffee arrived stale 😍
834,male,45-64,B,Taste is nice but it's a bit pricey. Would recommend it to friends. 😅
835,male,45-64,A,Packaging looks premium but freshness could improve. I drink it every morning. 😕
836,male,45-64,B,Works great with milk but black coffe isn't my favourite. Delivery was really fast. 👎
837,male,65+,A,Very balanced flavour. Not bad at all tbh. 🤔
838,male,25-44,A,rly enjoying Coffee X. Please introduce more roast options. 😅
839,female,45-64,A,Taste is nice but it's a bit pricey.
840,male,25-44,B,Too expensive 😕 😅
841,male,45-64,B,Packaging looks premium but freshness could improve. Customer service was gr8 too.
842,male,45-64,B,Love this coffe Would recommend it to friends.
843,male,25-44,B,Yumm 😋 😋
844,male,45-64,B,Amazing aroma. Customer service was great too.
845,female,45-64,B,Didn't enjoy the aftertaste. Please introduce more roast options. 👌
846,male,18-24,B,Works great with milk but black coffee isn't my favourite. ☕
847,male,65+,B,Didn't enjoy the aftertaste. ☕
848,female,45-64,A,Wouldn't buy again. Customer service was great too.
849,male,18-24,B,Worth every penny. Would love a decaf version.
850,female,45-64,B,Works great with milk but black cofee isn't my favourite. ❤️
851,female,18-24,A,Could be better. 😅
852,male,65+,B,Works great with milk but black coffe isn't my favourite. Would recommend it to friends.
853,female,25-44,B,Really enjoying Coffee X. 👌
854,male,25-44,A,Taste is kinda weak. I drink it every morning. 😕
855,male,45-64,B,Not as fresh as expected. imo it's one of the better brands. 🤔
856,male,65+,A,Meh. ☕
857,male,65+,A,Packaging could be better.
858,female,25-44,A,Pretty good overall although I expected a stronger roast. ngl I expected more. 👌
859,male,18-24,A,Worth every penny. I drink it every morning. ❤️
860,male,25-44,B,Wouldn't buy again. imo it's one of the better brands. ❤️
861,female,65+,B,Wouldn't buy again. I drink it every morning. ❤️
862,female,25-44,A,Yumm 😋 😊
863,female,65+,A,Love this cofee Customer service was gr8 too.
864,male,65+,A,Amazing aroma. Customer service was great too. ☕
865,female,45-64,B,Works great with milk but black cofee isn't my favourite. 👎
866,male,25-44,B,Works great with milk but black coffee isn't my favourite. imo it's one of the better brands.
867,female,45-64,A,Very balanced flavour. Would love a decaf version. ❤️
868,male,65+,B,My morning feels incomplete without it. Would recommend it to friends.
869,female,25-44,A,Wouldn't buy again. 😋
870,male,45-64,A,Pretty good overall although I expected a stronger roast. 😊
871,male,18-24,B,Not as fresh as expected.
872,female,45-64,A,"Love the aroma, not a fan of the aftertaste. Please introduce more roast options."
873,female,18-24,A,Bit disappointed. Not bad at all tbh. ❤️
874,male,18-24,B,My morning feels incomplete without it. imo it's one of the better brands. 👍
875,female,25-44,B,Yumm 😋 👌
876,male,25-44,B,Very balanced flavour. Not bad at all tbh. 👌
877,female,65+,B,My morning feels incomplete without it. Delivery was really fast. 👍
878,female,25-44,A,Best coffee I've had in a while 👌
879,female,18-24,B,The beans smell fantastic. ngl I expected more. 😅
880,male,45-64,B,Pretty good overall although I expected a stronger roast. imo it's one of the better brands. 😅
881,male,25-44,A,My morning feels incomplete without it. imo it's one of the better brands. 😅
882,male,45-64,A,"Love the aroma, not a fan of the aftertaste. 😅"
883,male,65+,A,Didn't enjoy the aftertaste. Hope you keep the quality consistent. ☕
884,male,25-44,B,My morning feels incomplete without it. Hope you keep the quality consistent.
885,male,25-44,B,Packaging could be better. Would recommend it to friends. ☕
886,male,25-44,A,Taste is nice but it's a bit pricey. Would love a decaf version.
887,female,65+,A,Really enjoying Coffee X
888,male,18-24,B,Not as fresh as expected. I drink it every morning.
889,female,18-24,B,Way too expensive 😅
890,male,25-44,A,Not as fresh as expected. Delivery was really fast. 😋
891,female,65+,B,Super smooth taste. 😍
892,female,25-44,A,Expected better. Not bad at all tbh. ☕
893,male,18-24,A,Coffee arrived stale. Not bad at all tbh.
894,male,45-64,B,Super smooth taste. Customer service was great too. 😅
895,female,18-24,A,rly enjoying Coffee X. ngl I expected more.
896,female,45-64,A,Best coffe I've had in a while
897,female,65+,A,Could be better. 😍
898,female,18-24,B,Taste is nice but it's a bit pricey. Hope you keep the quality consistent. 👌
899,male,45-64,B,Works great with milk but black coffee isn't my favourite. 👍
900,female,45-64,B,Taste is kinda weak. Please introduce more roast options. ☕
901,female,65+,B,Not as fresh as expected. Please introduce more roast options.
902,male,65+,B,My morning feels incomplete without it ☕
903,female,45-64,B,Best coffee I've had in a while. Customer service was gr8 too.
904,male,45-64,B,Very balanced flavour. I drink it every morning. 👌
905,female,45-64,A,Not as fresh as expected. Would love a decaf version. 😍
906,female,45-64,B,Love this coffee. Would love a decaf version.
907,male,65+,A,Wouldn't buy again
908,female,45-64,B,Best cofee I've had in a while. Would recomend it to friends.
909,female,65+,A,Amazing aroma 👎
910,male,65+,B,My morning feels incomplete without it. Customer service was gr8 too.
911,male,25-44,A,Love this coffee. Delivery was really fast.
912,male,18-24,A,"Love the aroma, not a fan of the aftertaste. Customer service was great too."
913,male,65+,A,Super smooth taste. Would love a decaf version.
914,female,25-44,B,Expected better. ngl I expected more. ☕
915,female,25-44,B,Amazing aroma. 😕
916,female,18-24,B,Love this cofee Hope you keep the quality consistent. ❤️
917,male,25-44,A,Meh. 😍
918,male,18-24,A,Bit disappointed. Would recommend it to friends.
919,male,25-44,A,Best coffe I've had in a while. Hope you keep the quality consistent. 😅
920,male,45-64,B,It's okay.
921,female,65+,A,Works great with milk but black coffee isn't my favourite. 😊
922,female,18-24,B,I'll definitely buy again. Would love a decaf version. ☕
923,female,45-64,A,Very balanced flavour. Would love a decaf version. 😍
924,female,65+,B,I'll definately buy again.
925,male,25-44,B,Pretty good overall although I expected a stronger roast. I drink it every morning. 😅
926,female,45-64,B,Taste is nice but it's a bit pricey. Please introduce more roast options.
927,female,45-64,B,Pretty good overall although I expected a stronger roast. 👌
928,male,65+,A,Too bitter for me. Would recommend it to friends. 😕
929,female,65+,A,realy enjoying Coffee X. Hope you keep the quality consistent.
930,female,45-64,B,Taste is nice but it's a bit pricey. Would love a decaf version. 👎
931,female,25-44,A,Wouldn't buy again 😋
932,male,45-64,A,Super smooth taste. ❤️
933,male,18-24,A,My morning feels incomplete without it. Would recommend it to friends. 😕
934,female,45-64,A,Taste is kinda weak. Not bad at all tbh.
935,male,18-24,B,Amazing aroma. ngl I expected more. 😅
936,male,65+,A,Worth every penny. Delivery was really fast.
937,male,18-24,B,My morning feels incomplete without it. Delivery was realy fast.
938,male,18-24,A,Best coffee I've had in a while. 😕
939,male,25-44,A,Really enjoying Coffee X 👌
940,female,25-44,B,Coffee arrived stale. ❤️
941,female,65+,A,Amazing aroma. Would recommend it to friends.
942,female,18-24,A,Didn't enjoy the aftertaste. Delivery was really fast. 🤔
943,female,18-24,A,Taste is nice but it's a bit pricey. ngl I expected more. 😅
944,female,65+,B,Expected better. ☕
945,male,65+,B,Very balanced flavour. 😕
946,male,45-64,B,Packaging could be better 🤔
947,male,18-24,B,Expected better. Customer service was great too. 👌
948,female,65+,A,Too bitter for me. Delivery was really fast. 🤔
949,female,25-44,A,My morning feels incomplete without it. Delivery was really fast. 😍
950,female,45-64,B,Love this coffee. I drink it every morning.
951,female,45-64,A,Best coffee I've had in a while. Hope you keep the qualty consistent. 😊
952,female,65+,A,Super smooth taste. imo it's one of the better brands.
953,male,65+,B,Really enjoying Coffee X. ❤️
954,male,18-24,A,coffe arrived stale. Please introduce more roast options.
955,female,45-64,A,Wouldn't buy again. Would recommend it to friends.
956,female,25-44,A,Amazing aroma. Delivery was really fast. 😋
957,male,65+,A,Best coffee I've had in a while. 😅
958,male,25-44,B,Expected better. ngl I expected more. ❤️
959,male,18-24,A,Expected better. I drink it every morning. 😊
960,male,65+,A,Best cofee I've had in a while. 👌
961,female,45-64,A,Really enjoying coffe X. imo it's one of the better brands.
962,male,18-24,A,Love it ☕ 😅
963,female,18-24,B,Really enjoying Coffee X. Please introduce more roast options. 😕
964,male,45-64,A,Super smooth taste. Would love a decaf version. 👍
965,female,25-44,A,Wouldn't buy again. Please introduce more roast options. 👍
966,female,45-64,B,I'll definitely buy again. Hope you keep the quality consistent.
967,male,25-44,B,Super smooth taste. Customer service was great too.
968,female,25-44,B,Works gr8 with milk but black coffee isn't my favourite. Hope you keep the quality consistent.
969,male,65+,B,Very balanced flavour. Would recommend it to friends. 😕
970,female,65+,B,Very balanced flavour. Hope you keep the qualty consistent.
971,male,65+,B,Taste is kinda weak. I drink it every morning. ❤️
972,male,18-24,A,Taste is kinda weak 👎
973,male,45-64,A,I'll definitely buy again. Not bad at all tbh. 👎
974,male,65+,B,The beans smell fantastic. 😋
975,male,25-44,A,Bit disappointed 😍
976,male,25-44,B,Pretty good overall although I expected a stronger roast. Not bad at all tbh. 👍
977,female,25-44,B,Really enjoying cofee X 👌
978,male,18-24,A,Super smooth taste. 😕
979,female,45-64,A,My morning feels incomplete without it. Customer service was great too. 🤔
980,female,25-44,A,Taste is nice but it's a bit pricey. Not bad at all tbh. 😋
981,female,18-24,B,Coffee arrived stale. Would recommend it to friends. 😍
982,male,18-24,B,Works great with milk but black coffee isn't my favourite. Delivery was really fast. 👎
983,male,18-24,A,Way too expensive. 😊
984,female,65+,A,I'll definitely buy again. 😋
985,male,65+,B,coffe arrived stale ☕
986,female,65+,B,Taste is nice but it's a bit pricey. imo it's one of the better brands. 🤔
987,female,25-44,A,Pretty good overall although I expected a stronger roast. imo it's one of the better brands. 😊
988,male,18-24,A,Packaging looks premium but freshness could improve.
989,female,45-64,B,Not as fesh as expected. Would recommend it to friends.
990,male,45-64,B,Way too expensive. Hope you keep the quality consistent. 🤔
991,female,65+,B,Super smooth taste. Hope you keep the quality consistent. 👌
992,female,45-64,A,My morning feels incomplete without it. I drink it every morning. 👌
993,female,45-64,A,Worth every penny. imo it's one of the better brands. 🤔
994,female,18-24,A,Very balanced flavour ☕
995,male,18-24,A,Bit disappointed. ngl I expected more.
996,female,18-24,A,My morning feels incomplete without it. Would love a decaf version. 😍
997,female,45-64,B,Super smooth taste. Would recommend it to friends. ☕
998,male,25-44,B,Not as fresh as expected. Would reccomend it to friends.
999,female,25-44,B,Pretty good overall although I expected a stronger roast. Would love a decaf version. ☕
1000,male,45-64,A,Coffee arrived stale. Hope you keep the qualty consistent.
1001,male,18-24,A,Wouldn't buy again. Delivery was really fast. 👌
1002,male,65+,B,Not as fresh as expected. Would recommend it to friends. ☕
1003,female,18-24,A,Bit disappointed. I drink it every morning. 😊
1004,female,65+,A,Too bitter for me. Would love a decaf version. 🤔
1005,female,45-64,B,I'll definitely buy again. Customer service was great too. 😊
1006,male,25-44,B,Packaging could be better. Delivery was rly fast. 👌
1007,male,25-44,A,Best coffee I've had in a while. 👍
1008,male,18-24,B,Love this coffee. imo it's one of the better brands.
1009,male,65+,A,Packaging could be better 😅
1010,male,45-64,A,Packaging could be better 👌
1011,male,25-44,A,Bit disappointed. Delivery was really fast. 😕
1012,female,65+,B,"Love the aroma, not a fan of the aftertaste. 👍"
1013,male,65+,A,Worth every penny. Hope you keep the quality consistent. ❤️
1014,female,25-44,A,The beans smell fantastic. Not bad at all tbh. 😕
1015,female,65+,A,Best coffee I've had in a while. I drink it every morning. 🤔
1016,male,65+,A,Super smooth taste. Delivery was really fast. 😊
1017,female,65+,B,Best coffee I've had in a while. Would recommend it to friends. 👍
1018,female,45-64,A,Pretty good overall although I expected a stronger roast. 😅
1019,female,65+,B,Packaging could be better. Delivery was really fast.
1020,female,45-64,A,Wouldn't buy again. Delivery was really fast. 😍
1021,male,25-44,B,Works great with milk but black coffee isn't my favourite. Not bad at all tbh. 😍
1022,male,18-24,A,Coffee arrived stale. I drink it every morning. 😅
1023,male,25-44,B,Way too expensive ☕
1024,female,45-64,B,"Love the aroma, not a fan of the aftertaste. I drink it every morning. 👌"
1025,female,65+,A,10/10 ❤️
1026,male,25-44,A,Packaging could be better. ☕
1027,female,18-24,B,Packaging looks premium but freshness could improve. Would recommend it to friends. 👌
1028,female,25-44,A,Packaging looks premium but freshness could improve. 👎
1029,female,18-24,A,Amazing aroma. Please introduce more roast options. 👎
1030,male,65+,A,Coffee arrived stale 😅
1031,male,45-64,A,Love this coffee. Would recommend it to friends. ❤️
1032,male,65+,A,Packaging looks premium but freshness could improve. ☕
1033,female,65+,B,Super smooth taste. Would recomend it to friends. 😍
1034,female,25-44,B,Not as fresh as expected. Not bad at all tbh. 👌
1035,male,18-24,A,My morning feels incomplete without it. I drink it every morning. 😍
1036,female,25-44,B,Love this coffe 😍
1037,female,65+,A,Not as fresh as expected. Delivery was rly fast.
1038,male,45-64,B,Not as fresh as expected. Customer service was great too.
1039,female,65+,A,Too bitter for me.
1040,male,65+,B,Not as fresh as expected. Please introduce more roast options. 👌
1041,male,65+,B,Works great with milk but black coffee isn't my favourite. Hope you keep the quality consistent. 🤔
1042,female,25-44,B,Very balanced flavour. imo it's one of the better brands. 😕
1043,female,65+,A,Best coffee I've had in a while. Delivery was really fast.
1044,male,45-64,B,I'll definitely buy again. Would love a decaf version. 😊
1045,male,65+,A,Coffee arrived stale. Would love a decaf version. 👎
1046,male,45-64,A,"Love the aroma, not a fan of the aftertaste. imo it's one of the better brands. 😋"
1047,male,45-64,B,Super smooth taste. Not bad at all tbh. 👌
1048,male,18-24,A,Best coffee I've had in a while. 😋
1049,male,65+,B,Pretty good overall although I expected a stronger roast. ngl I expected more. 😍
1050,male,18-24,B,Love this coffee. imo it's one of the better brands. 😕
1051,female,45-64,A,Not as fresh as expected. Customer service was great too. 😍
1052,male,45-64,B,Too bitter for me. 😅
1053,female,25-44,A,Very balanced flavour. Delivery was really fast. 😕
1054,female,45-64,B,Worth every penny. ngl I expected more. 😅
1055,male,18-24,B,The beans smell fantastic. I drink it every morning. 😊
1056,male,18-24,A,"Love the aroma, not a fan of the aftertaste. Hope you keep the quality consistent. 👎"
1057,female,25-44,A,Works great with milk but black coffee isn't my favourite. ngl I expected more.
1058,male,25-44,B,Way too expensive. Would love a decaf version.
1059,male,65+,B,Packaging could be better. imo it's one of the better brands. 👌
1060,female,18-24,B,The beans smell fantastic. Not bad at all tbh. 🤔
1061,male,65+,B,Expected better. Delivery was really fast.
1062,male,45-64,B,Very balanced flavour. Please introduce more roast options. ❤️
1063,female,25-44,B,Really enjoying Coffee X. 😊
1064,male,45-64,B,Amazing aroma. imo it's one of the better brands. ☕
1065,male,18-24,B,Taste is kinda weak. I drink it every morning.
1066,female,25-44,A,Packaging could be better. Please introduce more roast options.
1067,male,65+,B,My morning feels incomplete without it. Hope you keep the quality consistent. ☕
1068,male,18-24,B,"Love the aroma, not a fan of the aftertaste. Delivery was really fast. 👌"
1069,male,65+,B,I'll definately buy again ❤️
1070,male,18-24,A,Packaging looks premium but freshness could improve. I drink it every morning.
1071,male,25-44,A,Works great with milk but black coffee isn't my favourite. Not bad at all tbh. 👌
1072,male,25-44,A,It's okay. 😍
1073,female,18-24,A,10/10 ❤️ 👍
1074,female,25-44,B,The beans smell fantastic. ngl I expected more.
1075,male,45-64,A,The beans smell fantastic 👍
1076,female,25-44,A,Wouldn't buy again. Would recommend it to friends. 👎
1077,male,25-44,A,coffe arrived stale 👎
1078,male,18-24,A,Worth every penny. Hope you keep the quality consistent.
1079,male,45-64,A,Could be better. 😕
1080,female,45-64,A,Best coffe I've had in a while. I drink it every morning. 😕
1081,male,65+,A,Packaging looks premium but freshness could improve. ngl I expected more. 😕
1082,male,65+,B,Taste is nice but it's a bit pricey. I drink it every morning. ☕
1083,male,18-24,B,Love it ☕ 👌
1084,male,65+,A,Packaging could be better. 😕
1085,female,25-44,B,Pretty good overall although I expected a stronger roast. I drink it every morning. 👌
1086,male,45-64,A,The beans smell fantastic. Customer service was great too.
1087,male,25-44,B,Best coffee I've had in a while. I drink it every morning. 👍
1088,male,45-64,B,Too bitter for me. Would love a decaf version.
1089,male,65+,B,Really enjoying coffe X. I drink it every morning.
1090,male,45-64,B,Worth every penny. Delivery was really fast. 😍
1091,male,25-44,A,Super smooth taste. Hope you keep the qualty consistent. 👍
1092,male,45-64,A,Very balanced flavour. ☕
1093,female,45-64,B,I'll definitely buy again. ngl I expected more. 👌
1094,female,25-44,A,My morning feels incomplete without it. 🤔
1095,female,25-44,B,Amazing aroma. Would love a decaf version.
1096,female,25-44,A,Not as fresh as expected. Delivery was really fast. 👎
1097,female,18-24,A,Bit disappointed. Delivery was rly fast.
1098,female,18-24,A,Works great with milk but black coffe isn't my favourite.
1099,female,18-24,B,Worth every penny. Delivery was really fast. 👎
1100,male,25-44,A,Meh. 😋
1101,male,45-64,A,My morning feels incomplete without it. imo it's one of the better brands. 😋
1102,male,65+,A,Taste is nice but it's a bit pricey. Hope you keep the qualty consistent.
1103,female,18-24,B,The beans smell fantastic. ngl I expected more. 😕
1104,female,25-44,B,cofee arrived stale. ngl I expected more. 😊
1105,female,45-64,A,Wouldn't buy again. Would love a decaf version. 😕
1106,female,25-44,A,Packaging could be better. Would recomend it to friends.
1107,female,45-64,A,Didn't enjoy the aftertaste. Customer service was great too. 👍
1108,female,65+,B,Taste is kinda weak. Would recommend it to friends. 👎
1109,female,18-24,A,"Love the aroma, not a fan of the aftertaste. Customer service was great too. ☕"
1110,male,65+,B,I'll definitely buy again. ngl I expected more. 😅
1111,male,18-24,A,My morning feels incomplete without it. I drink it every morning. 😊
1112,male,18-24,B,Works great with milk but black coffee isn't my favourite. Not bad at all tbh.
1113,male,45-64,A,My morning feels incomplete without it. Please introduce more roast options.
1114,male,18-24,B,Packaging could be better. Would recommend it to friends.
1115,female,65+,A,Very balanced flavour 👎
1116,male,45-64,B,Pretty good overall although I expected a stronger roast. Hope you keep the quality consistent. 😍
1117,female,45-64,B,Way too expensive. Please introduce more roast options. 😊
1118,male,18-24,A,Works gr8 with milk but black coffee isn't my favourite. Customer service was great too.
1119,female,25-44,A,Packaging could be better. I drink it every morning. 👍
1120,female,18-24,A,Not as fresh as expected. imo it's one of the better brands.
1121,female,25-44,B,Works great with milk but black coffe isn't my favourite. Not bad at all tbh.
1122,female,45-64,B,Bit disappointed. Would love a decaf version. 😊
1123,male,18-24,B,Really enjoying Coffee X. imo it's one of the better brands.
1124,male,25-44,B,Not as fresh as expected 😊
1125,female,18-24,A,Super smooth taste. ☕
1126,female,45-64,B,Taste is nice but it's a bit pricey. imo it's one of the better brands.
1127,male,45-64,A,Coffee arrived stale. Would recommend it to friends.
1128,male,25-44,A,Pretty good overall although I expected a stronger roast. I drink it every morning.
1129,female,65+,B,Works great with milk but black coffee isn't my favourite. Please introduce more roast options.
1130,male,65+,A,Wouldn't buy again. imo it's one of the better brands. 😍
1131,male,45-64,A,Really enjoying Coffee X 😅
1132,male,65+,B,Packaging looks premium but freshness could improve. 🤔
1133,female,45-64,A,Best coffe I've had in a while. imo it's one of the better brands. 😅
1134,female,25-44,A,Worth every penny 😕
1135,female,25-44,A,Very balanced flavour
1136,male,45-64,A,Taste is kinda weak 🤔
1137,male,18-24,B,Bit disappointed. Would recomend it to friends.
1138,female,65+,A,Didn't enjoy the aftertaste. imo it's one of the better brands.
1139,male,25-44,B,Works great with milk but black coffee isn't my favourite. Would love a decaf version.
1140,female,18-24,B,Amazing 😍 ☕
1141,male,18-24,B,Yumm 😋 👍
1142,female,25-44,A,Taste is nice but it's a bit pricey. ngl I expected more. 😊
1143,male,18-24,B,My morning feels incomplete without it. 👍
1144,female,25-44,B,Not as fresh as expected. Delivery was realy fast.
1145,female,18-24,B,Very balanced flavour. ❤️
1146,male,65+,A,Very balanced flavour. Hope you keep the quality consistent. 😊
1147,male,25-44,A,"Love the aroma, not a fan of the aftertaste. 👌"
1148,male,25-44,B,Didn't enjoy the aftertaste 👌
1149,male,45-64,A,Coffee arrived stale. Would recomend it to friends. 👌
1150,female,65+,B,Packaging looks premium but freshness could improve. Not bad at all tbh. 👎
1151,male,25-44,A,Love this coffee. Not bad at all tbh. 👌
1152,male,25-44,B,"Love the aroma, not a fan of the aftertaste. Would love a decaf version."
1153,female,65+,A,Super smooth taste.
1154,male,65+,B,Very balanced flavour. Would recommend it to friends. 👍
1155,male,25-44,A,My morning feels incomplete without it. Hope you keep the quality consistent. 😊
1156,female,18-24,A,cofee arrived stale. Please introduce more roast options.
1157,male,18-24,B,Expected better. imo it's one of the better brands. 😍
1158,female,45-64,A,Very balanced flavour. Not bad at all tbh. 👍
1159,female,25-44,A,Best coffee I've had in a while. Hope you keep the quality consistent. ❤️
1160,male,45-64,B,Super smooth taste ❤️
1161,female,65+,A,Packaging looks premium but freshness could improve. Hope you keep the quality consistent. 😊
1162,male,45-64,B,Too bitter for me 👎
1163,female,18-24,B,Works great with milk but black coffee isn't my favourite. 😕
1164,female,65+,A,Taste is kinda weak. Please introduce more roast options.
1165,female,18-24,B,rly enjoying coffe X. ngl I expected more. 👎
1166,female,45-64,B,Yumm 😋
1167,male,25-44,A,Pretty good overall although I expected a stronger roast. Customer service was gr8 too. 😅
1168,female,65+,B,Love this coffee. 😋
1169,male,18-24,A,Pretty good overall although I expected a stronger roast. Would love a decaf version. 😅
1170,female,45-64,A,Worth every penny. ngl I expected more. 😍
1171,female,18-24,A,Really enjoying Coffee X. ☕
1172,female,18-24,B,Way too expensive. Please introduce more roast options. 🤔
1173,female,65+,B,Taste is nice but it's a bit pricey. ❤️
1174,male,45-64,B,Taste is nice but it's a bit pricey. Not bad at all tbh.
1175,male,18-24,A,"Love the aroma, not a fan of the aftertaste. Delivery was realy fast. ❤️"
1176,male,65+,B,The beans smell fantastic. Hope you keep the quality consistent. ❤️
1177,male,18-24,A,Love this coffee. ngl I expected more. 👍
1178,female,65+,B,"Love the aroma, not a fan of the aftertaste. imo it's one of the better brands. 👌"
1179,male,65+,A,Works great with milk but black coffee isn't my favourite. Customer service was great too.
1180,female,45-64,A,Love this coffee. 😕
1181,male,65+,A,Works great with milk but black coffee isn't my favourite. 👌
1182,female,18-24,B,Packaging looks premium but freshness could improve. Delivery was really fast. 😋
1183,male,25-44,A,I'll definitely buy again. Hope you keep the qualty consistent.
1184,male,65+,A,Very balanced flavour 😊
1185,male,45-64,A,Very balanced flavour. Would love a decaf version. 😋
1186,male,65+,B,Wouldn't buy again. Please introduce more roast options. ☕
1187,female,45-64,B,Works great with milk but black coffee isn't my favourite. 😅
1188,female,25-44,A,Taste is kinda weak. Hope you keep the qualty consistent.
1189,male,25-44,B,Really enjoying Coffee X. Customer service was great too. 😍
1190,male,45-64,A,rly enjoying Coffee X. Delivery was really fast. 😕
1191,female,45-64,B,Super smooth taste 😋
1192,female,25-44,B,Pretty good! 😕
1193,female,45-64,B,Worth every penny. Please introduce more roast options. 😋
1194,male,65+,B,I'll definetly buy again. 👍
1195,female,25-44,B,Not as fresh as expected. Would love a decaf version.
1196,male,18-24,A,Taste is kinda weak
1197,female,45-64,A,It's okay. 👍
1198,female,18-24,A,Too expensive 😕 👎
1199,male,18-24,A,My morning feels incomplete without it. Hope you keep the quality consistent. 🤔
1200,male,65+,B,My morning feels incomplete without it. Hope you keep the qualty consistent.
1201,male,18-24,A,Way too expensive. I drink it every morning. ☕
1202,male,65+,B,Super smooth taste. I drink it every morning. 😕
1203,female,65+,B,"Love the aroma, not a fan of the aftertaste. Hope you keep the quality consistent. 😍"
1204,male,25-44,A,Coffee arrived stale. 😊
1205,female,65+,A,Expected better. Customer service was gr8 too.
1206,male,18-24,A,I'll definately buy again. Delivery was really fast.
1207,male,65+,A,Way too expensive. Please introduce more roast options.
1208,female,18-24,A,cofee arrived stale. imo it's one of the better brands.
1209,female,25-44,A,Not bad. 🤔
1210,female,65+,B,Meh.
1211,male,25-44,A,Very balanced flavour. ngl I expected more.
1212,female,25-44,A,Amazing 😍 😅
1213,female,45-64,B,Love this coffe 👍
1214,female,65+,A,I'll definitely buy again. ngl I expected more. 😍
1215,male,45-64,B,Taste is kinda weak 👌
1216,male,45-64,B,Way too expensive. Please introduce more roast options. 😋
1217,male,25-44,B,Worth every penny. ngl I expected more.
1218,female,45-64,A,rly enjoying Coffee X 😍
1219,male,65+,B,Too bitter for me. Would recommend it to friends.
1220,female,25-44,B,Too expensive 😕 😋
1221,male,65+,B,Didn't enjoy the aftertaste 😕
1222,female,45-64,A,Way too expensive. Hope you keep the quality consistent. 😊
1223,male,18-24,B,Pretty good overall although I expected a stronger roast. Customer service was great too.
1224,female,45-64,B,Pretty good overall although I expected a stronger roast. ngl I expected more. 😊
1225,male,65+,B,Packaging looks premium but freshness could improve. 😍
1226,female,18-24,A,Very balanced flavour. imo it's one of the better brands. 🤔
1227,female,18-24,B,Not as fresh as expected. ngl I expected more.
1228,male,65+,B,The beans smell fantastic. Would love a decaf version.
1229,female,65+,B,Works great with milk but black coffee isn't my favourite. Customer service was great too. ❤️
1230,male,45-64,B,"Love the aroma, not a fan of the aftertaste. ngl I expected more."
1231,female,65+,A,Really enjoying Coffee X. Not bad at all tbh.
1232,female,45-64,B,Coffee arrived stale. ngl I expected more. 😋
1233,male,45-64,B,Works gr8 with milk but black coffee isn't my favourite. 👌
1234,male,45-64,B,"Love the aroma, not a fan of the aftertaste. Would recomend it to friends. 😊"
1235,female,45-64,A,Super smooth taste. Would love a decaf version. 🤔
1236,male,25-44,B,Works great with milk but black coffee isn't my favourite. Would love a decaf version. 😊
1237,male,45-64,A,Packaging looks premium but freshness could improve. Please introduce more roast options. 😋
1238,female,18-24,A,Love this coffee. Please introduce more roast options. 👌
1239,male,18-24,B,Packaging looks premium but freshness could improve. Hope you keep the quality consistent. 👌
1240,female,18-24,A,Works great with milk but black coffee isn't my favourite. Hope you keep the qualty consistent. 👌
1241,male,45-64,B,Didn't enjoy the aftertaste ❤️
1242,male,18-24,B,Didn't enjoy the aftertaste. Delivery was really fast. 👌
1243,male,18-24,B,Didn't enjoy the aftertaste. ngl I expected more. 😍
1244,female,45-64,B,Really enjoying Coffee X 🤔
1245,female,65+,A,I'll definately buy again. ngl I expected more.
1246,female,65+,A,Very balanced flavour. Would love a decaf version. 👍
1247,male,25-44,B,Expected better. Please introduce more roast options.
1248,female,18-24,B,Packaging could be better. ngl I expected more.
1249,female,25-44,A,Meh. 😕
1250,male,65+,A,Works great with milk but black coffee isn't my favourite.
1251,female,45-64,B,Didn't enjoy the aftertaste. 👍
1252,female,65+,B,Really enjoying Coffee X. I drink it every morning. ☕
1253,female,18-24,A,coffe arrived stale. Hope you keep the quality consistent.
1254,male,18-24,B,Wouldn't buy again. 👌
1255,female,65+,A,Pretty good overall although I expected a stronger roast. imo it's one of the better brands. 👌
1256,male,25-44,A,Taste is nice but it's a bit pricey. ☕
1257,female,45-64,B,Very balanced flavour. Hope you keep the quality consistent. ☕
1258,female,65+,A,Worth every penny. ❤️
1259,female,45-64,B,The beans smell fantastic. Would recommend it to friends. 😍
1260,male,45-64,B,Pretty good overall although I expected a stronger roast. Please introduce more roast options. 👌
1261,female,45-64,B,Really enjoying cofee X
1262,male,25-44,A,Not as fresh as expected 😕
1263,female,18-24,A,Didn't enjoy the aftertaste. Would love a decaf version. 😋
1264,female,45-64,B,Amazing aroma. 👍
1265,male,45-64,A,Expected better. Would recommend it to friends.
1266,female,25-44,B,Works great with milk but black coffee isn't my favourite. Would recomend it to friends.
1267,female,25-44,A,Worth every penny 😍
1268,female,45-64,B,Expected better. Would love a decaf version.
1269,male,65+,A,Not as fesh as expected
1270,female,25-44,A,Worth every penny 😊
1271,female,18-24,B,Bit disappointed. 😅
1272,female,18-24,B,Super smooth taste. Not bad at all tbh. 😋
1273,male,18-24,A,Not as fresh as expected. I drink it every morning. 😋
1274,male,18-24,A,Amazing aroma
1275,male,65+,B,Pretty good overall although I expected a stronger roast. 😋
1276,female,25-44,A,Taste is nice but it's a bit pricey. Would recommend it to friends. 😕
1277,male,18-24,B,Wouldn't buy again 😅
1278,male,65+,B,Not as fresh as expected. Not bad at all tbh. 👎
1279,female,25-44,A,Expected better. Delivery was really fast. ❤️
1280,female,18-24,A,Super smooth taste 😅
1281,male,65+,A,Coffee arrived stale ☕
1282,female,25-44,A,Yumm 😋 👎
1283,female,65+,B,Really enjoying Coffee X. imo it's one of the better brands. 👌
1284,female,65+,A,Worth every penny 😅
1285,female,65+,B,Way too expensive. Delivery was really fast. ☕
1286,male,45-64,A,Love this coffee. Hope you keep the quality consistent.
1287,female,45-64,B,Love this coffee
1288,female,65+,A,Packaging could be better. 👌
1289,male,65+,A,Super smooth taste. Hope you keep the quality consistent. ☕
1290,male,45-64,B,Coffee arrived stale. imo it's one of the better brands. 😋
1291,female,45-64,B,Pretty good overall although I expected a stronger roast. 🤔
1292,female,18-24,A,Taste is nice but it's a bit pricey. Would recommend it to friends.
1293,female,65+,B,Way too expensive. I drink it every morning. 😍
1294,female,18-24,A,Taste is kinda weak. Would love a decaf version.
1295,female,45-64,A,My morning feels incomplete without it. 😊
1296,female,18-24,B,Bit disappointed. Please introduce more roast options. 😍
1297,male,25-44,B,My morning feels incomplete without it. Would recommend it to friends. 😅
1298,male,65+,A,Love this coffee. Not bad at all tbh.
1299,male,45-64,B,Super smooth taste. I drink it every morning. 🤔
1300,male,18-24,B,Didn't enjoy the aftertaste. Delivery was realy fast.
1301,female,45-64,B,Works gr8 with milk but black coffee isn't my favourite. Not bad at all tbh.
1302,male,25-44,B,I'll definitely buy again 👍
1303,female,45-64,B,Amazing aroma. ngl I expected more.
1304,female,18-24,A,Packaging looks premium but freshness could improve. Please introduce more roast options.
1305,female,18-24,B,I'll definetly buy again. Not bad at all tbh. ☕
1306,female,65+,B,10/10 ❤️ ❤️
1307,male,65+,A,Really enjoying Coffee X. ngl I expected more.
1308,female,18-24,B,Best coffee I've had in a while. I drink it every morning. 😊
1309,female,18-24,A,The beans smell fantastic. Would recomend it to friends.
1310,male,65+,A,Could be better.
1311,female,25-44,A,Wouldn't buy again. Delivery was rly fast.
1312,female,25-44,B,Best coffee I've had in a while. Would recommend it to friends. 😊
1313,male,65+,A,Didn't enjoy the aftertaste. imo it's one of the better brands. 👎
1314,female,25-44,A,Wouldn't buy again. I drink it every morning.
1315,female,45-64,B,realy enjoying coffe X.
1316,male,45-64,B,Yumm 😋 😍
1317,female,25-44,A,Didn't enjoy the aftertaste. Would love a decaf version. 👎
1318,female,45-64,B,My morning feels incomplete without it. ngl I expected more.
1319,male,25-44,B,Best coffee I've had in a while 🤔
1320,male,45-64,A,"Love the aroma, not a fan of the aftertaste. Hope you keep the qualty consistent. 😋"
1321,male,18-24,A,Packaging looks premium but freshness could improve. Would recommend it to friends.
1322,male,25-44,B,Taste is nice but it's a bit pricey. Please introduce more roast options. 👍
1323,male,65+,A,The beans smell fantastic. Delivery was really fast.
1324,female,18-24,A,Worth every penny. Not bad at all tbh.
1325,male,65+,A,rly enjoying cofee X 😊
1326,female,18-24,B,My morning feels incomplete without it 👍
1327,male,45-64,A,"Love the aroma, not a fan of the aftertaste. I drink it every morning. 😕"
1328,male,25-44,B,I'll definitely buy again. Delivery was really fast. ❤️
1329,female,45-64,A,Very balanced flavour. 😊
1330,male,25-44,B,Really enjoying cofee X. Would love a decaf version.
1331,female,18-24,A,Bit disappointed. Hope you keep the quality consistent. 😋
1332,male,45-64,A,Very balanced flavour. I drink it every morning. 👎
1333,male,65+,A,Expected better. Not bad at all tbh. 😅
1334,male,65+,A,Amazing aroma. Please introduce more roast options. 😍
1335,female,25-44,B,Taste is kinda weak 😊
1336,male,25-44,A,I'll definitely buy again. 😍
1337,male,45-64,B,Meh. 😊
1338,female,65+,B,Way too expensive. I drink it every morning. 😋
1339,female,25-44,A,Love this coffe
1340,female,45-64,A,My morning feels incomplete without it. Delivery was really fast. 😅
1341,female,18-24,B,10/10 ❤️ 🤔
1342,female,45-64,B,Taste is nice but it's a bit pricey. Customer service was gr8 too.
1343,female,25-44,A,Bit disappointed. Please introduce more roast options.
1344,male,18-24,A,Expected better. imo it's one of the better brands.
1345,male,45-64,B,Yumm 😋 😅
1346,female,45-64,A,Pretty good overall although I expected a stronger roast. Would recommend it to friends.
1347,male,65+,A,Bit disappointed. imo it's one of the better brands. 😅
1348,female,45-64,B,Worth every penny. 👎
1349,male,25-44,B,Really enjoying coffe X. Hope you keep the quality consistent.
1350,male,45-64,A,Not as fresh as expected. Would recommend it to friends.
1351,male,25-44,B,Packaging looks premium but freshness could improve. Would recommend it to friends. ☕
1352,male,45-64,A,My morning feels incomplete without it. Please introduce more roast options. 😅
1353,female,18-24,A,Packaging could be better. imo it's one of the better brands. 👎
1354,male,18-24,B,The beans smell fantastic.
1355,female,18-24,A,Super smooth taste. Not bad at all tbh.
1356,male,65+,A,Not as fresh as expected. Please introduce more roast options. 😅
1357,male,18-24,A,cofee arrived stale.
1358,female,65+,B,Really enjoying Coffee X. Would recomend it to friends.
1359,female,25-44,B,Meh. 👍
1360,male,25-44,A,Packaging could be better. Delivery was really fast. 👌
1361,female,65+,B,Worth every penny. Customer service was great too. 👎
1362,male,25-44,A,Packaging looks premium but freshness could improve. ngl I expected more. ☕
1363,female,25-44,B,Amazing aroma. Customer service was great too. 😕
1364,male,65+,A,Works gr8 with milk but black cofee isn't my favourite. ❤️
1365,male,18-24,A,Best coffee I've had in a while. Would love a decaf version. ☕
1366,male,45-64,B,Packaging looks premium but freshness could improve. ngl I expected more.
1367,male,65+,A,The beans smell fantastic. I drink it every morning. ☕
1368,female,25-44,A,Coffee arrived stale. Delivery was really fast. 👌
1369,male,45-64,A,Super smooth taste. ngl I expected more. 👍
1370,male,65+,A,cofee arrived stale. ngl I expected more.
1371,male,25-44,A,Packaging looks premium but freshness could improve. Not bad at all tbh.
1372,female,45-64,B,Worth every penny. Hope you keep the qualty consistent.
1373,male,25-44,A,Best coffee I've had in a while. Customer service was great too. 😅
1374,male,18-24,A,My morning feels incomplete without it 😊
1375,female,25-44,A,Amazing aroma 😕
1376,female,45-64,B,Works gr8 with milk but black coffee isn't my favourite.
1377,male,45-64,A,My morning feels incomplete without it. 😕
1378,male,25-44,B,Amazing aroma. imo it's one of the better brands. 👌
1379,female,65+,A,Super smooth taste. Delivery was really fast. 😍
1380,male,45-64,B,Taste is nice but it's a bit pricey. Hope you keep the quality consistent. 👍
1381,female,18-24,B,Amazing aroma. Customer service was great too. 👌
1382,female,65+,B,Way too expensive
1383,female,18-24,A,Too bitter for me. Delivery was really fast. ❤️
1384,male,25-44,A,Expected better. I drink it every morning.
1385,female,65+,A,Packaging could be better 👍
1386,female,45-64,A,Packaging looks premium but freshness could improve. I drink it every morning. 😋
1387,female,18-24,A,Packaging could be better. Would love a decaf version.
1388,male,65+,B,Coffee arrived stale. Not bad at all tbh. 👎
1389,male,65+,B,Pretty good overall although I expected a stronger roast. Please introduce more roast options. 😊
1390,male,18-24,B,Didn't enjoy the aftertaste. 😍
1391,male,45-64,B,My morning feels incomplete without it. Not bad at all tbh.
1392,male,45-64,A,Packaging could be better. Customer service was great too.
1393,female,65+,B,Love this coffe Please introduce more roast options.
1394,female,25-44,A,Packaging looks premium but freshness could improve. Would recommend it to friends. 😕
1395,male,65+,A,Worth every penny. Hope you keep the quality consistent. 👍
1396,male,45-64,A,Best coffee I've had in a while. imo it's one of the better brands.
1397,male,45-64,B,Too bitter for me. Delivery was really fast. 😅
1398,female,45-64,B,Best coffee I've had in a while. Would recommend it to friends. ❤️
1399,female,25-44,B,Taste is nice but it's a bit pricey. ngl I expected more. 😍
1400,female,45-64,A,Super smooth taste. I drink it every morning.
1401,female,25-44,B,Didn't enjoy the aftertaste. Delivery was really fast.
1402,female,18-24,A,Not as fesh as expected. Would love a decaf version.
1403,female,25-44,A,Packaging could be better. Hope you keep the quality consistent.
1404,male,65+,A,Pretty good overall although I expected a stronger roast. Hope you keep the quality consistent.
1405,male,25-44,A,Worth every penny. Delivery was really fast. ☕
1406,female,45-64,A,Coffee arrived stale.
1407,male,25-44,A,Not bad. 😕
1408,male,45-64,B,It's okay. 😕
1409,female,45-64,A,Way too expensive. Delivery was really fast.
1410,male,45-64,A,Not bad. 😅
1411,female,45-64,B,"Love the aroma, not a fan of the aftertaste. ngl I expected more. 😅"
1412,female,45-64,B,Love this coffee. 👌
1413,female,25-44,A,Not as fresh as expected. imo it's one of the better brands. 😅
1414,female,18-24,B,coffe arrived stale.
1415,female,18-24,B,Super smooth taste. Please introduce more roast options.
1416,male,25-44,B,Didn't enjoy the aftertaste. imo it's one of the better brands. ☕
1417,female,18-24,B,Pretty good overall although I expected a stronger roast. imo it's one of the better brands. 😍
1418,female,25-44,B,My morning feels incomplete without it. I drink it every morning. 😕
1419,male,45-64,A,Bit disappointed.
1420,male,45-64,A,Way too expensive. Would love a decaf version. ☕
1421,male,45-64,B,Taste is kinda weak 😕
1422,female,25-44,A,Amazing aroma. Not bad at all tbh. ☕
1423,male,65+,B,Love this coffee. Hope you keep the qualty consistent.
1424,male,45-64,A,Best coffee I've had in a while. I drink it every morning.
1425,female,18-24,A,Super smooth taste. 👍
1426,female,45-64,A,Worth every penny. Would recommend it to friends. 👎
1427,male,25-44,A,Works great with milk but black coffee isn't my favourite. ngl I expected more. 😊
1428,male,65+,A,Way too expensive ❤️
1429,female,25-44,A,Love this coffe Would love a decaf version. ❤️
1430,male,65+,A,Works gr8 with milk but black coffee isn't my favourite. 😅
1431,female,45-64,A,Wouldn't buy again. Hope you keep the quality consistent.
1432,female,25-44,A,Super smooth taste. Hope you keep the quality consistent.
1433,male,65+,B,Coffee arrived stale. imo it's one of the better brands. 🤔
1434,female,45-64,A,My morning feels incomplete without it. Please introduce more roast options. 😍
1435,female,65+,B,Yumm 😋 😕
1436,male,25-44,A,Worth every penny ☕
1437,female,65+,B,Too bitter for me. Not bad at all tbh. 😅
1438,male,18-24,B,Taste is nice but it's a bit pricey. 😊
1439,male,25-44,B,Best coffee I've had in a while. imo it's one of the better brands. 😕
1440,female,18-24,B,Not as fresh as expected. ❤️
1441,male,18-24,A,Amazing aroma. 😊
1442,female,18-24,B,Very balanced flavour. 👌
1443,female,65+,A,Very balanced flavour. ngl I expected more. 😍
1444,male,25-44,B,Super smooth taste. Customer service was gr8 too.
1445,female,65+,A,I'll definitely buy again. 👎
1446,male,45-64,A,Love this coffee 😋
1447,female,25-44,B,Super smooth taste 👌
1448,male,18-24,A,Amazing aroma. Not bad at all tbh.
1449,male,25-44,B,Not as fesh as expected. Would reccomend it to friends.
1450,female,65+,A,I'll definitely buy again. Would recommend it to friends. ❤️
1451,female,65+,A,My morning feels incomplete without it. Would love a decaf version.
1452,female,25-44,B,Amazing aroma 😅
1453,male,45-64,B,Amazing aroma. Would love a decaf version. 👎
1454,female,18-24,B,Taste is kinda weak. Would love a decaf version. 🤔
1455,female,25-44,A,Taste is kinda weak. ngl I expected more.
1456,male,45-64,A,Super smooth taste. Customer service was great too. ☕
1457,female,45-64,A,I'll definitely buy again. I drink it every morning. 👌
1458,female,65+,A,Best coffe I've had in a while.
1459,male,25-44,B,Coffee arrived stale. Hope you keep the qualty consistent. 🤔
1460,male,25-44,A,Works gr8 with milk but black cofee isn't my favourite. Delivery was really fast.
1461,male,45-64,A,Wouldn't buy again. Not bad at all tbh. 😕
1462,male,25-44,A,Amazing aroma. Hope you keep the quality consistent. 👎
1463,male,25-44,A,My morning feels incomplete without it. Delivery was really fast.
1464,male,18-24,B,I'll definitely buy again. Would recommend it to friends. 😋
1465,male,18-24,B,Amazing aroma 😊
1466,male,65+,B,Wouldn't buy again. Customer service was great too. 😅
1467,male,25-44,B,Amazing aroma. ngl I expected more. 😕
1468,female,65+,B,"Love the aroma, not a fan of the aftertaste. 😋"
1469,male,18-24,B,Works gr8 with milk but black cofee isn't my favourite. Customer service was great too.
1470,male,25-44,A,My morning feels incomplete without it. I drink it every morning. 😅
1471,female,65+,A,Expected better 😅
1472,male,25-44,B,Pretty good overall although I expected a stronger roast. I drink it every morning. 😋
1473,male,65+,B,Didn't enjoy the aftertaste. Hope you keep the quality consistent. 😊
1474,female,45-64,A,Love it ☕ ❤️
1475,male,45-64,A,My morning feels incomplete without it. Please introduce more roast options. 👌
1476,female,25-44,A,My morning feels incomplete without it. Customer service was great too. 😍
1477,male,65+,A,Too bitter for me. ☕
1478,female,25-44,A,Very balanced flavour. imo it's one of the better brands.
1479,female,25-44,A,Didn't enjoy the aftertaste. imo it's one of the better brands. 😊
1480,male,65+,B,Meh. 😅
1481,female,65+,B,Super smooth taste. Delivery was really fast.
1482,female,45-64,B,Super smooth taste. Customer service was great too. 👌
1483,male,25-44,B,Taste is nice but it's a bit pricey. Hope you keep the quality consistent. 👎
1484,male,45-64,B,Worth every penny. imo it's one of the better brands. ❤️
1485,female,18-24,B,Works great with milk but black coffee isn't my favourite. ngl I expected more. 😍
1486,male,18-24,A,Very balanced flavour 👌
1487,male,45-64,B,Love this coffee. 😅
1488,male,25-44,B,Pretty good! ❤️
1489,female,25-44,A,Pretty good overall although I expected a stronger roast. ❤️
1490,female,65+,B,I'll definitely buy again. Hope you keep the quality consistent. 😅
1491,male,65+,A,Very balanced flavour ❤️
1492,male,45-64,A,Wouldn't buy again. Would love a decaf version. 😅
1493,female,45-64,A,Too bitter for me. Delivery was really fast. 😕
1494,male,18-24,A,Super smooth taste. Would recomend it to friends.
1495,male,45-64,B,Didn't enjoy the aftertaste.
1496,female,65+,A,Really enjoying Coffee X. imo it's one of the better brands. 😊
1497,female,65+,B,Bit disappointed 👌
1498,female,18-24,A,Taste is kinda weak. Hope you keep the quality consistent.
1499,female,18-24,B,Packaging looks premium but freshness could improve. Would love a decaf version. 😍
1500,female,65+,B,My morning feels incomplete without it. 👎
1501,male,25-44,A,Not as fesh as expected. Delivery was really fast.
1502,,,,Feedback
