id,gender,id,age,id,brand,RespondentID,Feedback
1,female,1,65+,1,A,1,Taste is nice but it's a bit pricey. Hope you keep the quality consistent.
2,female,2,65+,2,B,2,My morning feels incomplete without it. Customer service was gr8 too. 👍
3,female,3,65+,3,A,3,Love this coffee. Not bad at all tbh. 👎
4,male,4,45-64,4,A,4,Expected better 👍
5,female,5,45-64,5,A,5,Worth every penny. 😕
6,female,6,65+,6,B,6,Taste is nice but it's a bit pricey. Delivery was really fast. ☕
7,female,7,65+,7,B,7,Coffee arrived stale. Customer service was great too.
8,female,8,45-64,8,A,8,Packaging could be better. Please introduce more roast options. 🤔
9,male,9,18-24,9,B,9,Coffee arrived stale. Please introduce more roast options. 👎
10,male,10,65+,10,B,10,Coffee arrived stale. imo it's one of the better brands. 👌
11,female,11,45-64,11,B,11,Coffee arrived stale. Customer service was gr8 too.
12,female,12,18-24,12,A,12,Wouldn't buy again. 😕
13,male,13,25-44,13,A,13,Works great with milk but black coffee isn't my favourite. imo it's one of the better brands. 😋
14,female,14,45-64,14,A,14,Way too expensive. imo it's one of the better brands. 😋
15,female,15,65+,15,A,15,Meh. 🤔
16,male,16,45-64,16,A,16,Works great with milk but black coffee isn't my favourite. imo it's one of the better brands. ❤️
17,male,17,65+,17,A,17,"Love the aroma, not a fan of the aftertaste. 😍"
18,female,18,65+,18,A,18,Bit disappointed. Would recommend it to friends. 🤔
19,male,19,65+,19,A,19,Too bitter for me. ngl I expected more.
20,male,20,18-24,20,B,20,Expected better. Hope you keep the qualty consistent.
21,male,21,25-44,21,B,21,Best coffee I've had in a while. 🤔
22,female,22,18-24,22,B,22,Really enjoying Coffee X. Hope you keep the qualty consistent.
23,female,23,25-44,23,B,23,Bit disappointed. Please introduce more roast options. 😋
24,female,24,65+,24,A,24,Bit disappointed. Delivery was really fast.
25,female,25,25-44,25,B,25,Could be better. ☕
26,male,26,25-44,26,B,26,Way too expensive. Customer service was great too.
27,female,27,18-24,27,B,27,Very balanced flavour 👍
28,male,28,45-64,28,A,28,Works great with milk but black coffee isn't my favourite. 🤔
29,female,29,25-44,29,B,29,Coffee arrived stale. imo it's one of the better brands. ☕
30,male,30,18-24,30,A,30,The beans smell fantastic. Please introduce more roast options.
31,male,31,25-44,31,A,31,Works great with milk but black coffee isn't my favourite. Hope you keep the quality consistent.
32,female,32,65+,32,A,32,It's okay. 🤔
33,male,33,45-64,33,B,33,Meh. 👎
34,female,34,25-44,34,A,34,I'll definitely buy again 😕
35,female,35,25-44,35,B,35,Taste is kinda weak. Delivery was really fast.
36,male,36,18-24,36,B,36,rly enjoying Coffee X. Delivery was really fast. 👌
37,female,37,65+,37,A,37,Packaging looks premium but freshness could improve. Would love a decaf version. 😕
38,female,38,45-64,38,A,38,Didn't enjoy the aftertaste. I drink it every morning. 😍
39,female,39,25-44,39,B,39,Best coffee I've had in a while 😅
40,male,40,18-24,40,B,40,Pretty good overall although I expected a stronger roast. 😕
41,male,41,45-64,41,B,41,The beans smell fantastic. ngl I expected more. 👎
42,male,42,45-64,42,A,42,Works great with milk but black coffee isn't my favourite. Not bad at all tbh. 😕
43,male,43,25-44,43,A,43,Coffee arrived stale. Please introduce more roast options.
44,female,44,25-44,44,B,44,coffe arrived stale. 😅
45,female,45,25-44,45,B,45,Works great with milk but black coffe isn't my favourite. Delivery was really fast.
46,female,46,18-24,46,A,46,Worth every penny. Hope you keep the quality consistent. 😅
47,female,47,25-44,47,A,47,I'll definitely buy again. Customer service was great too.
48,female,48,45-64,48,A,48,"Love the aroma, not a fan of the aftertaste. Hope you keep the quality consistent."
49,female,49,25-44,49,B,49,Too bitter for me. Hope you keep the qualty consistent.
50,female,50,45-64,50,B,50,Coffee arrived stale. ngl I expected more.
51,male,51,25-44,51,A,51,Not as fresh as expected. I drink it every morning. ❤️
52,female,52,18-24,52,B,52,Love it ☕ 👎
53,female,53,65+,53,B,53,Really enjoying Coffee X. I drink it every morning. 👍
54,female,54,18-24,54,B,54,Way too expensive. imo it's one of the better brands.
55,female,55,45-64,55,B,55,Bit disappointed. Would recommend it to friends. ❤️
56,male,56,18-24,56,A,56,Love this coffee. imo it's one of the better brands. ❤️
57,female,57,25-44,57,A,57,The beans smell fantastic. I drink it every morning.
58,female,58,25-44,58,A,58,Didn't enjoy the aftertaste. Hope you keep the qualty consistent.
59,male,59,18-24,59,B,59,Best coffee I've had in a while ❤️
60,female,60,25-44,60,A,60,Bit disappointed. ngl I expected more. ❤️
61,female,61,45-64,61,B,61,Not as fresh as expected. Please introduce more roast options. 👍
62,male,62,18-24,62,A,62,Really enjoying Coffee X. I drink it every morning.
63,female,63,18-24,63,A,63,The beans smell fantastic. Would recommend it to friends. 😕
64,male,64,18-24,64,A,64,Taste is nice but it's a bit pricey. Would recommend it to friends. ❤️
65,female,65,25-44,65,B,65,Packaging looks premium but freshness could improve. 😋
66,male,66,45-64,66,B,66,Didn't enjoy the aftertaste. Delivery was really fast. ❤️
67,female,67,25-44,67,B,67,My morning feels incomplete without it. ngl I expected more. 😋
68,female,68,25-44,68,B,68,Wouldn't buy again. ngl I expected more.
69,male,69,65+,69,B,69,Expected better. Hope you keep the quality consistent.
70,female,70,18-24,70,A,70,Very balanced flavour. ngl I expected more. ☕
71,female,71,45-64,71,A,71,Not as fresh as expected. Delivery was really fast. ❤️
72,female,72,18-24,72,B,72,Works gr8 with milk but black cofee isn't my favourite. Hope you keep the quality consistent.
73,male,73,25-44,73,A,73,Amazing aroma. 👌
74,male,74,65+,74,A,74,My morning feels incomplete without it. Not bad at all tbh. 👍
75,male,75,45-64,75,B,75,Very balanced flavour. Customer service was gr8 too.
76,female,76,65+,76,A,76,realy enjoying Coffee X. Not bad at all tbh.
77,male,77,18-24,77,A,77,The beans smell fantastic. Would love a decaf version. 👍
78,female,78,45-64,78,B,78,Love it ☕ 🤔
79,female,79,18-24,79,B,79,Amazing 😍 😍
80,female,80,45-64,80,B,80,Really enjoying Coffee X. Hope you keep the quality consistent. 😅
81,female,81,45-64,81,B,81,Works great with milk but black cofee isn't my favourite.
82,male,82,18-24,82,B,82,Too bitter for me 😅
83,female,83,65+,83,A,83,Amazing 😍 😊
84,female,84,45-64,84,B,84,Coffee arrived stale 😋
85,male,85,18-24,85,A,85,"Love the aroma, not a fan of the aftertaste. Not bad at all tbh. 😍"
86,male,86,45-64,86,A,86,I'll definitely buy again. imo it's one of the better brands. 🤔
87,female,87,45-64,87,A,87,Pretty good overall although I expected a stronger roast. 😍
88,male,88,45-64,88,B,88,Taste is nice but it's a bit pricey. Customer service was great too. 👍
89,male,89,65+,89,A,89,Very balanced flavour 🤔
90,female,90,45-64,90,B,90,Bit disappointed. I drink it every morning. 🤔
91,female,91,65+,91,A,91,Too expensive 😕 😍
92,female,92,65+,92,B,92,I'll definitely buy again. I drink it every morning. 🤔
93,female,93,45-64,93,A,93,coffe arrived stale. imo it's one of the better brands.
94,female,94,45-64,94,B,94,It's okay. 😅
95,female,95,25-44,95,A,95,Pretty good overall although I expected a stronger roast. Delivery was really fast.
96,female,96,45-64,96,A,96,Amazing aroma. Would recommend it to friends. ❤️
97,male,97,65+,97,A,97,Way too expensive. ngl I expected more.
98,female,98,25-44,98,A,98,Works gr8 with milk but black coffee isn't my favourite. ❤️
99,male,99,25-44,99,A,99,Best coffee I've had in a while. ngl I expected more. 😍
100,male,100,45-64,100,B,100,Not bad. ☕
101,female,101,18-24,101,A,101,Packaging looks premium but freshness could improve. 😅
102,female,102,25-44,102,A,102,Wouldn't buy again. Please introduce more roast options.
103,female,103,25-44,103,B,103,I'll definitely buy again. Not bad at all tbh. 🤔
104,female,104,45-64,104,B,104,Love this coffee. imo it's one of the better brands. 😊
105,female,105,45-64,105,B,105,"Love the aroma, not a fan of the aftertaste. Would recommend it to friends."
106,female,106,18-24,106,B,106,I'll definitely buy again. ❤️
107,female,107,18-24,107,A,107,Way too expensive. Hope you keep the quality consistent. 😋
108,female,108,18-24,108,A,108,Amazing aroma. 👎
109,female,109,18-24,109,B,109,Really enjoying Coffee X. imo it's one of the better brands. 👎
110,female,110,65+,110,A,110,Not as fresh as expected. Hope you keep the quality consistent.
111,male,111,45-64,111,A,111,Works gr8 with milk but black coffee isn't my favourite. I drink it every morning. ☕
112,female,112,25-44,112,B,112,My morning feels incomplete without it 😋
113,male,113,18-24,113,B,113,Love this coffee. I drink it every morning. ❤️
114,female,114,18-24,114,B,114,Pretty good! 🤔
115,male,115,45-64,115,B,115,Very balanced flavour. Would recommend it to friends. 😋
116,male,116,18-24,116,A,116,Taste is kinda weak. Would love a decaf version. 👌
117,male,117,18-24,117,B,117,I'll definitely buy again. Not bad at all tbh. 😅
118,female,118,25-44,118,A,118,Very balanced flavour. Please introduce more roast options.
119,male,119,18-24,119,A,119,Didn't enjoy the aftertaste 😅
120,female,120,65+,120,B,120,Amazing 😍 ❤️
121,male,121,45-64,121,B,121,Taste is nice but it's a bit pricey. 👌
122,female,122,25-44,122,A,122,Amazing aroma 🤔
123,female,123,65+,123,A,123,Amazing 😍 😕
124,female,124,65+,124,B,124,Expected better. 🤔
125,male,125,18-24,125,B,125,The beans smell fantastic. Would reccomend it to friends. ☕
126,female,126,65+,126,B,126,Works gr8 with milk but black coffee isn't my favourite. 👍
127,male,127,65+,127,B,127,Taste is kinda weak. Customer service was great too. 🤔
128,female,128,25-44,128,A,128,Taste is nice but it's a bit pricey. 👍
129,female,129,45-64,129,A,129,Really enjoying Coffee X. Not bad at all tbh. 😅
130,female,130,65+,130,B,130,Didn't enjoy the aftertaste. Customer service was great too.
131,female,131,65+,131,A,131,Taste is nice but it's a bit pricey. Would recommend it to friends. 😍
132,male,132,18-24,132,B,132,Bit disappointed. Hope you keep the quality consistent. 👍
133,female,133,18-24,133,B,133,Expected better. Customer service was great too. 😅
134,male,134,65+,134,A,134,Best cofee I've had in a while 😕
135,male,135,65+,135,A,135,Packaging looks premium but freshness could improve. Would love a decaf version. 👌
136,female,136,65+,136,B,136,Didn't enjoy the aftertaste. Please introduce more roast options. 😋
137,female,137,65+,137,B,137,"Love the aroma, not a fan of the aftertaste. Please introduce more roast options. 😅"
138,female,138,45-64,138,A,138,Not as fesh as expected. Not bad at all tbh. ❤️
139,male,139,25-44,139,B,139,realy enjoying Coffee X. Please introduce more roast options.
140,female,140,65+,140,B,140,"Love the aroma, not a fan of the aftertaste. Would love a decaf version. 😋"
141,female,141,18-24,141,B,141,I'll definitely buy again 😅
142,male,142,65+,142,B,142,Really enjoying coffe X. Would recommend it to friends.
143,male,143,45-64,143,A,143,Expected better. ❤️
144,female,144,25-44,144,A,144,Best coffee I've had in a while. Customer service was great too.
145,female,145,18-24,145,A,145,Very balanced flavour 😋
146,female,146,25-44,146,A,146,I'll definitely buy again ❤️
147,female,147,65+,147,B,147,Too bitter for me. Not bad at all tbh. 😕
148,female,148,65+,148,A,148,Really enjoying Coffee X. Delivery was really fast. 😍
149,male,149,18-24,149,B,149,Coffee arrived stale. I drink it every morning.
150,male,150,25-44,150,B,150,Best cofee I've had in a while. Delivery was really fast. 👍
151,female,151,25-44,151,A,151,Worth every penny. ngl I expected more. 😕
152,female,152,18-24,152,B,152,Bit disappointed. Would recommend it to friends. 👎
153,male,153,65+,153,B,153,Love this cofee Please introduce more roast options.
154,female,154,45-64,154,A,154,Love this coffee 😊
155,male,155,25-44,155,A,155,Best cofee I've had in a while. Customer service was gr8 too.
156,male,156,25-44,156,B,156,Packaging could be better. Hope you keep the qualty consistent. 😊
157,male,157,18-24,157,B,157,Wouldn't buy again. ngl I expected more. ☕
158,male,158,65+,158,B,158,Works gr8 with milk but black coffee isn't my favourite. I drink it every morning.
159,female,159,25-44,159,B,159,Taste is nice but it's a bit pricey. Would love a decaf version. ☕
160,male,160,45-64,160,B,160,Pretty good overall although I expected a stronger roast. Would recommend it to friends. 🤔
161,female,161,45-64,161,A,161,Too expensive 😕 👍
162,male,162,65+,162,B,162,Taste is kinda weak 👍
163,female,163,65+,163,A,163,Taste is nice but it's a bit pricey. 👎
164,male,164,65+,164,A,164,Pretty good overall although I expected a stronger roast. Please introduce more roast options. 😅
165,male,165,65+,165,B,165,Too expensive 😕 😊
166,female,166,18-24,166,A,166,I'll definitely buy again. Not bad at all tbh.
167,female,167,18-24,167,A,167,Too bitter for me. ngl I expected more. 😅
168,male,168,65+,168,A,168,Coffee arrived stale. Would love a decaf version. 😊
169,female,169,18-24,169,B,169,Worth every penny. I drink it every morning.
170,female,170,45-64,170,B,170,Really enjoying coffe X
171,female,171,18-24,171,A,171,Expected better. imo it's one of the better brands. 😋
172,female,172,25-44,172,A,172,Packaging looks premium but freshness could improve. imo it's one of the better brands.
173,male,173,45-64,173,A,173,Amazing 😍 🤔
174,female,174,65+,174,B,174,The beans smell fantastic. 😕
175,male,175,45-64,175,A,175,The beans smell fantastic. ngl I expected more. 😋
176,female,176,25-44,176,A,176,Best coffee I've had in a while. Customer service was great too. 👎
177,male,177,65+,177,A,177,Not as fresh as expected. 😅
178,male,178,65+,178,A,178,Amazing aroma. Hope you keep the quality consistent. ❤️
179,male,179,18-24,179,B,179,Really enjoying Coffee X. ngl I expected more. 👌
180,male,180,25-44,180,B,180,Worth every penny. I drink it every morning. ☕
181,male,181,18-24,181,A,181,Packaging could be better. Delivery was rly fast.
182,male,182,65+,182,B,182,Really enjoying Coffee X. Not bad at all tbh. 😕
183,female,183,18-24,183,A,183,Bit disappointed. Please introduce more roast options. 👌
184,male,184,45-64,184,B,184,Expected better. Not bad at all tbh. ❤️
185,male,185,65+,185,B,185,Works great with milk but black coffee isn't my favourite. Would recommend it to friends.
186,female,186,45-64,186,A,186,Best coffee I've had in a while. Please introduce more roast options.
187,female,187,25-44,187,A,187,Expected better. Please introduce more roast options. 😍
188,male,188,65+,188,A,188,Wouldn't buy again. Would love a decaf version.
189,female,189,18-24,189,A,189,Amazing 😍 👌
190,female,190,45-64,190,B,190,"Love the aroma, not a fan of the aftertaste."
191,male,191,18-24,191,B,191,Too bitter for me. Not bad at all tbh. 👌
192,female,192,45-64,192,B,192,Worth every penny. Customer service was great too. 😅
193,female,193,25-44,193,A,193,The beans smell fantastic. 👍
194,female,194,25-44,194,B,194,"Love the aroma, not a fan of the aftertaste. Please introduce more roast options. 😕"
195,female,195,18-24,195,B,195,Really enjoying Coffee X. 😅
196,female,196,18-24,196,B,196,Bit disappointed. imo it's one of the better brands.
197,male,197,45-64,197,B,197,Worth every penny. Please introduce more roast options.
198,female,198,45-64,198,B,198,"Love the aroma, not a fan of the aftertaste. ngl I expected more. 👎"
199,male,199,45-64,199,A,199,Pretty good overall although I expected a stronger roast. Delivery was rly fast. 😊
200,female,200,65+,200,B,200,Super smooth taste. Delivery was really fast. 😋
201,female,201,18-24,201,B,201,My morning feels incomplete without it 😍
202,female,202,25-44,202,B,202,Taste is nice but it's a bit pricey. Delivery was really fast. 😕
203,female,203,45-64,203,B,203,Really enjoying Coffee X. Please introduce more roast options.
204,female,204,65+,204,A,204,Not as fresh as expected. Not bad at all tbh.
205,male,205,45-64,205,A,205,Amazing 😍
206,female,206,65+,206,A,206,10/10 ❤️ 👌
207,female,207,18-24,207,A,207,Way too expensive. Customer service was great too. 👎
208,male,208,18-24,208,B,208,Taste is kinda weak. Would love a decaf version. 😕
209,female,209,18-24,209,B,209,I'll definitely buy again. ngl I expected more. 😕
210,male,210,25-44,210,B,210,Not bad. 😍
211,female,211,25-44,211,A,211,The beans smell fantastic. 🤔
212,male,212,25-44,212,A,212,It's okay. 👌
213,female,213,18-24,213,A,213,Pretty good overall although I expected a stronger roast. Not bad at all tbh. ☕
214,female,214,65+,214,B,214,Wouldn't buy again. Not bad at all tbh.
215,male,215,45-64,215,B,215,Bit disappointed. imo it's one of the better brands. 👍
216,female,216,45-64,216,A,216,The beans smell fantastic
217,male,217,25-44,217,B,217,Best cofee I've had in a while. I drink it every morning.
218,female,218,45-64,218,A,218,Works great with milk but black cofee isn't my favourite. imo it's one of the better brands.
219,female,219,18-24,219,A,219,Didn't enjoy the aftertaste. Would recommend it to friends. 👍
220,male,220,25-44,220,A,220,Best cofee I've had in a while. Not bad at all tbh.
221,male,221,65+,221,A,221,Love this cofee 👍
222,male,222,18-24,222,B,222,Very balanced flavour. Not bad at all tbh. 😍
223,male,223,45-64,223,B,223,Coffee arrived stale
224,female,224,25-44,224,B,224,Super smooth taste. I drink it every morning. 👎
225,male,225,65+,225,B,225,Best coffe I've had in a while. 🤔
226,male,226,45-64,226,A,226,I'll definitely buy again. Would recommend it to friends. 👌
227,male,227,18-24,227,A,227,Love this coffee. Not bad at all tbh. 😍
228,female,228,65+,228,A,228,Too bitter for me. I drink it every morning. ❤️
229,female,229,65+,229,A,229,Love this coffee. Please introduce more roast options. 😅
230,male,230,45-64,230,A,230,I'll definitely buy again 👎
231,male,231,18-24,231,B,231,Yumm 😋 ☕
232,female,232,65+,232,B,232,Best cofee I've had in a while. 👍
233,female,233,25-44,233,B,233,Too bitter for me. Customer service was great too.
234,male,234,25-44,234,A,234,Bit disappointed. I drink it every morning. 😋
235,male,235,25-44,235,A,235,Really enjoying Coffee X. Please introduce more roast options. 🤔
236,male,236,65+,236,A,236,Super smooth taste. Delivery was really fast. ☕
237,female,237,65+,237,B,237,Way too expensive. Not bad at all tbh.
238,male,238,45-64,238,A,238,Expected better. 😕
239,male,239,65+,239,B,239,Really enjoying cofee X 😍
240,female,240,25-44,240,A,240,Best coffee I've had in a while. I drink it every morning. 👎
241,female,241,18-24,241,A,241,Expected better
242,female,242,25-44,242,A,242,10/10 ❤️ 😕
243,male,243,65+,243,B,243,Love it ☕
244,female,244,25-44,244,B,244,The beans smell fantastic. Customer service was great too. 👎
245,female,245,65+,245,B,245,Really enjoying Coffee X. Hope you keep the qualty consistent. 🤔
246,female,246,25-44,246,B,246,Wouldn't buy again. imo it's one of the better brands.
247,male,247,25-44,247,A,247,Works gr8 with milk but black coffee isn't my favourite. Customer service was gr8 too.
248,female,248,45-64,248,B,248,Amazing aroma. Delivery was really fast. ☕
249,female,249,45-64,249,A,249,I'll definitely buy again. Please introduce more roast options. 😕
250,female,250,65+,250,A,250,Taste is nice but it's a bit pricey. Would recommend it to friends. ☕
251,male,251,18-24,251,B,251,I'll definitely buy again. 😊
252,female,252,18-24,252,B,252,I'll definately buy again. Customer service was great too.
253,female,253,65+,253,B,253,The beans smell fantastic. I drink it every morning. 😕
254,male,254,25-44,254,B,254,Too bitter for me ☕
255,female,255,18-24,255,A,255,Amazing aroma. imo it's one of the better brands. ❤️
256,female,256,18-24,256,B,256,Taste is nice but it's a bit pricey. Would recommend it to friends. 😊
257,female,257,25-44,257,A,257,Taste is kinda weak 😍
258,female,258,45-64,258,A,258,Not as fresh as expected. ngl I expected more. ❤️
259,female,259,45-64,259,A,259,My morning feels incomplete without it. I drink it every morning.
260,male,260,45-64,260,A,260,I'll definitely buy again. Delivery was really fast.
261,female,261,65+,261,A,261,Very balanced flavour. Delivery was really fast.
262,male,262,45-64,262,B,262,I'll definetly buy again.
263,male,263,25-44,263,A,263,Best coffee I've had in a while. imo it's one of the better brands. 😅
264,female,264,45-64,264,B,264,Way too expensive. 🤔
265,female,265,25-44,265,A,265,Didn't enjoy the aftertaste. 😋
266,male,266,65+,266,A,266,Worth every penny. Delivery was really fast. 👌
267,male,267,45-64,267,B,267,Love this coffee. ngl I expected more. 🤔
268,female,268,65+,268,B,268,Super smooth taste. 😅
269,male,269,25-44,269,A,269,Very balanced flavour. Hope you keep the quality consistent.
270,female,270,45-64,270,B,270,Very balanced flavour. 😍
271,male,271,45-64,271,A,271,Works great with milk but black coffee isn't my favourite. Delivery was really fast. 😋
272,female,272,25-44,272,A,272,Best coffee I've had in a while. Not bad at all tbh. ☕
273,male,273,65+,273,A,273,Love this coffe Would recomend it to friends.
274,male,274,18-24,274,A,274,"Love the aroma, not a fan of the aftertaste. I drink it every morning."
275,male,275,18-24,275,B,275,realy enjoying Coffee X. Would recommend it to friends. 😊
276,female,276,18-24,276,A,276,Taste is nice but it's a bit pricey. Would recommend it to friends. 🤔
277,male,277,18-24,277,B,277,I'll definitely buy again. I drink it every morning. ☕
278,male,278,25-44,278,A,278,Worth every penny. Not bad at all tbh. 😅
279,male,279,25-44,279,A,279,Packaging could be better. Not bad at all tbh. 🤔
280,male,280,45-64,280,A,280,Amazing 😍 😋
281,male,281,65+,281,A,281,Could be better. 👎
282,male,282,65+,282,B,282,Best coffee I've had in a while. Please introduce more roast options. ☕
283,male,283,18-24,283,B,283,Bit disappointed. Would love a decaf version.
284,male,284,45-64,284,A,284,Worth every penny. I drink it every morning. 😕
285,female,285,18-24,285,A,285,Pretty good overall although I expected a stronger roast. Hope you keep the quality consistent. 😅
286,female,286,18-24,286,B,286,Taste is nice but it's a bit pricey. 😅
287,male,287,45-64,287,B,287,Coffee arrived stale. Customer service was great too. ☕
288,male,288,65+,288,A,288,It's okay. 😊
289,male,289,18-24,289,B,289,Best coffee I've had in a while. Please introduce more roast options. 👍
290,female,290,25-44,290,B,290,Worth every penny
291,female,291,25-44,291,A,291,Packaging looks premium but freshness could improve. Hope you keep the quality consistent. ❤️
292,male,292,25-44,292,B,292,The beans smell fantastic. imo it's one of the better brands. 👎
293,female,293,45-64,293,B,293,I'll definitely buy again. 😕
294,female,294,45-64,294,A,294,Wouldn't buy again. Not bad at all tbh. ❤️
295,female,295,25-44,295,A,295,I'll definitely buy again ☕
296,female,296,65+,296,B,296,Love it ☕ 😕
297,female,297,65+,297,B,297,Taste is kinda weak. Would recommend it to friends. 👍
298,female,298,18-24,298,A,298,Meh. ❤️
299,female,299,65+,299,B,299,My morning feels incomplete without it. Would recommend it to friends. 👌
300,female,300,25-44,300,B,300,Expected better. Delivery was really fast. 😋
301,female,301,65+,301,B,301,Really enjoying coffe X. ngl I expected more.
302,male,302,18-24,302,A,302,Amazing aroma. 😍
303,female,303,65+,303,A,303,Too bitter for me. Hope you keep the quality consistent. ☕
304,female,304,25-44,304,A,304,Pretty good overall although I expected a stronger roast.
305,female,305,65+,305,B,305,Amazing aroma. Delivery was realy fast.
306,female,306,25-44,306,B,306,Love this coffee. imo it's one of the better brands. 🤔
307,female,307,65+,307,A,307,Really enjoying Coffee X. imo it's one of the better brands. ☕
308,male,308,65+,308,A,308,Super smooth taste. imo it's one of the better brands. 😕
309,male,309,18-24,309,B,309,Bit disappointed. Would recommend it to friends. 😕
310,female,310,25-44,310,B,310,Best coffee I've had in a while ☕
311,male,311,45-64,311,A,311,The beans smell fantastic. I drink it every morning. 👍
312,male,312,25-44,312,B,312,realy enjoying Coffee X. 👌
313,male,313,18-24,313,B,313,Not as fesh as expected 😋
314,female,314,18-24,314,A,314,Taste is kinda weak. ❤️
315,female,315,45-64,315,A,315,The beans smell fantastic. Customer service was gr8 too.
316,male,316,25-44,316,B,316,I'll definitely buy again. Please introduce more roast options. ❤️
317,female,317,45-64,317,A,317,My morning feels incomplete without it. imo it's one of the better brands.
318,male,318,18-24,318,B,318,Best coffee I've had in a while. 😊
319,female,319,45-64,319,B,319,My morning feels incomplete without it. imo it's one of the better brands. 🤔
320,male,320,45-64,320,A,320,Not as fresh as expected. ngl I expected more. 😍
321,female,321,18-24,321,B,321,"Love the aroma, not a fan of the aftertaste. Customer service was great too. 😋"
322,female,322,65+,322,B,322,Best coffee I've had in a while. Would recommend it to friends.
323,male,323,65+,323,A,323,Taste is kinda weak. ngl I expected more. 😅
324,male,324,18-24,324,B,324,Best coffee I've had in a while. Would love a decaf version. 👌
325,female,325,65+,325,A,325,Works great with milk but black coffee isn't my favourite. I drink it every morning.
326,male,326,25-44,326,A,326,Too bitter for me. Please introduce more roast options. ❤️
327,male,327,18-24,327,B,327,Pretty good!
328,male,328,65+,328,B,328,Really enjoying cofee X.
329,male,329,18-24,329,A,329,Pretty good! 👎
330,female,330,25-44,330,B,330,Bit disappointed. Delivery was really fast. 👎
331,male,331,25-44,331,B,331,Pretty good overall although I expected a stronger roast. Not bad at all tbh. 🤔
332,female,332,45-64,332,A,332,Could be better. 🤔
333,male,333,25-44,333,A,333,Pretty good overall although I expected a stronger roast. Not bad at all tbh. 😋
334,female,334,65+,334,A,334,Really enjoying Coffee X. Customer service was great too.
335,male,335,45-64,335,A,335,Wouldn't buy again. ngl I expected more. 😍
336,male,336,18-24,336,A,336,Amazing aroma. Delivery was really fast.
337,female,337,45-64,337,B,337,Amazing aroma. 🤔
338,male,338,18-24,338,A,338,Way too expensive. 👌
339,female,339,18-24,339,B,339,Love this coffee. Please introduce more roast options. 😍
340,male,340,45-64,340,B,340,rly enjoying Coffee X. imo it's one of the better brands. 😋
341,female,341,25-44,341,B,341,Taste is kinda weak. Would recommend it to friends.
342,female,342,65+,342,A,342,Packaging could be better. Please introduce more roast options. 😕
343,male,343,45-64,343,A,343,Really enjoying Coffee X. 😋
344,male,344,18-24,344,A,344,Taste is kinda weak. 🤔
345,female,345,25-44,345,B,345,Wouldn't buy again. 😅
346,female,346,18-24,346,A,346,Didn't enjoy the aftertaste. imo it's one of the better brands. 👍
347,male,347,65+,347,A,347,Super smooth taste 😕
348,female,348,25-44,348,A,348,Best coffee I've had in a while. ngl I expected more.
349,female,349,18-24,349,B,349,Love this coffee. Would reccomend it to friends.
350,male,350,65+,350,A,350,"Love the aroma, not a fan of the aftertaste. Not bad at all tbh."
351,male,351,18-24,351,A,351,Bit disappointed. Not bad at all tbh.
352,female,352,25-44,352,B,352,Amazing 😍 👍
353,male,353,45-64,353,A,353,I'll definitely buy again. Would recommend it to friends.
354,male,354,18-24,354,A,354,Amazing aroma. ngl I expected more. 🤔
355,female,355,45-64,355,B,355,Works great with milk but black coffee isn't my favourite. 😋
356,female,356,65+,356,B,356,Taste is nice but it's a bit pricey. imo it's one of the better brands. 😊
357,male,357,65+,357,B,357,Love this coffee. Delivery was really fast. 😊
358,male,358,65+,358,A,358,Expected better. Not bad at all tbh.
359,female,359,45-64,359,B,359,Didn't enjoy the aftertaste. Not bad at all tbh. 🤔
360,female,360,18-24,360,B,360,My morning feels incomplete without it. Would recommend it to friends. 😊
361,male,361,65+,361,B,361,Worth every penny 😋
362,male,362,65+,362,B,362,Taste is kinda weak. imo it's one of the better brands. 🤔
363,male,363,65+,363,B,363,Taste is kinda weak ❤️
364,female,364,45-64,364,A,364,Taste is nice but it's a bit pricey. ngl I expected more.
365,male,365,18-24,365,A,365,Love it ☕ ☕
366,male,366,18-24,366,A,366,Best coffee I've had in a while. Would love a decaf version. 👎
367,female,367,45-64,367,B,367,Very balanced flavour. imo it's one of the better brands. 😅
368,male,368,45-64,368,B,368,Too bitter for me. Please introduce more roast options. 😕
369,female,369,45-64,369,B,369,Pretty good overall although I expected a stronger roast. ngl I expected more. ❤️
370,male,370,18-24,370,B,370,Very balanced flavour. Hope you keep the quality consistent. ❤️
371,male,371,45-64,371,B,371,Amazing aroma. Customer service was great too. 😍
372,female,372,25-44,372,B,372,Very balanced flavour. Not bad at all tbh.
373,male,373,65+,373,A,373,Love it ☕ 😋
374,female,374,65+,374,A,374,Not bad. 😊
375,female,375,18-24,375,B,375,The beans smell fantastic. Not bad at all tbh. 👎
376,male,376,25-44,376,A,376,Taste is kinda weak. Customer service was great too.
377,male,377,65+,377,A,377,Really enjoying Coffee X. Delivery was really fast.
378,female,378,65+,378,B,378,Packaging looks premium but freshness could improve. 😊
379,male,379,25-44,379,A,379,Expected better. Customer service was great too.
380,female,380,65+,380,B,380,Packaging looks premium but freshness could improve. Delivery was really fast.
381,male,381,18-24,381,A,381,Wouldn't buy again 🤔
382,male,382,65+,382,A,382,Coffee arrived stale. 👍
383,male,383,25-44,383,A,383,Packaging looks premium but freshness could improve. Please introduce more roast options. 👍
384,female,384,45-64,384,A,384,Works gr8 with milk but black coffe isn't my favourite. Would recommend it to friends.
385,female,385,18-24,385,B,385,Taste is nice but it's a bit pricey. ngl I expected more. ❤️
386,female,386,45-64,386,B,386,The beans smell fantastic. Hope you keep the qualty consistent.
387,male,387,25-44,387,B,387,I'll definitely buy again. Hope you keep the quality consistent. 😋
388,female,388,45-64,388,B,388,"Love the aroma, not a fan of the aftertaste. Customer service was great too. 😕"
389,female,389,18-24,389,A,389,Not as fresh as expected. Customer service was great too. 👎
390,male,390,18-24,390,B,390,Didn't enjoy the aftertaste. ngl I expected more.
391,male,391,45-64,391,B,391,Not bad. 😋
392,female,392,25-44,392,B,392,Taste is nice but it's a bit pricey. I drink it every morning.
393,female,393,45-64,393,B,393,Love this coffee. imo it's one of the better brands. 👌
394,male,394,65+,394,A,394,Taste is nice but it's a bit pricey. Delivery was really fast. 😋
395,male,395,65+,395,B,395,Taste is nice but it's a bit pricey. I drink it every morning. ❤️
396,male,396,45-64,396,B,396,Packaging could be better. ngl I expected more. ❤️
397,female,397,45-64,397,A,397,Works great with milk but black coffee isn't my favourite. 😍
398,female,398,18-24,398,A,398,Really enjoying Coffee X. Would love a decaf version. 😅
399,male,399,25-44,399,B,399,Too bitter for me. Customer service was great too. 👌
400,male,400,65+,400,A,400,Taste is kinda weak.
401,male,401,45-64,401,A,401,Really enjoying Coffee X. 😍
402,female,402,25-44,402,B,402,Way too expensive. Would love a decaf version. ❤️
403,female,403,18-24,403,A,403,Amazing aroma. Please introduce more roast options.
404,male,404,25-44,404,B,404,"Love the aroma, not a fan of the aftertaste. Would love a decaf version. 😅"
405,male,405,45-64,405,A,405,Worth every penny. Would recommend it to friends.
406,female,406,18-24,406,A,406,Bit disappointed. 😊
407,female,407,25-44,407,B,407,Very balanced flavour. Would love a decaf version. 🤔
408,male,408,18-24,408,B,408,Works great with milk but black cofee isn't my favourite. Not bad at all tbh.
409,male,409,45-64,409,B,409,Pretty good overall although I expected a stronger roast. Please introduce more roast options. 🤔
410,male,410,25-44,410,A,410,Really enjoying cofee X. imo it's one of the better brands. ❤️
411,female,411,18-24,411,A,411,Packaging could be better
412,male,412,25-44,412,B,412,Taste is nice but it's a bit pricey. Delivery was really fast.
413,female,413,25-44,413,B,413,Really enjoying Coffee X. I drink it every morning. 😅
414,female,414,65+,414,A,414,Way too expensive. Would love a decaf version. 😋
415,female,415,25-44,415,B,415,Really enjoying cofee X. 😊
416,male,416,45-64,416,A,416,Amazing aroma 👌
417,male,417,65+,417,B,417,Works great with milk but black coffee isn't my favourite. Not bad at all tbh. 😊
418,female,418,25-44,418,B,418,Pretty good overall although I expected a stronger roast. Not bad at all tbh.
419,female,419,18-24,419,A,419,cofee arrived stale. Would recommend it to friends.
420,female,420,45-64,420,A,420,Pretty good overall although I expected a stronger roast. Would love a decaf version.
421,female,421,18-24,421,A,421,Taste is kinda weak ☕
422,female,422,18-24,422,A,422,Coffee arrived stale. imo it's one of the better brands.
423,female,423,18-24,423,A,423,Packaging looks premium but freshness could improve. ngl I expected more. 😍
424,female,424,65+,424,B,424,Taste is kinda weak. 😅
425,male,425,45-64,425,A,425,Worth every penny. Would recommend it to friends. 🤔
426,female,426,18-24,426,B,426,Pretty good overall although I expected a stronger roast. ngl I expected more.
427,male,427,65+,427,A,427,My morning feels incomplete without it. 😅
428,female,428,25-44,428,A,428,Best coffee I've had in a while 😍
429,male,429,18-24,429,B,429,My morning feels incomplete without it. 👌
430,male,430,65+,430,A,430,Didn't enjoy the aftertaste. Would love a decaf version.
431,male,431,18-24,431,B,431,"Love the aroma, not a fan of the aftertaste. imo it's one of the better brands."
432,female,432,25-44,432,A,432,Pretty good! 😅
433,male,433,25-44,433,A,433,Too bitter for me. Customer service was great too. 😋
434,male,434,25-44,434,A,434,Love this coffee. ngl I expected more. 👌
435,male,435,18-24,435,A,435,Worth every penny.
436,female,436,25-44,436,B,436,Worth every penny ❤️
437,female,437,45-64,437,B,437,Worth every penny. 🤔
438,male,438,65+,438,B,438,I'll definitely buy again. Would love a decaf version.
439,male,439,65+,439,B,439,Works great with milk but black coffee isn't my favourite. Delivery was really fast. 😍
440,female,440,65+,440,B,440,Works great with milk but black coffee isn't my favourite. Delivery was really fast.
441,male,441,45-64,441,B,441,Best coffee I've had in a while. 👌
442,male,442,25-44,442,A,442,Packaging looks premium but freshness could improve. Hope you keep the quality consistent.
443,male,443,45-64,443,A,443,Packaging could be better ❤️
444,male,444,45-64,444,A,444,Taste is nice but it's a bit pricey. 😍
445,female,445,25-44,445,B,445,Packaging looks premium but freshness could improve. Customer service was great too. 😅
446,male,446,45-64,446,A,446,Love this coffee. Customer service was gr8 too. 😊
447,female,447,45-64,447,A,447,Bit disappointed. ❤️
448,female,448,65+,448,B,448,Pretty good overall although I expected a stronger roast. Delivery was really fast. 👎
449,female,449,25-44,449,B,449,Very balanced flavour. Would love a decaf version.
450,male,450,45-64,450,A,450,Very balanced flavour. Hope you keep the quality consistent. 👍
451,male,451,45-64,451,B,451,Bit disappointed. Hope you keep the quality consistent. 😕
452,female,452,25-44,452,B,452,Way too expensive. I drink it every morning.
453,male,453,45-64,453,B,453,Best coffe I've had in a while. Hope you keep the quality consistent.
454,female,454,18-24,454,B,454,Taste is nice but it's a bit pricey. 🤔
455,male,455,45-64,455,A,455,Didn't enjoy the aftertaste 😋
456,female,456,18-24,456,A,456,Love this coffee 👎
457,male,457,25-44,457,A,457,The beans smell fantastic. imo it's one of the better brands.
458,male,458,25-44,458,B,458,Packaging looks premium but freshness could improve. Hope you keep the quality consistent. 😅
459,female,459,25-44,459,A,459,It's okay. 😋
460,female,460,65+,460,B,460,Worth every penny. Not bad at all tbh. 👎
461,male,461,45-64,461,B,461,Wouldn't buy again. 😍
462,female,462,45-64,462,B,462,Works great with milk but black coffee isn't my favourite. Customer service was gr8 too.
463,male,463,18-24,463,B,463,It's okay. ❤️
464,female,464,45-64,464,A,464,Amazing aroma. I drink it every morning. 👍
465,male,465,18-24,465,B,465,Not as fresh as expected. Delivery was really fast.
466,male,466,65+,466,B,466,Amazing aroma. Delivery was really fast. 😍
467,male,467,18-24,467,A,467,Bit disappointed
468,male,468,18-24,468,B,468,My morning feels incomplete without it 😕
469,male,469,18-24,469,A,469,Love this coffee. ngl I expected more.
470,female,470,45-64,470,B,470,I'll definitely buy again. I drink it every morning. 😋
471,male,471,25-44,471,A,471,Coffee arrived stale. 🤔
472,female,472,65+,472,B,472,I'll definitely buy again. I drink it every morning. 😊
473,female,473,65+,473,A,473,Packaging could be better. Not bad at all tbh.
474,female,474,25-44,474,A,474,Didn't enjoy the aftertaste. Not bad at all tbh.
475,female,475,25-44,475,B,475,Super smooth taste. imo it's one of the better brands. 😍
476,male,476,65+,476,A,476,Very balanced flavour. ngl I expected more. 😊
477,female,477,65+,477,A,477,Expected better. ngl I expected more.
478,male,478,25-44,478,B,478,Bit disappointed 👎
479,male,479,18-24,479,A,479,Pretty good overall although I expected a stronger roast. ngl I expected more. 🤔
480,female,480,65+,480,A,480,Pretty good! 👍
481,female,481,18-24,481,A,481,It's okay. ☕
482,female,482,45-64,482,A,482,Taste is nice but it's a bit pricey. Would love a decaf version. 🤔
483,male,483,25-44,483,A,483,Worth every penny. 😅
484,male,484,25-44,484,A,484,Taste is nice but it's a bit pricey. 😕
485,male,485,25-44,485,B,485,Packaging could be better. Would recommend it to friends. 👎
486,male,486,18-24,486,B,486,Works great with milk but black coffee isn't my favourite. ngl I expected more. 😕
487,male,487,25-44,487,A,487,"Love the aroma, not a fan of the aftertaste. Not bad at all tbh. 👎"
488,female,488,65+,488,B,488,Very balanced flavour. Delivery was really fast. 😅
489,male,489,25-44,489,B,489,Amazing aroma. I drink it every morning.
490,female,490,45-64,490,A,490,Love this coffee. Customer service was great too. 😍
491,female,491,65+,491,B,491,Not as fesh as expected. Would love a decaf version. 🤔
492,male,492,25-44,492,B,492,Very balanced flavour. Would recommend it to friends.
493,female,493,18-24,493,B,493,Super smooth taste. Would recommend it to friends.
494,female,494,65+,494,A,494,Wouldn't buy again. Delivery was really fast.
495,female,495,65+,495,A,495,Works gr8 with milk but black coffee isn't my favourite. 🤔
496,female,496,45-64,496,B,496,Works gr8 with milk but black coffee isn't my favourite. Would recommend it to friends.
497,male,497,25-44,497,B,497,Taste is nice but it's a bit pricey. Not bad at all tbh. 👌
498,male,498,45-64,498,B,498,Didn't enjoy the aftertaste. Please introduce more roast options.
499,female,499,18-24,499,A,499,Way too expensive. Would reccomend it to friends.
500,female,500,65+,500,B,500,Didn't enjoy the aftertaste. I drink it every morning. ❤️
501,male,501,25-44,501,A,501,Way too expensive 👌
502,male,502,18-24,502,B,502,Coffee arrived stale. Would love a decaf version.
503,male,503,18-24,503,A,503,Really enjoying Coffee X. 🤔
504,male,504,65+,504,B,504,Too bitter for me. Delivery was really fast.
505,female,505,18-24,505,B,505,I'll definitely buy again. imo it's one of the better brands.
506,female,506,45-64,506,B,506,"Love the aroma, not a fan of the aftertaste. 😊"
507,male,507,65+,507,A,507,Super smooth taste. 🤔
508,female,508,18-24,508,B,508,Love it ☕ 👍
509,female,509,65+,509,B,509,Worth every penny. I drink it every morning. 🤔
510,female,510,65+,510,A,510,Works gr8 with milk but black coffee isn't my favourite. imo it's one of the better brands.
511,male,511,25-44,511,B,511,Really enjoying Coffee X. Hope you keep the quality consistent.
512,male,512,65+,512,B,512,Too bitter for me. Would love a decaf version. 👍
513,female,513,25-44,513,A,513,rly enjoying Coffee X
514,female,514,25-44,514,B,514,Best coffee I've had in a while. Hope you keep the qualty consistent.
515,male,515,18-24,515,B,515,Really enjoying coffe X. Delivery was really fast.
516,male,516,45-64,516,B,516,realy enjoying coffe X. Hope you keep the quality consistent. 👍
517,male,517,25-44,517,A,517,My morning feels incomplete without it. Customer service was great too.
518,female,518,65+,518,B,518,Wouldn't buy again. Hope you keep the quality consistent. ☕
519,male,519,25-44,519,B,519,Pretty good overall although I expected a stronger roast. Would love a decaf version. ❤️
520,female,520,65+,520,B,520,Worth every penny. imo it's one of the better brands. 👍
521,female,521,45-64,521,B,521,Amazing aroma. ngl I expected more. 😋
522,male,522,45-64,522,B,522,Could be better. 👍
523,male,523,18-24,523,B,523,Not as fresh as expected. Delivery was really fast. 😅
524,male,524,18-24,524,B,524,Pretty good overall although I expected a stronger roast. 👍
525,male,525,65+,525,A,525,Packaging looks premium but freshness could improve. Not bad at all tbh. ❤️
526,male,526,45-64,526,B,526,Coffee arrived stale. Delivery was really fast. 👎
527,male,527,45-64,527,B,527,I'll definitely buy again. Hope you keep the qualty consistent. 😊
528,female,528,65+,528,A,528,Super smooth taste. imo it's one of the better brands. 👍
529,female,529,45-64,529,A,529,Didn't enjoy the aftertaste. Customer service was great too. 😊
530,female,530,25-44,530,B,530,Taste is nice but it's a bit pricey. Customer service was great too.
531,male,531,45-64,531,B,531,Taste is nice but it's a bit pricey. Not bad at all tbh. ☕
532,female,532,18-24,532,A,532,Taste is kinda weak. Customer service was great too. ☕
533,male,533,65+,533,B,533,Pretty good overall although I expected a stronger roast. Customer service was great too. 😋
534,female,534,45-64,534,B,534,Really enjoying Coffee X. Delivery was really fast. 🤔
535,male,535,18-24,535,A,535,"Love the aroma, not a fan of the aftertaste. Customer service was great too. 😊"
536,female,536,65+,536,A,536,Best coffee I've had in a while.
537,male,537,25-44,537,B,537,Didn't enjoy the aftertaste. I drink it every morning.
538,male,538,25-44,538,B,538,Love this coffee. Would recommend it to friends.
539,male,539,65+,539,B,539,Taste is nice but it's a bit pricey. Not bad at all tbh. 😕
540,male,540,45-64,540,A,540,Amazing aroma. Customer service was gr8 too.
541,female,541,45-64,541,B,541,Could be better. 😋
542,female,542,25-44,542,A,542,The beans smell fantastic 🤔
543,female,543,45-64,543,B,543,My morning feels incomplete without it. 😋
544,female,544,18-24,544,B,544,The beans smell fantastic. 👎
545,male,545,45-64,545,B,545,Too bitter for me 👌
546,female,546,65+,546,B,546,Taste is nice but it's a bit pricey. ngl I expected more. 👍
547,female,547,45-64,547,B,547,Works great with milk but black coffee isn't my favourite. 👎
548,female,548,65+,548,A,548,Really enjoying Coffee X. Would love a decaf version.
549,female,549,25-44,549,B,549,"Love the aroma, not a fan of the aftertaste. Delivery was really fast."
550,female,550,65+,550,B,550,Works great with milk but black coffee isn't my favourite. ngl I expected more. 😅
551,male,551,45-64,551,B,551,Love this coffee. I drink it every morning. 👌
552,male,552,18-24,552,B,552,Worth every penny. I drink it every morning. 👌
553,male,553,18-24,553,A,553,Way too expensive. Would recommend it to friends.
554,male,554,25-44,554,A,554,Love this coffee. Not bad at all tbh. 😕
555,male,555,45-64,555,B,555,Worth every penny. Hope you keep the quality consistent. ☕
556,male,556,18-24,556,B,556,Best coffee I've had in a while. Hope you keep the quality consistent.
557,female,557,18-24,557,B,557,Bit disappointed. Would love a decaf version. ☕
558,female,558,45-64,558,B,558,Not as fresh as expected 😍
559,female,559,45-64,559,B,559,Too bitter for me. Delivery was really fast. 👌
560,female,560,25-44,560,B,560,Not as fresh as expected. Would love a decaf version. 😊
561,female,561,65+,561,A,561,Could be better. 👌
562,female,562,25-44,562,B,562,Too bitter for me. Not bad at all tbh. 😍
563,female,563,45-64,563,A,563,Coffee arrived stale. Delivery was really fast.
564,female,564,18-24,564,A,564,Packaging could be better. Delivery was really fast. 😋
565,male,565,65+,565,A,565,Taste is nice but it's a bit pricey. I drink it every morning. 👌
566,female,566,45-64,566,B,566,Super smooth taste. 😋
567,female,567,25-44,567,B,567,The beans smell fantastic. Hope you keep the quality consistent.
568,male,568,25-44,568,A,568,Worth every penny 👌
569,male,569,25-44,569,B,569,Best cofee I've had in a while
570,male,570,65+,570,A,570,Expected better. 😅
571,male,571,25-44,571,A,571,Taste is kinda weak. imo it's one of the better brands. 👌
572,female,572,25-44,572,A,572,Amazing aroma. Hope you keep the quality consistent.
573,male,573,25-44,573,B,573,Really enjoying coffe X.
574,female,574,65+,574,A,574,Not as fresh as expected
575,male,575,65+,575,B,575,"Love the aroma, not a fan of the aftertaste. 👎"
576,female,576,25-44,576,B,576,Not as fesh as expected. Hope you keep the quality consistent.
577,female,577,65+,577,A,577,Pretty good overall although I expected a stronger roast. Not bad at all tbh. 😊
578,female,578,45-64,578,B,578,Not as fresh as expected. Customer service was great too. 😋
579,female,579,45-64,579,B,579,Expected better. ngl I expected more. 😍
580,male,580,18-24,580,A,580,Worth every penny. imo it's one of the better brands.
581,female,581,25-44,581,A,581,Taste is nice but it's a bit pricey. Delivery was really fast. 🤔
582,female,582,45-64,582,B,582,Wouldn't buy again. 👎
583,female,583,18-24,583,A,583,"Love the aroma, not a fan of the aftertaste. 🤔"
584,male,584,25-44,584,A,584,Taste is nice but it's a bit pricey. 😋
585,male,585,65+,585,A,585,Packaging could be better. Delivery was really fast. ☕
586,male,586,18-24,586,A,586,Works gr8 with milk but black coffee isn't my favourite. ngl I expected more.
587,male,587,18-24,587,A,587,Best coffee I've had in a while. imo it's one of the better brands. 👎
588,female,588,18-24,588,B,588,Not as fresh as expected. ngl I expected more. 😊
589,female,589,45-64,589,B,589,Expected better. Customer service was great too. ❤️
590,female,590,45-64,590,B,590,Taste is kinda weak. imo it's one of the better brands.
591,female,591,18-24,591,A,591,The beans smell fantastic. ngl I expected more. 😍
592,male,592,45-64,592,B,592,Pretty good! 👌
593,male,593,65+,593,A,593,Best coffee I've had in a while. Would love a decaf version.
594,male,594,45-64,594,A,594,Love this coffee 😕
595,male,595,25-44,595,A,595,Not as fesh as expected. 😋
596,male,596,65+,596,A,596,Works great with milk but black cofee isn't my favourite. Would recommend it to friends. 👍
597,male,597,45-64,597,A,597,Works great with milk but black cofee isn't my favourite. 👌
598,male,598,45-64,598,A,598,The beans smell fantastic. I drink it every morning. 😅
599,male,599,18-24,599,A,599,Packaging looks premium but freshness could improve. 👍
600,male,600,65+,600,A,600,"Love the aroma, not a fan of the aftertaste. ngl I expected more. ☕"
601,female,601,65+,601,A,601,Not bad.
602,female,602,65+,602,A,602,Amazing aroma. Delivery was really fast. 😅
603,male,603,25-44,603,B,603,Packaging looks premium but freshness could improve. ❤️
604,male,604,45-64,604,A,604,Pretty good overall although I expected a stronger roast. ☕
605,male,605,65+,605,B,605,I'll definitely buy again. ngl I expected more. 👎
606,female,606,25-44,606,B,606,Wouldn't buy again.
607,male,607,25-44,607,A,607,Packaging looks premium but freshness could improve. Would love a decaf version.
608,female,608,18-24,608,B,608,Too bitter for me. Not bad at all tbh.
609,female,609,25-44,609,A,609,Love this coffe Delivery was really fast. 😍
610,female,610,18-24,610,B,610,Very balanced flavour. Delivery was realy fast. 😊
611,male,611,25-44,611,B,611,Works great with milk but black coffe isn't my favourite. 😍
612,male,612,45-64,612,B,612,Really enjoying Coffee X. Would recommend it to friends. 😕
613,female,613,45-64,613,B,613,Way too expensive. ❤️
614,female,614,45-64,614,B,614,Expected better.
615,male,615,65+,615,B,615,Love this coffee. Please introduce more roast options.
616,female,616,65+,616,A,616,Amazing aroma. Delivery was rly fast. 😅
617,male,617,45-64,617,B,617,I'll definitely buy again 👌
618,female,618,18-24,618,B,618,Pretty good overall although I expected a stronger roast. imo it's one of the better brands. 👍
619,female,619,18-24,619,A,619,I'll definitely buy again. Please introduce more roast options.
620,male,620,45-64,620,B,620,Coffee arrived stale. I drink it every morning. 😕
621,female,621,18-24,621,A,621,Bit disappointed. 🤔
622,male,622,25-44,622,A,622,Wouldn't buy again. Not bad at all tbh. ☕
623,male,623,45-64,623,B,623,Too bitter for me. imo it's one of the better brands.
624,male,624,25-44,624,A,624,Love this coffe 👌
625,female,625,25-44,625,A,625,"Love the aroma, not a fan of the aftertaste. Would love a decaf version. ❤️"
626,male,626,18-24,626,A,626,Really enjoying Coffee X. I drink it every morning. 👎
627,male,627,25-44,627,A,627,Love this cofee
628,male,628,65+,628,B,628,Packaging looks premium but freshness could improve. 👌
629,male,629,65+,629,A,629,Super smooth taste. Hope you keep the quality consistent. 😋
630,female,630,18-24,630,B,630,My morning feels incomplete without it.
631,female,631,25-44,631,A,631,Taste is nice but it's a bit pricey. Please introduce more roast options. 👎
632,male,632,18-24,632,A,632,Not as fresh as expected 😋
633,male,633,45-64,633,B,633,10/10 ❤️ 😅
634,female,634,45-64,634,A,634,Works gr8 with milk but black coffee isn't my favourite. Hope you keep the quality consistent. 👌
635,female,635,18-24,635,B,635,Really enjoying Coffee X. Hope you keep the quality consistent. ❤️
636,female,636,25-44,636,A,636,Really enjoying Coffee X. Not bad at all tbh. 👌
637,male,637,18-24,637,A,637,Too bitter for me
638,female,638,25-44,638,A,638,Worth every penny. ngl I expected more. ☕
639,male,639,18-24,639,A,639,The beans smell fantastic 😍
640,female,640,65+,640,B,640,My morning feels incomplete without it. Delivery was rly fast.
641,male,641,45-64,641,A,641,Taste is kinda weak. 😕
642,male,642,18-24,642,B,642,Really enjoying Coffee X.
643,male,643,65+,643,A,643,Works great with milk but black coffee isn't my favourite. Would reccomend it to friends.
644,female,644,65+,644,A,644,Too bitter for me. Delivery was really fast. 👍
645,female,645,65+,645,A,645,Works great with milk but black coffee isn't my favourite. I drink it every morning. 😊
646,female,646,25-44,646,A,646,The beans smell fantastic. ngl I expected more. 🤔
647,male,647,25-44,647,B,647,Super smooth taste. Not bad at all tbh. 🤔
648,female,648,25-44,648,A,648,Packaging could be better. I drink it every morning.
649,female,649,45-64,649,B,649,"Love the aroma, not a fan of the aftertaste. ☕"
650,male,650,18-24,650,B,650,The beans smell fantastic. Would recommend it to friends. ☕
651,male,651,18-24,651,A,651,Didn't enjoy the aftertaste. I drink it every morning. 😅
652,male,652,18-24,652,B,652,Not as fresh as expected. Not bad at all tbh. ☕
653,male,653,25-44,653,A,653,The beans smell fantastic. 😍
654,male,654,18-24,654,A,654,Amazing aroma. imo it's one of the better brands.
655,male,655,65+,655,A,655,Best cofee I've had in a while. imo it's one of the better brands.
656,male,656,18-24,656,B,656,Packaging could be better. Would love a decaf version. 👍
657,female,657,25-44,657,B,657,Pretty good overall although I expected a stronger roast. imo it's one of the better brands.
658,female,658,18-24,658,A,658,My morning feels incomplete without it. I drink it every morning. 👎
659,female,659,45-64,659,A,659,I'll definitely buy again. I drink it every morning.
660,male,660,45-64,660,B,660,Best coffee I've had in a while. Customer service was great too. 👌
661,male,661,65+,661,A,661,Love this coffee. Customer service was great too.
662,female,662,65+,662,B,662,Taste is nice but it's a bit pricey. Please introduce more roast options. 👌
663,female,663,65+,663,B,663,I'll definitely buy again. Would love a decaf version. 👎
664,male,664,18-24,664,A,664,Wouldn't buy again. 👍
665,male,665,18-24,665,A,665,Love this coffee. 👍
666,male,666,25-44,666,B,666,Really enjoying Coffee X. Would love a decaf version. 😋
667,female,667,18-24,667,A,667,Too bitter for me. Hope you keep the quality consistent.
668,female,668,18-24,668,B,668,Love this coffee. 😊
669,male,669,18-24,669,A,669,Packaging looks premium but freshness could improve. imo it's one of the better brands. 😊
670,male,670,18-24,670,B,670,Amazing aroma. Please introduce more roast options. 😅
671,male,671,25-44,671,B,671,The beans smell fantastic 👎
672,female,672,18-24,672,A,672,Best cofee I've had in a while. Would love a decaf version.
673,female,673,45-64,673,A,673,I'll definitely buy again. Would reccomend it to friends. 😍
674,male,674,25-44,674,A,674,Too bitter for me 😕
675,female,675,25-44,675,A,675,Coffee arrived stale. Hope you keep the quality consistent.
676,female,676,65+,676,B,676,Way too expensive. ngl I expected more. 😊
677,male,677,65+,677,A,677,Taste is nice but it's a bit pricey. Delivery was realy fast.
678,female,678,65+,678,A,678,I'll definitely buy again. Please introduce more roast options. 😊
679,male,679,18-24,679,B,679,Love this coffe Not bad at all tbh.
680,female,680,18-24,680,B,680,Taste is kinda weak. Delivery was really fast. ❤️
681,male,681,18-24,681,B,681,Really enjoying Coffee X 😍
682,female,682,18-24,682,A,682,Expected better. Would love a decaf version. 😅
683,female,683,65+,683,B,683,Yumm 😋 🤔
684,male,684,45-64,684,B,684,Packaging looks premium but freshness could improve. Customer service was great too.
685,male,685,65+,685,A,685,Didn't enjoy the aftertaste. 😊
686,female,686,25-44,686,B,686,Wouldn't buy again. imo it's one of the better brands. 😕
687,male,687,18-24,687,B,687,Pretty good! ☕
688,female,688,25-44,688,A,688,The beans smell fantastic. Hope you keep the quality consistent. 😕
689,male,689,18-24,689,A,689,The beans smell fantastic. Delivery was really fast. 👎
690,male,690,65+,690,B,690,Really enjoying Coffee X. 👍
691,female,691,18-24,691,B,691,Didn't enjoy the aftertaste. 😕
692,female,692,25-44,692,A,692,Too bitter for me. 😍
693,female,693,25-44,693,B,693,Packaging could be better. ❤️
694,female,694,65+,694,B,694,Not as fresh as expected 🤔
695,female,695,18-24,695,A,695,Yumm 😋 ❤️
696,male,696,45-64,696,B,696,Too bitter for me. I drink it every morning.
697,male,697,25-44,697,A,697,The beans smell fantastic. Not bad at all tbh.
698,female,698,25-44,698,A,698,Really enjoying Coffee X. Would love a decaf version. 👌
699,female,699,25-44,699,B,699,10/10 ❤️ 😋
700,female,700,18-24,700,A,700,I'll definitely buy again. ☕
701,female,701,18-24,701,B,701,Could be better. 😊
702,female,702,25-44,702,A,702,Works great with milk but black coffee isn't my favourite. Not bad at all tbh. ☕
703,male,703,25-44,703,B,703,Really enjoying Coffee X 😕
704,female,704,65+,704,A,704,Expected better. 👎
705,male,705,25-44,705,A,705,Works great with milk but black coffee isn't my favourite. I drink it every morning. ☕
706,male,706,18-24,706,B,706,My morning feels incomplete without it. ngl I expected more. ☕
707,female,707,18-24,707,B,707,The beans smell fantastic. ☕
708,male,708,45-64,708,A,708,Super smooth taste 😍
709,female,709,18-24,709,B,709,Way too expensive.
710,male,710,25-44,710,A,710,Love this coffee. Customer service was great too. 👍
711,female,711,25-44,711,B,711,Super smooth taste. Customer service was great too. 😊
712,female,712,65+,712,B,712,Packaging could be better. ngl I expected more. 👎
713,male,713,18-24,713,B,713,Love this coffe Hope you keep the quality consistent.
714,male,714,25-44,714,A,714,Very balanced flavour. 👎
715,male,715,45-64,715,A,715,Taste is kinda weak. Customer service was gr8 too. 😊
716,male,716,65+,716,A,716,Very balanced flavour. Delivery was really fast. 🤔
717,female,717,65+,717,B,717,Too bitter for me. Would love a decaf version. 😋
718,female,718,18-24,718,B,718,Super smooth taste. Would recommend it to friends. ❤️
719,male,719,25-44,719,B,719,Didn't enjoy the aftertaste
720,female,720,45-64,720,B,720,Very balanced flavour. Customer service was great too.
721,male,721,45-64,721,B,721,Too bitter for me. Please introduce more roast options.
722,male,722,65+,722,B,722,Not as fresh as expected. Would recommend it to friends. ❤️
723,male,723,18-24,723,A,723,Super smooth taste. 👎
724,male,724,18-24,724,B,724,Love this coffee. Please introduce more roast options. 😊
725,female,725,65+,725,A,725,Bit disappointed. Hope you keep the qualty consistent. 😊
726,male,726,25-44,726,A,726,Works great with milk but black coffee isn't my favourite. imo it's one of the better brands. 😕
727,male,727,25-44,727,A,727,Packaging looks premium but freshness could improve. imo it's one of the better brands. 😕
728,male,728,18-24,728,B,728,I'll definitely buy again. ngl I expected more. 🤔
729,male,729,18-24,729,A,729,Not bad. 👌
730,male,730,25-44,730,B,730,I'll definitely buy again. Not bad at all tbh. 😋
731,male,731,45-64,731,B,731,I'll definitely buy again
732,female,732,25-44,732,A,732,Packaging looks premium but freshness could improve. imo it's one of the better brands. 🤔
733,female,733,65+,733,B,733,My morning feels incomplete without it. ngl I expected more. ❤️
734,female,734,18-24,734,A,734,Very balanced flavour. Please introduce more roast options. 👎
735,female,735,65+,735,A,735,Expected better. I drink it every morning. 🤔
736,female,736,45-64,736,A,736,Love this coffe I drink it every morning.
737,female,737,65+,737,A,737,Amazing aroma.
738,male,738,18-24,738,A,738,realy enjoying Coffee X. I drink it every morning.
739,male,739,65+,739,A,739,Love this coffee. Would love a decaf version. 😅
740,female,740,25-44,740,B,740,I'll definetly buy again
741,female,741,45-64,741,A,741,The beans smell fantastic. Would recommend it to friends.
742,female,742,65+,742,A,742,Best coffee I've had in a while. Please introduce more roast options. 😅
743,female,743,65+,743,A,743,Not as fesh as expected. imo it's one of the better brands.
744,female,744,65+,744,B,744,Worth every penny. imo it's one of the better brands. 👎
745,female,745,45-64,745,B,745,My morning feels incomplete without it. Would love a decaf version. 😊
746,male,746,65+,746,A,746,I'll definitely buy again. ngl I expected more.
747,male,747,45-64,747,A,747,I'll definitely buy again 😊
748,male,748,25-44,748,B,748,Way too expensive. Please introduce more roast options. 👍
749,female,749,45-64,749,B,749,Works gr8 with milk but black coffee isn't my favourite. 😍
750,female,750,65+,750,B,750,Best cofee I've had in a while. Not bad at all tbh. 😊
751,female,751,45-64,751,A,751,Super smooth taste. ngl I expected more.
752,female,752,18-24,752,A,752,Taste is nice but it's a bit pricey. Hope you keep the quality consistent. 😕
753,male,753,45-64,753,A,753,Pretty good overall although I expected a stronger roast. Please introduce more roast options.
754,male,754,45-64,754,B,754,Pretty good! 😋
755,male,755,25-44,755,A,755,Pretty good overall although I expected a stronger roast. I drink it every morning. ☕
756,female,756,18-24,756,B,756,Super smooth taste. imo it's one of the better brands. 👌
757,male,757,18-24,757,A,757,Best coffee I've had in a while 😕
758,female,758,18-24,758,A,758,I'll definetly buy again. 😊
759,female,759,25-44,759,B,759,Too bitter for me. Would love a decaf version. 😕
760,female,760,65+,760,A,760,Really enjoying Coffee X. Would recommend it to friends.
761,male,761,45-64,761,B,761,Worth every penny. ngl I expected more. ❤️
762,female,762,45-64,762,B,762,Very balanced flavour.
763,female,763,45-64,763,A,763,Best coffee I've had in a while. Not bad at all tbh.
764,female,764,45-64,764,A,764,Amazing 😍 👎
765,male,765,25-44,765,B,765,Taste is nice but it's a bit pricey. Would love a decaf version. 😊
766,male,766,18-24,766,A,766,Love this coffee. imo it's one of the better brands. 😋
767,male,767,45-64,767,A,767,I'll definitely buy again.
768,female,768,65+,768,B,768,Not as fesh as expected. 👎
769,female,769,18-24,769,A,769,Packaging could be better. Would love a decaf version. ☕
770,male,770,18-24,770,B,770,Really enjoying Coffee X. I drink it every morning. ❤️
771,female,771,45-64,771,A,771,Works great with milk but black coffee isn't my favourite. Hope you keep the quality consistent. 👎
772,female,772,65+,772,A,772,Love this coffee.
773,male,773,18-24,773,A,773,Meh. 👌
774,female,774,18-24,774,B,774,The beans smell fantastic 👌
775,female,775,18-24,775,B,775,Pretty good overall although I expected a stronger roast. Customer service was gr8 too.
776,female,776,65+,776,A,776,My morning feels incomplete without it. Would recommend it to friends. 👎
777,female,777,45-64,777,B,777,Bit disappointed. I drink it every morning.
778,female,778,18-24,778,A,778,Super smooth taste 👎
779,male,779,65+,779,A,779,Didn't enjoy the aftertaste. Hope you keep the quality consistent. 🤔
780,female,780,18-24,780,B,780,Packaging could be better. imo it's one of the better brands.
781,male,781,65+,781,A,781,Packaging looks premium but freshness could improve. Hope you keep the qualty consistent. 😊
782,female,782,25-44,782,B,782,"Love the aroma, not a fan of the aftertaste. 😕"
783,female,783,25-44,783,A,783,Packaging could be better. Please introduce more roast options. 😋
784,female,784,65+,784,A,784,Not bad. ❤️
785,male,785,25-44,785,B,785,My morning feels incomplete without it. ☕
786,male,786,18-24,786,A,786,Super smooth taste. Please introduce more roast options. ☕
787,female,787,25-44,787,B,787,Too bitter for me. Would recommend it to friends. 😅
788,female,788,18-24,788,B,788,Not as fresh as expected. imo it's one of the better brands. 😋
789,female,789,18-24,789,B,789,Love this coffee. Customer service was gr8 too. 😍
790,male,790,65+,790,B,790,Way too expensive. 👎
791,male,791,65+,791,A,791,I'll definitely buy again. Hope you keep the quality consistent. 😊
792,female,792,18-24,792,A,792,Best coffe I've had in a while. Customer service was great too. 😊
793,female,793,18-24,793,B,793,Super smooth taste
794,female,794,25-44,794,A,794,Packaging looks premium but freshness could improve. Hope you keep the qualty consistent.
795,male,795,65+,795,B,795,My morning feels incomplete without it
796,male,796,18-24,796,A,796,realy enjoying Coffee X. 😊
797,female,797,45-64,797,B,797,Coffee arrived stale. Hope you keep the quality consistent. 😍
798,female,798,65+,798,A,798,Packaging could be better. Delivery was really fast. 😍
799,male,799,65+,799,A,799,Bit disappointed. 😍
800,female,800,45-64,800,B,800,Taste is kinda weak. Would reccomend it to friends.
801,male,801,25-44,801,B,801,Wouldn't buy again. ❤️
802,male,802,45-64,802,B,802,Works great with milk but black coffee isn't my favourite. Would love a decaf version. 😅
803,female,803,45-64,803,B,803,"Love the aroma, not a fan of the aftertaste. Customer service was great too. 😍"
804,male,804,45-64,804,A,804,Taste is nice but it's a bit pricey. Would reccomend it to friends.
805,male,805,18-24,805,A,805,Very balanced flavour. Would recomend it to friends. 😕
806,female,806,65+,806,B,806,Bit disappointed. Customer service was great too.
807,female,807,45-64,807,A,807,Love this coffee 👍
808,male,808,45-64,808,B,808,Taste is kinda weak. Hope you keep the quality consistent. ❤️
809,male,809,45-64,809,B,809,Bit disappointed. Hope you keep the quality consistent.
810,male,810,25-44,810,B,810,Best coffee I've had in a while. Hope you keep the quality consistent. 😍
811,male,811,65+,811,B,811,Packaging looks premium but freshness could improve. Hope you keep the quality consistent. 👍
812,male,812,18-24,812,A,812,Packaging looks premium but freshness could improve. imo it's one of the better brands. ☕
813,male,813,45-64,813,A,813,Worth every penny. Customer service was great too.
814,male,814,45-64,814,B,814,Way too expensive. Hope you keep the quality consistent.
815,female,815,65+,815,A,815,My morning feels incomplete without it. Customer service was great too. 😋
816,female,816,45-64,816,B,816,Too expensive 😕
817,female,817,25-44,817,B,817,Super smooth taste. Please introduce more roast options. 😕
818,female,818,18-24,818,B,818,Works great with milk but black cofee isn't my favourite. Customer service was great too. 😋
819,female,819,65+,819,B,819,Love this coffe Hope you keep the qualty consistent.
820,male,820,65+,820,B,820,realy enjoying Coffee X. Customer service was great too. 🤔
821,male,821,65+,821,A,821,I'll definitely buy again. 😅
822,female,822,25-44,822,A,822,Really enjoying Coffee X. Please introduce more roast options. 😅
823,female,823,25-44,823,B,823,Pretty good! 😊
824,male,824,18-24,824,A,824,Super smooth taste. Not bad at all tbh. 😅
825,male,825,18-24,825,B,825,Amazing aroma. I drink it every morning. ☕
826,female,826,65+,826,B,826,"Love the aroma, not a fan of the aftertaste. ❤️"
827,male,827,18-24,827,A,827,Best coffee I've had in a while
828,female,828,25-44,828,B,828,Worth every penny. Would reccomend it to friends.
829,male,829,18-24,829,B,829,Very balanced flavour. I drink it every morning.
830,male,830,45-64,830,A,830,Worth every penny. Delivery was realy fast. ❤️
831,male,831,45-64,831,B,831,Love this coffee 👌
832,male,832,25-44,832,B,832,Coffee arrived stale 😍
833,male,833,45-64,833,B,833,Taste is nice but it's a bit pricey. Would recommend it to friends. 😅
834,male,834,45-64,834,A,834,Packaging looks premium but freshness could improve. I drink it every morning. 😕
835,male,835,45-64,835,B,835,Works great with milk but black coffe isn't my favourite. Delivery was really fast. 👎
836,male,836,65+,836,A,836,Very balanced flavour. Not bad at all tbh. 🤔
837,male,837,25-44,837,A,837,rly enjoying Coffee X. Please introduce more roast options. 😅
838,female,838,45-64,838,A,838,Taste is nice but it's a bit pricey.
839,male,839,25-44,839,B,839,Too expensive 😕 😅
840,male,840,45-64,840,B,840,Packaging looks premium but freshness could improve. Customer service was gr8 too.
841,male,841,45-64,841,B,841,Love this coffe Would recommend it to friends.
842,male,842,25-44,842,B,842,Yumm 😋 😋
843,male,843,45-64,843,B,843,Amazing aroma. Customer service was great too.
844,female,844,45-64,844,B,844,Didn't enjoy the aftertaste. Please introduce more roast options. 👌
845,male,845,18-24,845,B,845,Works great with milk but black coffee isn't my favourite. ☕
846,male,846,65+,846,B,846,Didn't enjoy the aftertaste. ☕
847,female,847,45-64,847,A,847,Wouldn't buy again. Customer service was great too.
848,male,848,18-24,848,B,848,Worth every penny. Would love a decaf version.
849,female,849,45-64,849,B,849,Works great with milk but black cofee isn't my favourite. ❤️
850,female,850,18-24,850,A,850,Could be better. 😅
851,male,851,65+,851,B,851,Works great with milk but black coffe isn't my favourite. Would recommend it to friends.
852,female,852,25-44,852,B,852,Really enjoying Coffee X. 👌
853,male,853,25-44,853,A,853,Taste is kinda weak. I drink it every morning. 😕
854,male,854,45-64,854,B,854,Not as fresh as expected. imo it's one of the better brands. 🤔
855,male,855,65+,855,A,855,Meh. ☕
856,male,856,65+,856,A,856,Packaging could be better.
857,female,857,25-44,857,A,857,Pretty good overall although I expected a stronger roast. ngl I expected more. 👌
858,male,858,18-24,858,A,858,Worth every penny. I drink it every morning. ❤️
859,male,859,25-44,859,B,859,Wouldn't buy again. imo it's one of the better brands. ❤️
860,female,860,65+,860,B,860,Wouldn't buy again. I drink it every morning. ❤️
861,female,861,25-44,861,A,861,Yumm 😋 😊
862,female,862,65+,862,A,862,Love this cofee Customer service was gr8 too.
863,male,863,65+,863,A,863,Amazing aroma. Customer service was great too. ☕
864,female,864,45-64,864,B,864,Works great with milk but black cofee isn't my favourite. 👎
865,male,865,25-44,865,B,865,Works great with milk but black coffee isn't my favourite. imo it's one of the better brands.
866,female,866,45-64,866,A,866,Very balanced flavour. Would love a decaf version. ❤️
867,male,867,65+,867,B,867,My morning feels incomplete without it. Would recommend it to friends.
868,female,868,25-44,868,A,868,Wouldn't buy again. 😋
869,male,869,45-64,869,A,869,Pretty good overall although I expected a stronger roast. 😊
870,male,870,18-24,870,B,870,Not as fresh as expected.
871,female,871,45-64,871,A,871,"Love the aroma, not a fan of the aftertaste. Please introduce more roast options."
872,female,872,18-24,872,A,872,Bit disappointed. Not bad at all tbh. ❤️
873,male,873,18-24,873,B,873,My morning feels incomplete without it. imo it's one of the better brands. 👍
874,female,874,25-44,874,B,874,Yumm 😋 👌
875,male,875,25-44,875,B,875,Very balanced flavour. Not bad at all tbh. 👌
876,female,876,65+,876,B,876,My morning feels incomplete without it. Delivery was really fast. 👍
877,female,877,25-44,877,A,877,Best coffee I've had in a while 👌
878,female,878,18-24,878,B,878,The beans smell fantastic. ngl I expected more. 😅
879,male,879,45-64,879,B,879,Pretty good overall although I expected a stronger roast. imo it's one of the better brands. 😅
880,male,880,25-44,880,A,880,My morning feels incomplete without it. imo it's one of the better brands. 😅
881,male,881,45-64,881,A,881,"Love the aroma, not a fan of the aftertaste. 😅"
882,male,882,65+,882,A,882,Didn't enjoy the aftertaste. Hope you keep the quality consistent. ☕
883,male,883,25-44,883,B,883,My morning feels incomplete without it. Hope you keep the quality consistent.
884,male,884,25-44,884,B,884,Packaging could be better. Would recommend it to friends. ☕
885,male,885,25-44,885,A,885,Taste is nice but it's a bit pricey. Would love a decaf version.
886,female,886,65+,886,A,886,Really enjoying Coffee X
887,male,887,18-24,887,B,887,Not as fresh as expected. I drink it every morning.
888,female,888,18-24,888,B,888,Way too expensive 😅
889,male,889,25-44,889,A,889,Not as fresh as expected. Delivery was really fast. 😋
890,female,890,65+,890,B,890,Super smooth taste. 😍
891,female,891,25-44,891,A,891,Expected better. Not bad at all tbh. ☕
892,male,892,18-24,892,A,892,Coffee arrived stale. Not bad at all tbh.
893,male,893,45-64,893,B,893,Super smooth taste. Customer service was great too. 😅
894,female,894,18-24,894,A,894,rly enjoying Coffee X. ngl I expected more.
895,female,895,45-64,895,A,895,Best coffe I've had in a while
896,female,896,65+,896,A,896,Could be better. 😍
897,female,897,18-24,897,B,897,Taste is nice but it's a bit pricey. Hope you keep the quality consistent. 👌
898,male,898,45-64,898,B,898,Works great with milk but black coffee isn't my favourite. 👍
899,female,899,45-64,899,B,899,Taste is kinda weak. Please introduce more roast options. ☕
900,female,900,65+,900,B,900,Not as fresh as expected. Please introduce more roast options.
901,male,901,65+,901,B,901,My morning feels incomplete without it ☕
902,female,902,45-64,902,B,902,Best coffee I've had in a while. Customer service was gr8 too.
903,male,903,45-64,903,B,903,Very balanced flavour. I drink it every morning. 👌
904,female,904,45-64,904,A,904,Not as fresh as expected. Would love a decaf version. 😍
905,female,905,45-64,905,B,905,Love this coffee. Would love a decaf version.
906,male,906,65+,906,A,906,Wouldn't buy again
907,female,907,45-64,907,B,907,Best cofee I've had in a while. Would recomend it to friends.
908,female,908,65+,908,A,908,Amazing aroma 👎
909,male,909,65+,909,B,909,My morning feels incomplete without it. Customer service was gr8 too.
910,male,910,25-44,910,A,910,Love this coffee. Delivery was really fast.
911,male,911,18-24,911,A,911,"Love the aroma, not a fan of the aftertaste. Customer service was great too."
912,male,912,65+,912,A,912,Super smooth taste. Would love a decaf version.
913,female,913,25-44,913,B,913,Expected better. ngl I expected more. ☕
914,female,914,25-44,914,B,914,Amazing aroma. 😕
915,female,915,18-24,915,B,915,Love this cofee Hope you keep the quality consistent. ❤️
916,male,916,25-44,916,A,916,Meh. 😍
917,male,917,18-24,917,A,917,Bit disappointed. Would recommend it to friends.
918,male,918,25-44,918,A,918,Best coffe I've had in a while. Hope you keep the quality consistent. 😅
919,male,919,45-64,919,B,919,It's okay.
920,female,920,65+,920,A,920,Works great with milk but black coffee isn't my favourite. 😊
921,female,921,18-24,921,B,921,I'll definitely buy again. Would love a decaf version. ☕
922,female,922,45-64,922,A,922,Very balanced flavour. Would love a decaf version. 😍
923,female,923,65+,923,B,923,I'll definately buy again.
924,male,924,25-44,924,B,924,Pretty good overall although I expected a stronger roast. I drink it every morning. 😅
925,female,925,45-64,925,B,925,Taste is nice but it's a bit pricey. Please introduce more roast options.
926,female,926,45-64,926,B,926,Pretty good overall although I expected a stronger roast. 👌
927,male,927,65+,927,A,927,Too bitter for me. Would recommend it to friends. 😕
928,female,928,65+,928,A,928,realy enjoying Coffee X. Hope you keep the quality consistent.
929,female,929,45-64,929,B,929,Taste is nice but it's a bit pricey. Would love a decaf version. 👎
930,female,930,25-44,930,A,930,Wouldn't buy again 😋
931,male,931,45-64,931,A,931,Super smooth taste. ❤️
932,male,932,18-24,932,A,932,My morning feels incomplete without it. Would recommend it to friends. 😕
933,female,933,45-64,933,A,933,Taste is kinda weak. Not bad at all tbh.
934,male,934,18-24,934,B,934,Amazing aroma. ngl I expected more. 😅
935,male,935,65+,935,A,935,Worth every penny. Delivery was really fast.
936,male,936,18-24,936,B,936,My morning feels incomplete without it. Delivery was realy fast.
937,male,937,18-24,937,A,937,Best coffee I've had in a while. 😕
938,male,938,25-44,938,A,938,Really enjoying Coffee X 👌
939,female,939,25-44,939,B,939,Coffee arrived stale. ❤️
940,female,940,65+,940,A,940,Amazing aroma. Would recommend it to friends.
941,female,941,18-24,941,A,941,Didn't enjoy the aftertaste. Delivery was really fast. 🤔
942,female,942,18-24,942,A,942,Taste is nice but it's a bit pricey. ngl I expected more. 😅
943,female,943,65+,943,B,943,Expected better. ☕
944,male,944,65+,944,B,944,Very balanced flavour. 😕
945,male,945,45-64,945,B,945,Packaging could be better 🤔
946,male,946,18-24,946,B,946,Expected better. Customer service was great too. 👌
947,female,947,65+,947,A,947,Too bitter for me. Delivery was really fast. 🤔
948,female,948,25-44,948,A,948,My morning feels incomplete without it. Delivery was really fast. 😍
949,female,949,45-64,949,B,949,Love this coffee. I drink it every morning.
950,female,950,45-64,950,A,950,Best coffee I've had in a while. Hope you keep the qualty consistent. 😊
951,female,951,65+,951,A,951,Super smooth taste. imo it's one of the better brands.
952,male,952,65+,952,B,952,Really enjoying Coffee X. ❤️
953,male,953,18-24,953,A,953,coffe arrived stale. Please introduce more roast options.
954,female,954,45-64,954,A,954,Wouldn't buy again. Would recommend it to friends.
955,female,955,25-44,955,A,955,Amazing aroma. Delivery was really fast. 😋
956,male,956,65+,956,A,956,Best coffee I've had in a while. 😅
957,male,957,25-44,957,B,957,Expected better. ngl I expected more. ❤️
958,male,958,18-24,958,A,958,Expected better. I drink it every morning. 😊
959,male,959,65+,959,A,959,Best cofee I've had in a while. 👌
960,female,960,45-64,960,A,960,Really enjoying coffe X. imo it's one of the better brands.
961,male,961,18-24,961,A,961,Love it ☕ 😅
962,female,962,18-24,962,B,962,Really enjoying Coffee X. Please introduce more roast options. 😕
963,male,963,45-64,963,A,963,Super smooth taste. Would love a decaf version. 👍
964,female,964,25-44,964,A,964,Wouldn't buy again. Please introduce more roast options. 👍
965,female,965,45-64,965,B,965,I'll definitely buy again. Hope you keep the quality consistent.
966,male,966,25-44,966,B,966,Super smooth taste. Customer service was great too.
967,female,967,25-44,967,B,967,Works gr8 with milk but black coffee isn't my favourite. Hope you keep the quality consistent.
968,male,968,65+,968,B,968,Very balanced flavour. Would recommend it to friends. 😕
969,female,969,65+,969,B,969,Very balanced flavour. Hope you keep the qualty consistent.
970,male,970,65+,970,B,970,Taste is kinda weak. I drink it every morning. ❤️
971,male,971,18-24,971,A,971,Taste is kinda weak 👎
972,male,972,45-64,972,A,972,I'll definitely buy again. Not bad at all tbh. 👎
973,male,973,65+,973,B,973,The beans smell fantastic. 😋
974,male,974,25-44,974,A,974,Bit disappointed 😍
975,male,975,25-44,975,B,975,Pretty good overall although I expected a stronger roast. Not bad at all tbh. 👍
976,female,976,25-44,976,B,976,Really enjoying cofee X 👌
977,male,977,18-24,977,A,977,Super smooth taste. 😕
978,female,978,45-64,978,A,978,My morning feels incomplete without it. Customer service was great too. 🤔
979,female,979,25-44,979,A,979,Taste is nice but it's a bit pricey. Not bad at all tbh. 😋
980,female,980,18-24,980,B,980,Coffee arrived stale. Would recommend it to friends. 😍
981,male,981,18-24,981,B,981,Works great with milk but black coffee isn't my favourite. Delivery was really fast. 👎
982,male,982,18-24,982,A,982,Way too expensive. 😊
983,female,983,65+,983,A,983,I'll definitely buy again. 😋
984,male,984,65+,984,B,984,coffe arrived stale ☕
985,female,985,65+,985,B,985,Taste is nice but it's a bit pricey. imo it's one of the better brands. 🤔
986,female,986,25-44,986,A,986,Pretty good overall although I expected a stronger roast. imo it's one of the better brands. 😊
987,male,987,18-24,987,A,987,Packaging looks premium but freshness could improve.
988,female,988,45-64,988,B,988,Not as fesh as expected. Would recommend it to friends.
989,male,989,45-64,989,B,989,Way too expensive. Hope you keep the quality consistent. 🤔
990,female,990,65+,990,B,990,Super smooth taste. Hope you keep the quality consistent. 👌
991,female,991,45-64,991,A,991,My morning feels incomplete without it. I drink it every morning. 👌
992,female,992,45-64,992,A,992,Worth every penny. imo it's one of the better brands. 🤔
993,female,993,18-24,993,A,993,Very balanced flavour ☕
994,male,994,18-24,994,A,994,Bit disappointed. ngl I expected more.
995,female,995,18-24,995,A,995,My morning feels incomplete without it. Would love a decaf version. 😍
996,female,996,45-64,996,B,996,Super smooth taste. Would recommend it to friends. ☕
997,male,997,25-44,997,B,997,Not as fresh as expected. Would reccomend it to friends.
998,female,998,25-44,998,B,998,Pretty good overall although I expected a stronger roast. Would love a decaf version. ☕
999,male,999,45-64,999,A,999,Coffee arrived stale. Hope you keep the qualty consistent.
1000,male,1000,18-24,1000,A,1000,Wouldn't buy again. Delivery was really fast. 👌
1001,male,1001,65+,1001,B,1001,Not as fresh as expected. Would recommend it to friends. ☕
1002,female,1002,18-24,1002,A,1002,Bit disappointed. I drink it every morning. 😊
1003,female,1003,65+,1003,A,1003,Too bitter for me. Would love a decaf version. 🤔
1004,female,1004,45-64,1004,B,1004,I'll definitely buy again. Customer service was great too. 😊
1005,male,1005,25-44,1005,B,1005,Packaging could be better. Delivery was rly fast. 👌
1006,male,1006,25-44,1006,A,1006,Best coffee I've had in a while. 👍
1007,male,1007,18-24,1007,B,1007,Love this coffee. imo it's one of the better brands.
1008,male,1008,65+,1008,A,1008,Packaging could be better 😅
1009,male,1009,45-64,1009,A,1009,Packaging could be better 👌
1010,male,1010,25-44,1010,A,1010,Bit disappointed. Delivery was really fast. 😕
1011,female,1011,65+,1011,B,1011,"Love the aroma, not a fan of the aftertaste. 👍"
1012,male,1012,65+,1012,A,1012,Worth every penny. Hope you keep the quality consistent. ❤️
1013,female,1013,25-44,1013,A,1013,The beans smell fantastic. Not bad at all tbh. 😕
1014,female,1014,65+,1014,A,1014,Best coffee I've had in a while. I drink it every morning. 🤔
1015,male,1015,65+,1015,A,1015,Super smooth taste. Delivery was really fast. 😊
1016,female,1016,65+,1016,B,1016,Best coffee I've had in a while. Would recommend it to friends. 👍
1017,female,1017,45-64,1017,A,1017,Pretty good overall although I expected a stronger roast. 😅
1018,female,1018,65+,1018,B,1018,Packaging could be better. Delivery was really fast.
1019,female,1019,45-64,1019,A,1019,Wouldn't buy again. Delivery was really fast. 😍
1020,male,1020,25-44,1020,B,1020,Works great with milk but black coffee isn't my favourite. Not bad at all tbh. 😍
1021,male,1021,18-24,1021,A,1021,Coffee arrived stale. I drink it every morning. 😅
1022,male,1022,25-44,1022,B,1022,Way too expensive ☕
1023,female,1023,45-64,1023,B,1023,"Love the aroma, not a fan of the aftertaste. I drink it every morning. 👌"
1024,female,1024,65+,1024,A,1024,10/10 ❤️
1025,male,1025,25-44,1025,A,1025,Packaging could be better. ☕
1026,female,1026,18-24,1026,B,1026,Packaging looks premium but freshness could improve. Would recommend it to friends. 👌
1027,female,1027,25-44,1027,A,1027,Packaging looks premium but freshness could improve. 👎
1028,female,1028,18-24,1028,A,1028,Amazing aroma. Please introduce more roast options. 👎
1029,male,1029,65+,1029,A,1029,Coffee arrived stale 😅
1030,male,1030,45-64,1030,A,1030,Love this coffee. Would recommend it to friends. ❤️
1031,male,1031,65+,1031,A,1031,Packaging looks premium but freshness could improve. ☕
1032,female,1032,65+,1032,B,1032,Super smooth taste. Would recomend it to friends. 😍
1033,female,1033,25-44,1033,B,1033,Not as fresh as expected. Not bad at all tbh. 👌
1034,male,1034,18-24,1034,A,1034,My morning feels incomplete without it. I drink it every morning. 😍
1035,female,1035,25-44,1035,B,1035,Love this coffe 😍
1036,female,1036,65+,1036,A,1036,Not as fresh as expected. Delivery was rly fast.
1037,male,1037,45-64,1037,B,1037,Not as fresh as expected. Customer service was great too.
1038,female,1038,65+,1038,A,1038,Too bitter for me.
1039,male,1039,65+,1039,B,1039,Not as fresh as expected. Please introduce more roast options. 👌
1040,male,1040,65+,1040,B,1040,Works great with milk but black coffee isn't my favourite. Hope you keep the quality consistent. 🤔
1041,female,1041,25-44,1041,B,1041,Very balanced flavour. imo it's one of the better brands. 😕
1042,female,1042,65+,1042,A,1042,Best coffee I've had in a while. Delivery was really fast.
1043,male,1043,45-64,1043,B,1043,I'll definitely buy again. Would love a decaf version. 😊
1044,male,1044,65+,1044,A,1044,Coffee arrived stale. Would love a decaf version. 👎
1045,male,1045,45-64,1045,A,1045,"Love the aroma, not a fan of the aftertaste. imo it's one of the better brands. 😋"
1046,male,1046,45-64,1046,B,1046,Super smooth taste. Not bad at all tbh. 👌
1047,male,1047,18-24,1047,A,1047,Best coffee I've had in a while. 😋
1048,male,1048,65+,1048,B,1048,Pretty good overall although I expected a stronger roast. ngl I expected more. 😍
1049,male,1049,18-24,1049,B,1049,Love this coffee. imo it's one of the better brands. 😕
1050,female,1050,45-64,1050,A,1050,Not as fresh as expected. Customer service was great too. 😍
1051,male,1051,45-64,1051,B,1051,Too bitter for me. 😅
1052,female,1052,25-44,1052,A,1052,Very balanced flavour. Delivery was really fast. 😕
1053,female,1053,45-64,1053,B,1053,Worth every penny. ngl I expected more. 😅
1054,male,1054,18-24,1054,B,1054,The beans smell fantastic. I drink it every morning. 😊
1055,male,1055,18-24,1055,A,1055,"Love the aroma, not a fan of the aftertaste. Hope you keep the quality consistent. 👎"
1056,female,1056,25-44,1056,A,1056,Works great with milk but black coffee isn't my favourite. ngl I expected more.
1057,male,1057,25-44,1057,B,1057,Way too expensive. Would love a decaf version.
1058,male,1058,65+,1058,B,1058,Packaging could be better. imo it's one of the better brands. 👌
1059,female,1059,18-24,1059,B,1059,The beans smell fantastic. Not bad at all tbh. 🤔
1060,male,1060,65+,1060,B,1060,Expected better. Delivery was really fast.
1061,male,1061,45-64,1061,B,1061,Very balanced flavour. Please introduce more roast options. ❤️
1062,female,1062,25-44,1062,B,1062,Really enjoying Coffee X. 😊
1063,male,1063,45-64,1063,B,1063,Amazing aroma. imo it's one of the better brands. ☕
1064,male,1064,18-24,1064,B,1064,Taste is kinda weak. I drink it every morning.
1065,female,1065,25-44,1065,A,1065,Packaging could be better. Please introduce more roast options.
1066,male,1066,65+,1066,B,1066,My morning feels incomplete without it. Hope you keep the quality consistent. ☕
1067,male,1067,18-24,1067,B,1067,"Love the aroma, not a fan of the aftertaste. Delivery was really fast. 👌"
1068,male,1068,65+,1068,B,1068,I'll definately buy again ❤️
1069,male,1069,18-24,1069,A,1069,Packaging looks premium but freshness could improve. I drink it every morning.
1070,male,1070,25-44,1070,A,1070,Works great with milk but black coffee isn't my favourite. Not bad at all tbh. 👌
1071,male,1071,25-44,1071,A,1071,It's okay. 😍
1072,female,1072,18-24,1072,A,1072,10/10 ❤️ 👍
1073,female,1073,25-44,1073,B,1073,The beans smell fantastic. ngl I expected more.
1074,male,1074,45-64,1074,A,1074,The beans smell fantastic 👍
1075,female,1075,25-44,1075,A,1075,Wouldn't buy again. Would recommend it to friends. 👎
1076,male,1076,25-44,1076,A,1076,coffe arrived stale 👎
1077,male,1077,18-24,1077,A,1077,Worth every penny. Hope you keep the quality consistent.
1078,male,1078,45-64,1078,A,1078,Could be better. 😕
1079,female,1079,45-64,1079,A,1079,Best coffe I've had in a while. I drink it every morning. 😕
1080,male,1080,65+,1080,A,1080,Packaging looks premium but freshness could improve. ngl I expected more. 😕
1081,male,1081,65+,1081,B,1081,Taste is nice but it's a bit pricey. I drink it every morning. ☕
1082,male,1082,18-24,1082,B,1082,Love it ☕ 👌
1083,male,1083,65+,1083,A,1083,Packaging could be better. 😕
1084,female,1084,25-44,1084,B,1084,Pretty good overall although I expected a stronger roast. I drink it every morning. 👌
1085,male,1085,45-64,1085,A,1085,The beans smell fantastic. Customer service was great too.
1086,male,1086,25-44,1086,B,1086,Best coffee I've had in a while. I drink it every morning. 👍
1087,male,1087,45-64,1087,B,1087,Too bitter for me. Would love a decaf version.
1088,male,1088,65+,1088,B,1088,Really enjoying coffe X. I drink it every morning.
1089,male,1089,45-64,1089,B,1089,Worth every penny. Delivery was really fast. 😍
1090,male,1090,25-44,1090,A,1090,Super smooth taste. Hope you keep the qualty consistent. 👍
1091,male,1091,45-64,1091,A,1091,Very balanced flavour. ☕
1092,female,1092,45-64,1092,B,1092,I'll definitely buy again. ngl I expected more. 👌
1093,female,1093,25-44,1093,A,1093,My morning feels incomplete without it. 🤔
1094,female,1094,25-44,1094,B,1094,Amazing aroma. Would love a decaf version.
1095,female,1095,25-44,1095,A,1095,Not as fresh as expected. Delivery was really fast. 👎
1096,female,1096,18-24,1096,A,1096,Bit disappointed. Delivery was rly fast.
1097,female,1097,18-24,1097,A,1097,Works great with milk but black coffe isn't my favourite.
1098,female,1098,18-24,1098,B,1098,Worth every penny. Delivery was really fast. 👎
1099,male,1099,25-44,1099,A,1099,Meh. 😋
1100,male,1100,45-64,1100,A,1100,My morning feels incomplete without it. imo it's one of the better brands. 😋
1101,male,1101,65+,1101,A,1101,Taste is nice but it's a bit pricey. Hope you keep the qualty consistent.
1102,female,1102,18-24,1102,B,1102,The beans smell fantastic. ngl I expected more. 😕
1103,female,1103,25-44,1103,B,1103,cofee arrived stale. ngl I expected more. 😊
1104,female,1104,45-64,1104,A,1104,Wouldn't buy again. Would love a decaf version. 😕
1105,female,1105,25-44,1105,A,1105,Packaging could be better. Would recomend it to friends.
1106,female,1106,45-64,1106,A,1106,Didn't enjoy the aftertaste. Customer service was great too. 👍
1107,female,1107,65+,1107,B,1107,Taste is kinda weak. Would recommend it to friends. 👎
1108,female,1108,18-24,1108,A,1108,"Love the aroma, not a fan of the aftertaste. Customer service was great too. ☕"
1109,male,1109,65+,1109,B,1109,I'll definitely buy again. ngl I expected more. 😅
1110,male,1110,18-24,1110,A,1110,My morning feels incomplete without it. I drink it every morning. 😊
1111,male,1111,18-24,1111,B,1111,Works great with milk but black coffee isn't my favourite. Not bad at all tbh.
1112,male,1112,45-64,1112,A,1112,My morning feels incomplete without it. Please introduce more roast options.
1113,male,1113,18-24,1113,B,1113,Packaging could be better. Would recommend it to friends.
1114,female,1114,65+,1114,A,1114,Very balanced flavour 👎
1115,male,1115,45-64,1115,B,1115,Pretty good overall although I expected a stronger roast. Hope you keep the quality consistent. 😍
1116,female,1116,45-64,1116,B,1116,Way too expensive. Please introduce more roast options. 😊
1117,male,1117,18-24,1117,A,1117,Works gr8 with milk but black coffee isn't my favourite. Customer service was great too.
1118,female,1118,25-44,1118,A,1118,Packaging could be better. I drink it every morning. 👍
1119,female,1119,18-24,1119,A,1119,Not as fresh as expected. imo it's one of the better brands.
1120,female,1120,25-44,1120,B,1120,Works great with milk but black coffe isn't my favourite. Not bad at all tbh.
1121,female,1121,45-64,1121,B,1121,Bit disappointed. Would love a decaf version. 😊
1122,male,1122,18-24,1122,B,1122,Really enjoying Coffee X. imo it's one of the better brands.
1123,male,1123,25-44,1123,B,1123,Not as fresh as expected 😊
1124,female,1124,18-24,1124,A,1124,Super smooth taste. ☕
1125,female,1125,45-64,1125,B,1125,Taste is nice but it's a bit pricey. imo it's one of the better brands.
1126,male,1126,45-64,1126,A,1126,Coffee arrived stale. Would recommend it to friends.
1127,male,1127,25-44,1127,A,1127,Pretty good overall although I expected a stronger roast. I drink it every morning.
1128,female,1128,65+,1128,B,1128,Works great with milk but black coffee isn't my favourite. Please introduce more roast options.
1129,male,1129,65+,1129,A,1129,Wouldn't buy again. imo it's one of the better brands. 😍
1130,male,1130,45-64,1130,A,1130,Really enjoying Coffee X 😅
1131,male,1131,65+,1131,B,1131,Packaging looks premium but freshness could improve. 🤔
1132,female,1132,45-64,1132,A,1132,Best coffe I've had in a while. imo it's one of the better brands. 😅
1133,female,1133,25-44,1133,A,1133,Worth every penny 😕
1134,female,1134,25-44,1134,A,1134,Very balanced flavour
1135,male,1135,45-64,1135,A,1135,Taste is kinda weak 🤔
1136,male,1136,18-24,1136,B,1136,Bit disappointed. Would recomend it to friends.
1137,female,1137,65+,1137,A,1137,Didn't enjoy the aftertaste. imo it's one of the better brands.
1138,male,1138,25-44,1138,B,1138,Works great with milk but black coffee isn't my favourite. Would love a decaf version.
1139,female,1139,18-24,1139,B,1139,Amazing 😍 ☕
1140,male,1140,18-24,1140,B,1140,Yumm 😋 👍
1141,female,1141,25-44,1141,A,1141,Taste is nice but it's a bit pricey. ngl I expected more. 😊
1142,male,1142,18-24,1142,B,1142,My morning feels incomplete without it. 👍
1143,female,1143,25-44,1143,B,1143,Not as fresh as expected. Delivery was realy fast.
1144,female,1144,18-24,1144,B,1144,Very balanced flavour. ❤️
1145,male,1145,65+,1145,A,1145,Very balanced flavour. Hope you keep the quality consistent. 😊
1146,male,1146,25-44,1146,A,1146,"Love the aroma, not a fan of the aftertaste. 👌"
1147,male,1147,25-44,1147,B,1147,Didn't enjoy the aftertaste 👌
1148,male,1148,45-64,1148,A,1148,Coffee arrived stale. Would recomend it to friends. 👌
1149,female,1149,65+,1149,B,1149,Packaging looks premium but freshness could improve. Not bad at all tbh. 👎
1150,male,1150,25-44,1150,A,1150,Love this coffee. Not bad at all tbh. 👌
1151,male,1151,25-44,1151,B,1151,"Love the aroma, not a fan of the aftertaste. Would love a decaf version."
1152,female,1152,65+,1152,A,1152,Super smooth taste.
1153,male,1153,65+,1153,B,1153,Very balanced flavour. Would recommend it to friends. 👍
1154,male,1154,25-44,1154,A,1154,My morning feels incomplete without it. Hope you keep the quality consistent. 😊
1155,female,1155,18-24,1155,A,1155,cofee arrived stale. Please introduce more roast options.
1156,male,1156,18-24,1156,B,1156,Expected better. imo it's one of the better brands. 😍
1157,female,1157,45-64,1157,A,1157,Very balanced flavour. Not bad at all tbh. 👍
1158,female,1158,25-44,1158,A,1158,Best coffee I've had in a while. Hope you keep the quality consistent. ❤️
1159,male,1159,45-64,1159,B,1159,Super smooth taste ❤️
1160,female,1160,65+,1160,A,1160,Packaging looks premium but freshness could improve. Hope you keep the quality consistent. 😊
1161,male,1161,45-64,1161,B,1161,Too bitter for me 👎
1162,female,1162,18-24,1162,B,1162,Works great with milk but black coffee isn't my favourite. 😕
1163,female,1163,65+,1163,A,1163,Taste is kinda weak. Please introduce more roast options.
1164,female,1164,18-24,1164,B,1164,rly enjoying coffe X. ngl I expected more. 👎
1165,female,1165,45-64,1165,B,1165,Yumm 😋
1166,male,1166,25-44,1166,A,1166,Pretty good overall although I expected a stronger roast. Customer service was gr8 too. 😅
1167,female,1167,65+,1167,B,1167,Love this coffee. 😋
1168,male,1168,18-24,1168,A,1168,Pretty good overall although I expected a stronger roast. Would love a decaf version. 😅
1169,female,1169,45-64,1169,A,1169,Worth every penny. ngl I expected more. 😍
1170,female,1170,18-24,1170,A,1170,Really enjoying Coffee X. ☕
1171,female,1171,18-24,1171,B,1171,Way too expensive. Please introduce more roast options. 🤔
1172,female,1172,65+,1172,B,1172,Taste is nice but it's a bit pricey. ❤️
1173,male,1173,45-64,1173,B,1173,Taste is nice but it's a bit pricey. Not bad at all tbh.
1174,male,1174,18-24,1174,A,1174,"Love the aroma, not a fan of the aftertaste. Delivery was realy fast. ❤️"
1175,male,1175,65+,1175,B,1175,The beans smell fantastic. Hope you keep the quality consistent. ❤️
1176,male,1176,18-24,1176,A,1176,Love this coffee. ngl I expected more. 👍
1177,female,1177,65+,1177,B,1177,"Love the aroma, not a fan of the aftertaste. imo it's one of the better brands. 👌"
1178,male,1178,65+,1178,A,1178,Works great with milk but black coffee isn't my favourite. Customer service was great too.
1179,female,1179,45-64,1179,A,1179,Love this coffee. 😕
1180,male,1180,65+,1180,A,1180,Works great with milk but black coffee isn't my favourite. 👌
1181,female,1181,18-24,1181,B,1181,Packaging looks premium but freshness could improve. Delivery was really fast. 😋
1182,male,1182,25-44,1182,A,1182,I'll definitely buy again. Hope you keep the qualty consistent.
1183,male,1183,65+,1183,A,1183,Very balanced flavour 😊
1184,male,1184,45-64,1184,A,1184,Very balanced flavour. Would love a decaf version. 😋
1185,male,1185,65+,1185,B,1185,Wouldn't buy again. Please introduce more roast options. ☕
1186,female,1186,45-64,1186,B,1186,Works great with milk but black coffee isn't my favourite. 😅
1187,female,1187,25-44,1187,A,1187,Taste is kinda weak. Hope you keep the qualty consistent.
1188,male,1188,25-44,1188,B,1188,Really enjoying Coffee X. Customer service was great too. 😍
1189,male,1189,45-64,1189,A,1189,rly enjoying Coffee X. Delivery was really fast. 😕
1190,female,1190,45-64,1190,B,1190,Super smooth taste 😋
1191,female,1191,25-44,1191,B,1191,Pretty good! 😕
1192,female,1192,45-64,1192,B,1192,Worth every penny. Please introduce more roast options. 😋
1193,male,1193,65+,1193,B,1193,I'll definetly buy again. 👍
1194,female,1194,25-44,1194,B,1194,Not as fresh as expected. Would love a decaf version.
1195,male,1195,18-24,1195,A,1195,Taste is kinda weak
1196,female,1196,45-64,1196,A,1196,It's okay. 👍
1197,female,1197,18-24,1197,A,1197,Too expensive 😕 👎
1198,male,1198,18-24,1198,A,1198,My morning feels incomplete without it. Hope you keep the quality consistent. 🤔
1199,male,1199,65+,1199,B,1199,My morning feels incomplete without it. Hope you keep the qualty consistent.
1200,male,1200,18-24,1200,A,1200,Way too expensive. I drink it every morning. ☕
1201,male,1201,65+,1201,B,1201,Super smooth taste. I drink it every morning. 😕
1202,female,1202,65+,1202,B,1202,"Love the aroma, not a fan of the aftertaste. Hope you keep the quality consistent. 😍"
1203,male,1203,25-44,1203,A,1203,Coffee arrived stale. 😊
1204,female,1204,65+,1204,A,1204,Expected better. Customer service was gr8 too.
1205,male,1205,18-24,1205,A,1205,I'll definately buy again. Delivery was really fast.
1206,male,1206,65+,1206,A,1206,Way too expensive. Please introduce more roast options.
1207,female,1207,18-24,1207,A,1207,cofee arrived stale. imo it's one of the better brands.
1208,female,1208,25-44,1208,A,1208,Not bad. 🤔
1209,female,1209,65+,1209,B,1209,Meh.
1210,male,1210,25-44,1210,A,1210,Very balanced flavour. ngl I expected more.
1211,female,1211,25-44,1211,A,1211,Amazing 😍 😅
1212,female,1212,45-64,1212,B,1212,Love this coffe 👍
1213,female,1213,65+,1213,A,1213,I'll definitely buy again. ngl I expected more. 😍
1214,male,1214,45-64,1214,B,1214,Taste is kinda weak 👌
1215,male,1215,45-64,1215,B,1215,Way too expensive. Please introduce more roast options. 😋
1216,male,1216,25-44,1216,B,1216,Worth every penny. ngl I expected more.
1217,female,1217,45-64,1217,A,1217,rly enjoying Coffee X 😍
1218,male,1218,65+,1218,B,1218,Too bitter for me. Would recommend it to friends.
1219,female,1219,25-44,1219,B,1219,Too expensive 😕 😋
1220,male,1220,65+,1220,B,1220,Didn't enjoy the aftertaste 😕
1221,female,1221,45-64,1221,A,1221,Way too expensive. Hope you keep the quality consistent. 😊
1222,male,1222,18-24,1222,B,1222,Pretty good overall although I expected a stronger roast. Customer service was great too.
1223,female,1223,45-64,1223,B,1223,Pretty good overall although I expected a stronger roast. ngl I expected more. 😊
1224,male,1224,65+,1224,B,1224,Packaging looks premium but freshness could improve. 😍
1225,female,1225,18-24,1225,A,1225,Very balanced flavour. imo it's one of the better brands. 🤔
1226,female,1226,18-24,1226,B,1226,Not as fresh as expected. ngl I expected more.
1227,male,1227,65+,1227,B,1227,The beans smell fantastic. Would love a decaf version.
1228,female,1228,65+,1228,B,1228,Works great with milk but black coffee isn't my favourite. Customer service was great too. ❤️
1229,male,1229,45-64,1229,B,1229,"Love the aroma, not a fan of the aftertaste. ngl I expected more."
1230,female,1230,65+,1230,A,1230,Really enjoying Coffee X. Not bad at all tbh.
1231,female,1231,45-64,1231,B,1231,Coffee arrived stale. ngl I expected more. 😋
1232,male,1232,45-64,1232,B,1232,Works gr8 with milk but black coffee isn't my favourite. 👌
1233,male,1233,45-64,1233,B,1233,"Love the aroma, not a fan of the aftertaste. Would recomend it to friends. 😊"
1234,female,1234,45-64,1234,A,1234,Super smooth taste. Would love a decaf version. 🤔
1235,male,1235,25-44,1235,B,1235,Works great with milk but black coffee isn't my favourite. Would love a decaf version. 😊
1236,male,1236,45-64,1236,A,1236,Packaging looks premium but freshness could improve. Please introduce more roast options. 😋
1237,female,1237,18-24,1237,A,1237,Love this coffee. Please introduce more roast options. 👌
1238,male,1238,18-24,1238,B,1238,Packaging looks premium but freshness could improve. Hope you keep the quality consistent. 👌
1239,female,1239,18-24,1239,A,1239,Works great with milk but black coffee isn't my favourite. Hope you keep the qualty consistent. 👌
1240,male,1240,45-64,1240,B,1240,Didn't enjoy the aftertaste ❤️
1241,male,1241,18-24,1241,B,1241,Didn't enjoy the aftertaste. Delivery was really fast. 👌
1242,male,1242,18-24,1242,B,1242,Didn't enjoy the aftertaste. ngl I expected more. 😍
1243,female,1243,45-64,1243,B,1243,Really enjoying Coffee X 🤔
1244,female,1244,65+,1244,A,1244,I'll definately buy again. ngl I expected more.
1245,female,1245,65+,1245,A,1245,Very balanced flavour. Would love a decaf version. 👍
1246,male,1246,25-44,1246,B,1246,Expected better. Please introduce more roast options.
1247,female,1247,18-24,1247,B,1247,Packaging could be better. ngl I expected more.
1248,female,1248,25-44,1248,A,1248,Meh. 😕
1249,male,1249,65+,1249,A,1249,Works great with milk but black coffee isn't my favourite.
1250,female,1250,45-64,1250,B,1250,Didn't enjoy the aftertaste. 👍
1251,female,1251,65+,1251,B,1251,Really enjoying Coffee X. I drink it every morning. ☕
1252,female,1252,18-24,1252,A,1252,coffe arrived stale. Hope you keep the quality consistent.
1253,male,1253,18-24,1253,B,1253,Wouldn't buy again. 👌
1254,female,1254,65+,1254,A,1254,Pretty good overall although I expected a stronger roast. imo it's one of the better brands. 👌
1255,male,1255,25-44,1255,A,1255,Taste is nice but it's a bit pricey. ☕
1256,female,1256,45-64,1256,B,1256,Very balanced flavour. Hope you keep the quality consistent. ☕
1257,female,1257,65+,1257,A,1257,Worth every penny. ❤️
1258,female,1258,45-64,1258,B,1258,The beans smell fantastic. Would recommend it to friends. 😍
1259,male,1259,45-64,1259,B,1259,Pretty good overall although I expected a stronger roast. Please introduce more roast options. 👌
1260,female,1260,45-64,1260,B,1260,Really enjoying cofee X
1261,male,1261,25-44,1261,A,1261,Not as fresh as expected 😕
1262,female,1262,18-24,1262,A,1262,Didn't enjoy the aftertaste. Would love a decaf version. 😋
1263,female,1263,45-64,1263,B,1263,Amazing aroma. 👍
1264,male,1264,45-64,1264,A,1264,Expected better. Would recommend it to friends.
1265,female,1265,25-44,1265,B,1265,Works great with milk but black coffee isn't my favourite. Would recomend it to friends.
1266,female,1266,25-44,1266,A,1266,Worth every penny 😍
1267,female,1267,45-64,1267,B,1267,Expected better. Would love a decaf version.
1268,male,1268,65+,1268,A,1268,Not as fesh as expected
1269,female,1269,25-44,1269,A,1269,Worth every penny 😊
1270,female,1270,18-24,1270,B,1270,Bit disappointed. 😅
1271,female,1271,18-24,1271,B,1271,Super smooth taste. Not bad at all tbh. 😋
1272,male,1272,18-24,1272,A,1272,Not as fresh as expected. I drink it every morning. 😋
1273,male,1273,18-24,1273,A,1273,Amazing aroma
1274,male,1274,65+,1274,B,1274,Pretty good overall although I expected a stronger roast. 😋
1275,female,1275,25-44,1275,A,1275,Taste is nice but it's a bit pricey. Would recommend it to friends. 😕
1276,male,1276,18-24,1276,B,1276,Wouldn't buy again 😅
1277,male,1277,65+,1277,B,1277,Not as fresh as expected. Not bad at all tbh. 👎
1278,female,1278,25-44,1278,A,1278,Expected better. Delivery was really fast. ❤️
1279,female,1279,18-24,1279,A,1279,Super smooth taste 😅
1280,male,1280,65+,1280,A,1280,Coffee arrived stale ☕
1281,female,1281,25-44,1281,A,1281,Yumm 😋 👎
1282,female,1282,65+,1282,B,1282,Really enjoying Coffee X. imo it's one of the better brands. 👌
1283,female,1283,65+,1283,A,1283,Worth every penny 😅
1284,female,1284,65+,1284,B,1284,Way too expensive. Delivery was really fast. ☕
1285,male,1285,45-64,1285,A,1285,Love this coffee. Hope you keep the quality consistent.
1286,female,1286,45-64,1286,B,1286,Love this coffee
1287,female,1287,65+,1287,A,1287,Packaging could be better. 👌
1288,male,1288,65+,1288,A,1288,Super smooth taste. Hope you keep the quality consistent. ☕
1289,male,1289,45-64,1289,B,1289,Coffee arrived stale. imo it's one of the better brands. 😋
1290,female,1290,45-64,1290,B,1290,Pretty good overall although I expected a stronger roast. 🤔
1291,female,1291,18-24,1291,A,1291,Taste is nice but it's a bit pricey. Would recommend it to friends.
1292,female,1292,65+,1292,B,1292,Way too expensive. I drink it every morning. 😍
1293,female,1293,18-24,1293,A,1293,Taste is kinda weak. Would love a decaf version.
1294,female,1294,45-64,1294,A,1294,My morning feels incomplete without it. 😊
1295,female,1295,18-24,1295,B,1295,Bit disappointed. Please introduce more roast options. 😍
1296,male,1296,25-44,1296,B,1296,My morning feels incomplete without it. Would recommend it to friends. 😅
1297,male,1297,65+,1297,A,1297,Love this coffee. Not bad at all tbh.
1298,male,1298,45-64,1298,B,1298,Super smooth taste. I drink it every morning. 🤔
1299,male,1299,18-24,1299,B,1299,Didn't enjoy the aftertaste. Delivery was realy fast.
1300,female,1300,45-64,1300,B,1300,Works gr8 with milk but black coffee isn't my favourite. Not bad at all tbh.
1301,male,1301,25-44,1301,B,1301,I'll definitely buy again 👍
1302,female,1302,45-64,1302,B,1302,Amazing aroma. ngl I expected more.
1303,female,1303,18-24,1303,A,1303,Packaging looks premium but freshness could improve. Please introduce more roast options.
1304,female,1304,18-24,1304,B,1304,I'll definetly buy again. Not bad at all tbh. ☕
1305,female,1305,65+,1305,B,1305,10/10 ❤️ ❤️
1306,male,1306,65+,1306,A,1306,Really enjoying Coffee X. ngl I expected more.
1307,female,1307,18-24,1307,B,1307,Best coffee I've had in a while. I drink it every morning. 😊
1308,female,1308,18-24,1308,A,1308,The beans smell fantastic. Would recomend it to friends.
1309,male,1309,65+,1309,A,1309,Could be better.
1310,female,1310,25-44,1310,A,1310,Wouldn't buy again. Delivery was rly fast.
1311,female,1311,25-44,1311,B,1311,Best coffee I've had in a while. Would recommend it to friends. 😊
1312,male,1312,65+,1312,A,1312,Didn't enjoy the aftertaste. imo it's one of the better brands. 👎
1313,female,1313,25-44,1313,A,1313,Wouldn't buy again. I drink it every morning.
1314,female,1314,45-64,1314,B,1314,realy enjoying coffe X.
1315,male,1315,45-64,1315,B,1315,Yumm 😋 😍
1316,female,1316,25-44,1316,A,1316,Didn't enjoy the aftertaste. Would love a decaf version. 👎
1317,female,1317,45-64,1317,B,1317,My morning feels incomplete without it. ngl I expected more.
1318,male,1318,25-44,1318,B,1318,Best coffee I've had in a while 🤔
1319,male,1319,45-64,1319,A,1319,"Love the aroma, not a fan of the aftertaste. Hope you keep the qualty consistent. 😋"
1320,male,1320,18-24,1320,A,1320,Packaging looks premium but freshness could improve. Would recommend it to friends.
1321,male,1321,25-44,1321,B,1321,Taste is nice but it's a bit pricey. Please introduce more roast options. 👍
1322,male,1322,65+,1322,A,1322,The beans smell fantastic. Delivery was really fast.
1323,female,1323,18-24,1323,A,1323,Worth every penny. Not bad at all tbh.
1324,male,1324,65+,1324,A,1324,rly enjoying cofee X 😊
1325,female,1325,18-24,1325,B,1325,My morning feels incomplete without it 👍
1326,male,1326,45-64,1326,A,1326,"Love the aroma, not a fan of the aftertaste. I drink it every morning. 😕"
1327,male,1327,25-44,1327,B,1327,I'll definitely buy again. Delivery was really fast. ❤️
1328,female,1328,45-64,1328,A,1328,Very balanced flavour. 😊
1329,male,1329,25-44,1329,B,1329,Really enjoying cofee X. Would love a decaf version.
1330,female,1330,18-24,1330,A,1330,Bit disappointed. Hope you keep the quality consistent. 😋
1331,male,1331,45-64,1331,A,1331,Very balanced flavour. I drink it every morning. 👎
1332,male,1332,65+,1332,A,1332,Expected better. Not bad at all tbh. 😅
1333,male,1333,65+,1333,A,1333,Amazing aroma. Please introduce more roast options. 😍
1334,female,1334,25-44,1334,B,1334,Taste is kinda weak 😊
1335,male,1335,25-44,1335,A,1335,I'll definitely buy again. 😍
1336,male,1336,45-64,1336,B,1336,Meh. 😊
1337,female,1337,65+,1337,B,1337,Way too expensive. I drink it every morning. 😋
1338,female,1338,25-44,1338,A,1338,Love this coffe
1339,female,1339,45-64,1339,A,1339,My morning feels incomplete without it. Delivery was really fast. 😅
1340,female,1340,18-24,1340,B,1340,10/10 ❤️ 🤔
1341,female,1341,45-64,1341,B,1341,Taste is nice but it's a bit pricey. Customer service was gr8 too.
1342,female,1342,25-44,1342,A,1342,Bit disappointed. Please introduce more roast options.
1343,male,1343,18-24,1343,A,1343,Expected better. imo it's one of the better brands.
1344,male,1344,45-64,1344,B,1344,Yumm 😋 😅
1345,female,1345,45-64,1345,A,1345,Pretty good overall although I expected a stronger roast. Would recommend it to friends.
1346,male,1346,65+,1346,A,1346,Bit disappointed. imo it's one of the better brands. 😅
1347,female,1347,45-64,1347,B,1347,Worth every penny. 👎
1348,male,1348,25-44,1348,B,1348,Really enjoying coffe X. Hope you keep the quality consistent.
1349,male,1349,45-64,1349,A,1349,Not as fresh as expected. Would recommend it to friends.
1350,male,1350,25-44,1350,B,1350,Packaging looks premium but freshness could improve. Would recommend it to friends. ☕
1351,male,1351,45-64,1351,A,1351,My morning feels incomplete without it. Please introduce more roast options. 😅
1352,female,1352,18-24,1352,A,1352,Packaging could be better. imo it's one of the better brands. 👎
1353,male,1353,18-24,1353,B,1353,The beans smell fantastic.
1354,female,1354,18-24,1354,A,1354,Super smooth taste. Not bad at all tbh.
1355,male,1355,65+,1355,A,1355,Not as fresh as expected. Please introduce more roast options. 😅
1356,male,1356,18-24,1356,A,1356,cofee arrived stale.
1357,female,1357,65+,1357,B,1357,Really enjoying Coffee X. Would recomend it to friends.
1358,female,1358,25-44,1358,B,1358,Meh. 👍
1359,male,1359,25-44,1359,A,1359,Packaging could be better. Delivery was really fast. 👌
1360,female,1360,65+,1360,B,1360,Worth every penny. Customer service was great too. 👎
1361,male,1361,25-44,1361,A,1361,Packaging looks premium but freshness could improve. ngl I expected more. ☕
1362,female,1362,25-44,1362,B,1362,Amazing aroma. Customer service was great too. 😕
1363,male,1363,65+,1363,A,1363,Works gr8 with milk but black cofee isn't my favourite. ❤️
1364,male,1364,18-24,1364,A,1364,Best coffee I've had in a while. Would love a decaf version. ☕
1365,male,1365,45-64,1365,B,1365,Packaging looks premium but freshness could improve. ngl I expected more.
1366,male,1366,65+,1366,A,1366,The beans smell fantastic. I drink it every morning. ☕
1367,female,1367,25-44,1367,A,1367,Coffee arrived stale. Delivery was really fast. 👌
1368,male,1368,45-64,1368,A,1368,Super smooth taste. ngl I expected more. 👍
1369,male,1369,65+,1369,A,1369,cofee arrived stale. ngl I expected more.
1370,male,1370,25-44,1370,A,1370,Packaging looks premium but freshness could improve. Not bad at all tbh.
1371,female,1371,45-64,1371,B,1371,Worth every penny. Hope you keep the qualty consistent.
1372,male,1372,25-44,1372,A,1372,Best coffee I've had in a while. Customer service was great too. 😅
1373,male,1373,18-24,1373,A,1373,My morning feels incomplete without it 😊
1374,female,1374,25-44,1374,A,1374,Amazing aroma 😕
1375,female,1375,45-64,1375,B,1375,Works gr8 with milk but black coffee isn't my favourite.
1376,male,1376,45-64,1376,A,1376,My morning feels incomplete without it. 😕
1377,male,1377,25-44,1377,B,1377,Amazing aroma. imo it's one of the better brands. 👌
1378,female,1378,65+,1378,A,1378,Super smooth taste. Delivery was really fast. 😍
1379,male,1379,45-64,1379,B,1379,Taste is nice but it's a bit pricey. Hope you keep the quality consistent. 👍
1380,female,1380,18-24,1380,B,1380,Amazing aroma. Customer service was great too. 👌
1381,female,1381,65+,1381,B,1381,Way too expensive
1382,female,1382,18-24,1382,A,1382,Too bitter for me. Delivery was really fast. ❤️
1383,male,1383,25-44,1383,A,1383,Expected better. I drink it every morning.
1384,female,1384,65+,1384,A,1384,Packaging could be better 👍
1385,female,1385,45-64,1385,A,1385,Packaging looks premium but freshness could improve. I drink it every morning. 😋
1386,female,1386,18-24,1386,A,1386,Packaging could be better. Would love a decaf version.
1387,male,1387,65+,1387,B,1387,Coffee arrived stale. Not bad at all tbh. 👎
1388,male,1388,65+,1388,B,1388,Pretty good overall although I expected a stronger roast. Please introduce more roast options. 😊
1389,male,1389,18-24,1389,B,1389,Didn't enjoy the aftertaste. 😍
1390,male,1390,45-64,1390,B,1390,My morning feels incomplete without it. Not bad at all tbh.
1391,male,1391,45-64,1391,A,1391,Packaging could be better. Customer service was great too.
1392,female,1392,65+,1392,B,1392,Love this coffe Please introduce more roast options.
1393,female,1393,25-44,1393,A,1393,Packaging looks premium but freshness could improve. Would recommend it to friends. 😕
1394,male,1394,65+,1394,A,1394,Worth every penny. Hope you keep the quality consistent. 👍
1395,male,1395,45-64,1395,A,1395,Best coffee I've had in a while. imo it's one of the better brands.
1396,male,1396,45-64,1396,B,1396,Too bitter for me. Delivery was really fast. 😅
1397,female,1397,45-64,1397,B,1397,Best coffee I've had in a while. Would recommend it to friends. ❤️
1398,female,1398,25-44,1398,B,1398,Taste is nice but it's a bit pricey. ngl I expected more. 😍
1399,female,1399,45-64,1399,A,1399,Super smooth taste. I drink it every morning.
1400,female,1400,25-44,1400,B,1400,Didn't enjoy the aftertaste. Delivery was really fast.
1401,female,1401,18-24,1401,A,1401,Not as fesh as expected. Would love a decaf version.
1402,female,1402,25-44,1402,A,1402,Packaging could be better. Hope you keep the quality consistent.
1403,male,1403,65+,1403,A,1403,Pretty good overall although I expected a stronger roast. Hope you keep the quality consistent.
1404,male,1404,25-44,1404,A,1404,Worth every penny. Delivery was really fast. ☕
1405,female,1405,45-64,1405,A,1405,Coffee arrived stale.
1406,male,1406,25-44,1406,A,1406,Not bad. 😕
1407,male,1407,45-64,1407,B,1407,It's okay. 😕
1408,female,1408,45-64,1408,A,1408,Way too expensive. Delivery was really fast.
1409,male,1409,45-64,1409,A,1409,Not bad. 😅
1410,female,1410,45-64,1410,B,1410,"Love the aroma, not a fan of the aftertaste. ngl I expected more. 😅"
1411,female,1411,45-64,1411,B,1411,Love this coffee. 👌
1412,female,1412,25-44,1412,A,1412,Not as fresh as expected. imo it's one of the better brands. 😅
1413,female,1413,18-24,1413,B,1413,coffe arrived stale.
1414,female,1414,18-24,1414,B,1414,Super smooth taste. Please introduce more roast options.
1415,male,1415,25-44,1415,B,1415,Didn't enjoy the aftertaste. imo it's one of the better brands. ☕
1416,female,1416,18-24,1416,B,1416,Pretty good overall although I expected a stronger roast. imo it's one of the better brands. 😍
1417,female,1417,25-44,1417,B,1417,My morning feels incomplete without it. I drink it every morning. 😕
1418,male,1418,45-64,1418,A,1418,Bit disappointed.
1419,male,1419,45-64,1419,A,1419,Way too expensive. Would love a decaf version. ☕
1420,male,1420,45-64,1420,B,1420,Taste is kinda weak 😕
1421,female,1421,25-44,1421,A,1421,Amazing aroma. Not bad at all tbh. ☕
1422,male,1422,65+,1422,B,1422,Love this coffee. Hope you keep the qualty consistent.
1423,male,1423,45-64,1423,A,1423,Best coffee I've had in a while. I drink it every morning.
1424,female,1424,18-24,1424,A,1424,Super smooth taste. 👍
1425,female,1425,45-64,1425,A,1425,Worth every penny. Would recommend it to friends. 👎
1426,male,1426,25-44,1426,A,1426,Works great with milk but black coffee isn't my favourite. ngl I expected more. 😊
1427,male,1427,65+,1427,A,1427,Way too expensive ❤️
1428,female,1428,25-44,1428,A,1428,Love this coffe Would love a decaf version. ❤️
1429,male,1429,65+,1429,A,1429,Works gr8 with milk but black coffee isn't my favourite. 😅
1430,female,1430,45-64,1430,A,1430,Wouldn't buy again. Hope you keep the quality consistent.
1431,female,1431,25-44,1431,A,1431,Super smooth taste. Hope you keep the quality consistent.
1432,male,1432,65+,1432,B,1432,Coffee arrived stale. imo it's one of the better brands. 🤔
1433,female,1433,45-64,1433,A,1433,My morning feels incomplete without it. Please introduce more roast options. 😍
1434,female,1434,65+,1434,B,1434,Yumm 😋 😕
1435,male,1435,25-44,1435,A,1435,Worth every penny ☕
1436,female,1436,65+,1436,B,1436,Too bitter for me. Not bad at all tbh. 😅
1437,male,1437,18-24,1437,B,1437,Taste is nice but it's a bit pricey. 😊
1438,male,1438,25-44,1438,B,1438,Best coffee I've had in a while. imo it's one of the better brands. 😕
1439,female,1439,18-24,1439,B,1439,Not as fresh as expected. ❤️
1440,male,1440,18-24,1440,A,1440,Amazing aroma. 😊
1441,female,1441,18-24,1441,B,1441,Very balanced flavour. 👌
1442,female,1442,65+,1442,A,1442,Very balanced flavour. ngl I expected more. 😍
1443,male,1443,25-44,1443,B,1443,Super smooth taste. Customer service was gr8 too.
1444,female,1444,65+,1444,A,1444,I'll definitely buy again. 👎
1445,male,1445,45-64,1445,A,1445,Love this coffee 😋
1446,female,1446,25-44,1446,B,1446,Super smooth taste 👌
1447,male,1447,18-24,1447,A,1447,Amazing aroma. Not bad at all tbh.
1448,male,1448,25-44,1448,B,1448,Not as fesh as expected. Would reccomend it to friends.
1449,female,1449,65+,1449,A,1449,I'll definitely buy again. Would recommend it to friends. ❤️
1450,female,1450,65+,1450,A,1450,My morning feels incomplete without it. Would love a decaf version.
1451,female,1451,25-44,1451,B,1451,Amazing aroma 😅
1452,male,1452,45-64,1452,B,1452,Amazing aroma. Would love a decaf version. 👎
1453,female,1453,18-24,1453,B,1453,Taste is kinda weak. Would love a decaf version. 🤔
1454,female,1454,25-44,1454,A,1454,Taste is kinda weak. ngl I expected more.
1455,male,1455,45-64,1455,A,1455,Super smooth taste. Customer service was great too. ☕
1456,female,1456,45-64,1456,A,1456,I'll definitely buy again. I drink it every morning. 👌
1457,female,1457,65+,1457,A,1457,Best coffe I've had in a while.
1458,male,1458,25-44,1458,B,1458,Coffee arrived stale. Hope you keep the qualty consistent. 🤔
1459,male,1459,25-44,1459,A,1459,Works gr8 with milk but black cofee isn't my favourite. Delivery was really fast.
1460,male,1460,45-64,1460,A,1460,Wouldn't buy again. Not bad at all tbh. 😕
1461,male,1461,25-44,1461,A,1461,Amazing aroma. Hope you keep the quality consistent. 👎
1462,male,1462,25-44,1462,A,1462,My morning feels incomplete without it. Delivery was really fast.
1463,male,1463,18-24,1463,B,1463,I'll definitely buy again. Would recommend it to friends. 😋
1464,male,1464,18-24,1464,B,1464,Amazing aroma 😊
1465,male,1465,65+,1465,B,1465,Wouldn't buy again. Customer service was great too. 😅
1466,male,1466,25-44,1466,B,1466,Amazing aroma. ngl I expected more. 😕
1467,female,1467,65+,1467,B,1467,"Love the aroma, not a fan of the aftertaste. 😋"
1468,male,1468,18-24,1468,B,1468,Works gr8 with milk but black cofee isn't my favourite. Customer service was great too.
1469,male,1469,25-44,1469,A,1469,My morning feels incomplete without it. I drink it every morning. 😅
1470,female,1470,65+,1470,A,1470,Expected better 😅
1471,male,1471,25-44,1471,B,1471,Pretty good overall although I expected a stronger roast. I drink it every morning. 😋
1472,male,1472,65+,1472,B,1472,Didn't enjoy the aftertaste. Hope you keep the quality consistent. 😊
1473,female,1473,45-64,1473,A,1473,Love it ☕ ❤️
1474,male,1474,45-64,1474,A,1474,My morning feels incomplete without it. Please introduce more roast options. 👌
1475,female,1475,25-44,1475,A,1475,My morning feels incomplete without it. Customer service was great too. 😍
1476,male,1476,65+,1476,A,1476,Too bitter for me. ☕
1477,female,1477,25-44,1477,A,1477,Very balanced flavour. imo it's one of the better brands.
1478,female,1478,25-44,1478,A,1478,Didn't enjoy the aftertaste. imo it's one of the better brands. 😊
1479,male,1479,65+,1479,B,1479,Meh. 😅
1480,female,1480,65+,1480,B,1480,Super smooth taste. Delivery was really fast.
1481,female,1481,45-64,1481,B,1481,Super smooth taste. Customer service was great too. 👌
1482,male,1482,25-44,1482,B,1482,Taste is nice but it's a bit pricey. Hope you keep the quality consistent. 👎
1483,male,1483,45-64,1483,B,1483,Worth every penny. imo it's one of the better brands. ❤️
1484,female,1484,18-24,1484,B,1484,Works great with milk but black coffee isn't my favourite. ngl I expected more. 😍
1485,male,1485,18-24,1485,A,1485,Very balanced flavour 👌
1486,male,1486,45-64,1486,B,1486,Love this coffee. 😅
1487,male,1487,25-44,1487,B,1487,Pretty good! ❤️
1488,female,1488,25-44,1488,A,1488,Pretty good overall although I expected a stronger roast. ❤️
1489,female,1489,65+,1489,B,1489,I'll definitely buy again. Hope you keep the quality consistent. 😅
1490,male,1490,65+,1490,A,1490,Very balanced flavour ❤️
1491,male,1491,45-64,1491,A,1491,Wouldn't buy again. Would love a decaf version. 😅
1492,female,1492,45-64,1492,A,1492,Too bitter for me. Delivery was really fast. 😕
1493,male,1493,18-24,1493,A,1493,Super smooth taste. Would recomend it to friends.
1494,male,1494,45-64,1494,B,1494,Didn't enjoy the aftertaste.
1495,female,1495,65+,1495,A,1495,Really enjoying Coffee X. imo it's one of the better brands. 😊
1496,female,1496,65+,1496,B,1496,Bit disappointed 👌
1497,female,1497,18-24,1497,A,1497,Taste is kinda weak. Hope you keep the quality consistent.
1498,female,1498,18-24,1498,B,1498,Packaging looks premium but freshness could improve. Would love a decaf version. 😍
1499,female,1499,65+,1499,B,1499,My morning feels incomplete without it. 👎
1500,male,1500,25-44,1500,A,1500,Not as fesh as expected. Delivery was really fast.
